0,1,2,3,4,5,6,7,8,9
0.072,-0.038,0.106,0.028,0.034,-0.069,0.148,0.156,-0.122,-0.096
0.197,-0.046,-0.137,0.088,0.16,0.024,-0.137,-0.029,0.163,0.043
0.042,0.089,-0.078,0.071,0.099,0.245,0.001,-0.095,0.121,0.178
0.079,0.105,-0.014,-0.143,0.069,0.074,-0.104,0.195,0.086,0.174
-0.026,-0.186,-0.148,0.016,0.017,0.038,-0.207,0.111,-0.025,0.051
-0.025,0.169,-0.072,-0.146,-0.031,0.086,-0.16,-0.027,0.014,0.06
-0.103,-0.001,-0.063,-0.136,-0.151,0.022,-0.165,0.013,0.149,-0.005
0.017,-0.065,-0.111,0.039,-0.129,0.004,0.03,-0.25,0.212,-0.048
0.081,-0.075,-0.086,0.17,-0.186,-0.334,0.023,0.03,0.037,0.055
0.179,0.112,0.099,0.097,-0.032,-0.091,0.057,-0.076,0.128,-0.029
0.286,-0.023,-0.085,-0.015,0.112,0.047,0.127,0.007,-0.228,-0.255
0.144,0.043,0.066,0.118,0.24,-0.23,0.134,0.001,-0.111,-0.061
0.288,0.064,0.073,0.154,0.183,-0.012,0.127,0.003,-0.087,0.029
0.2,0.171,0.065,-0.014,0.177,-0.143,-0.002,-0.166,-0.164,-0.007
0.102,0.054,0.161,0.07,0.164,-0.125,0.125,0.081,-0.085,0.116
-0.05,0.14,0.038,0.073,0.357,0.013,-0.007,0.144,-0.044,0.05
-0.168,0.265,0.077,-0.22,0.063,-0.054,0.105,-0.026,0.14,0.095
-0.074,0.383,0.024,0.018,0.183,0.062,0.31,-0.004,0.186,0.224
-0.055,0.105,0.041,0.0,0.152,0.082,0.129,-0.181,0.046,0.171
-0.144,0.333,-0.025,-0.135,0.103,0.086,0.225,-0.088,0.031,0.17
-0.007,-0.018,0.148,0.068,0.055,-0.109,-0.008,-0.147,0.301,0.074
-0.155,-0.069,0.061,0.015,0.103,0.168,0.101,-0.024,0.114,0.227
-0.042,-0.073,0.041,-0.041,0.203,0.045,0.116,-0.069,0.026,0.136
-0.057,-0.027,0.147,0.048,0.089,0.021,-0.071,0.034,0.097,-0.064
0.146,0.061,0.238,0.019,0.217,0.062,-0.362,-0.093,-0.05,0.087
0.038,0.096,0.113,0.034,0.103,0.116,-0.025,0.04,-0.001,-0.227
-0.021,0.056,-0.043,0.093,0.028,0.179,0.09,-0.114,0.037,0.148
0.204,0.009,-0.093,-0.037,0.063,0.048,-0.042,-0.12,-0.047,0.089
-0.198,0.147,-0.089,-0.003,-0.037,-0.008,0.221,0.217,-0.007,0.045
0.06,0.106,-0.092,0.009,-0.14,-0.057,-0.03,-0.049,0.067,0.153
-0.101,0.003,0.251,-0.154,0.079,-0.287,0.028,0.065,0.053,-0.167
-0.097,0.066,-0.075,-0.043,-0.072,-0.023,0.023,0.05,-0.032,0.07
0.104,0.124,-0.003,-0.006,-0.082,-0.249,-0.277,-0.02,-0.01,-0.212
0.122,0.203,-0.179,0.037,-0.184,-0.031,0.07,0.003,-0.156,-0.083
-0.187,-0.066,-0.063,-0.097,-0.195,-0.001,0.127,-0.129,-0.286,-0.022
-0.02,-0.002,0.099,-0.158,0.064,0.018,0.075,-0.1,-0.067,-0.033
0.02,-0.001,-0.049,-0.07,-0.029,-0.058,0.255,-0.104,-0.156,-0.006
-0.143,-0.14,0.229,-0.059,0.139,0.071,0.074,-0.074,-0.197,-0.176
-0.021,-0.05,-0.062,0.166,0.05,0.211,0.034,0.027,-0.263,0.015
-0.169,0.056,0.019,0.011,0.087,-0.036,0.02,0.113,-0.223,0.022
-0.1,0.09,0.199,0.058,0.15,0.068,0.087,0.254,-0.223,-0.16
-0.139,0.094,-0.048,0.037,0.321,-0.108,-0.017,0.122,-0.303,-0.056
-0.147,0.121,0.003,0.095,-0.09,0.167,-0.015,-0.04,-0.3,0.037
-0.273,0.037,0.103,0.008,0.036,-0.062,0.031,0.106,0.036,-0.173
-0.083,0.111,0.059,0.031,0.021,0.022,-0.189,-0.012,-0.1,-0.041
-0.121,-0.158,0.104,-0.042,0.099,0.05,0.159,-0.076,-0.035,0.123
-0.235,0.182,-0.028,0.109,-0.028,0.191,0.012,-0.094,0.022,0.086
-0.273,0.083,0.149,0.059,0.101,0.013,-0.048,-0.072,-0.095,-0.104
-0.224,0.07,0.103,0.115,0.092,0.124,0.052,0.07,0.037,0.089
-0.291,0.131,0.187,-0.022,-0.077,0.095,-0.025,-0.004,0.048,-0.046
-0.148,0.103,0.009,-0.0,0.001,0.168,-0.179,-0.085,-0.11,0.1
0.002,-0.214,-0.059,0.104,-0.077,0.081,0.114,-0.05,-0.121,0.127
-0.068,0.028,-0.011,-0.017,-0.034,0.021,0.06,-0.079,0.077,-0.036
-0.051,-0.104,-0.199,-0.165,-0.154,0.035,-0.088,-0.077,-0.049,-0.035
-0.135,-0.188,0.182,-0.099,-0.058,-0.002,-0.147,-0.133,-0.16,-0.045
-0.018,-0.088,0.016,0.085,-0.298,0.084,-0.016,-0.037,0.047,-0.055
-0.123,-0.108,-0.067,0.01,-0.166,0.002,-0.131,-0.063,-0.049,-0.089
0.061,-0.158,-0.068,0.054,-0.101,0.164,0.004,-0.09,-0.17,-0.033
-0.238,-0.116,-0.05,-0.073,0.011,-0.054,-0.161,0.042,0.064,-0.172
-0.102,-0.161,-0.193,0.09,0.164,0.034,-0.0,0.045,-0.1,-0.068
-0.102,-0.133,-0.26,-0.148,-0.077,-0.105,-0.058,0.101,0.081,-0.022
-0.282,-0.069,-0.076,0.064,-0.006,-0.367,-0.086,-0.005,0.143,0.091
-0.073,-0.013,-0.062,-0.036,-0.166,-0.176,-0.218,0.109,0.119,0.228
0.022,-0.013,-0.067,-0.256,-0.17,-0.183,-0.049,0.053,0.097,-0.135
0.028,-0.011,-0.125,-0.091,-0.134,-0.172,0.046,0.064,-0.124,0.053
0.021,-0.006,-0.148,-0.087,-0.161,-0.213,0.056,-0.096,0.024,0.038
-0.073,-0.156,-0.165,-0.139,0.057,-0.168,0.16,-0.21,-0.001,-0.105
0.031,-0.124,0.026,-0.126,0.126,-0.184,-0.04,-0.043,0.035,0.05
0.015,-0.129,0.006,-0.21,-0.075,-0.414,0.034,-0.061,0.06,0.039
-0.09,-0.082,0.126,-0.017,0.16,-0.185,-0.001,-0.053,0.005,-0.025
-0.072,-0.056,0.02,0.002,-0.023,0.04,-0.061,-0.126,0.072,0.022
0.019,-0.13,0.08,-0.143,-0.173,0.15,-0.253,0.007,-0.255,-0.026
0.004,-0.05,0.096,0.061,0.051,0.004,-0.108,-0.271,-0.044,-0.071
-0.111,-0.131,0.054,0.223,-0.222,-0.116,-0.173,-0.023,0.09,-0.172
0.047,-0.279,-0.114,0.024,-0.303,0.014,0.041,0.055,-0.067,-0.094
-0.079,-0.147,-0.115,0.114,0.01,0.007,-0.08,-0.092,0.057,-0.013
0.004,-0.191,0.104,-0.054,-0.162,-0.23,-0.177,0.145,0.12,-0.05
0.055,-0.162,-0.116,0.007,-0.092,-0.05,0.107,-0.028,0.135,0.009
0.043,-0.203,0.035,0.15,-0.217,-0.039,-0.183,0.028,0.102,0.049
0.034,-0.111,0.228,-0.02,-0.06,-0.051,-0.125,-0.058,0.003,0.089
0.138,-0.083,-0.093,0.093,-0.058,-0.002,-0.217,-0.053,0.089,0.012
0.113,-0.092,-0.016,0.155,-0.19,-0.127,-0.259,0.166,0.135,0.002
0.196,-0.164,-0.063,0.061,-0.175,0.132,-0.126,-0.026,0.103,0.053
0.078,-0.164,-0.166,0.113,-0.345,0.062,-0.041,-0.016,0.07,-0.044
0.173,-0.106,-0.176,0.074,-0.161,-0.035,-0.138,0.012,0.157,-0.039
0.152,-0.126,-0.205,0.014,-0.088,0.006,-0.239,-0.125,-0.04,-0.136
0.193,-0.121,-0.065,-0.196,-0.225,-0.097,-0.091,-0.023,0.066,0.084
0.063,-0.134,-0.173,0.033,-0.03,0.045,0.025,-0.088,-0.033,0.074
-0.291,-0.1,-0.026,-0.217,-0.301,0.109,-0.07,-0.21,0.07,-0.016
-0.124,-0.063,0.06,0.134,-0.049,0.011,0.109,-0.078,-0.117,-0.286
0.078,-0.247,0.024,0.013,0.055,-0.009,0.015,0.072,0.078,0.025
-0.023,0.046,0.057,0.141,0.126,0.22,0.087,-0.008,0.076,-0.106
-0.031,-0.106,0.031,0.135,0.144,-0.046,0.185,0.047,-0.068,-0.018
0.022,-0.096,0.233,0.048,-0.069,0.18,0.033,0.055,-0.088,0.069
-0.155,-0.035,0.28,0.155,0.207,0.234,0.002,-0.019,0.102,0.046
-0.059,0.078,0.054,0.093,0.045,0.214,0.069,0.338,-0.024,-0.099
-0.048,-0.015,-0.008,0.269,0.051,0.138,-0.094,-0.004,0.067,0.101
-0.087,-0.019,-0.016,-0.012,-0.066,-0.033,-0.001,0.089,0.107,0.091
0.107,0.099,-0.005,0.107,0.066,0.195,-0.098,0.08,0.104,0.075
0.021,-0.044,-0.057,-0.123,-0.179,-0.033,0.0,0.258,0.121,0.058
-0.021,0.003,-0.052,-0.168,0.023,-0.026,-0.029,-0.082,-0.138,0.131
-0.021,0.018,0.103,-0.086,0.139,0.135,0.016,0.008,0.273,0.034
-0.001,0.112,-0.071,0.097,-0.044,0.062,0.001,-0.222,0.0,0.103
0.04,0.27,-0.039,0.05,0.02,0.103,-0.052,-0.258,0.102,0.12
-0.004,0.033,0.027,0.075,-0.056,0.029,0.2,-0.311,0.118,0.282
-0.009,-0.179,0.089,-0.087,-0.057,0.013,0.024,-0.195,0.195,-0.031
-0.085,0.22,0.154,-0.189,0.083,-0.074,0.108,-0.019,0.136,0.035
0.163,-0.061,0.043,-0.005,0.056,0.13,0.21,-0.151,0.112,0.076
0.094,0.064,0.136,0.001,0.052,0.246,0.114,0.032,0.098,0.086
-0.016,0.036,0.138,0.063,0.227,0.128,0.008,-0.025,0.156,0.03
0.184,-0.067,0.079,0.019,0.141,0.193,0.049,-0.089,-0.046,0.175
-0.036,0.016,0.061,0.052,0.16,0.188,-0.081,0.003,0.159,0.065
-0.028,0.055,0.08,0.07,-0.062,0.219,0.176,-0.011,0.211,0.356
0.259,0.081,0.068,0.042,0.066,-0.004,-0.117,0.046,0.06,0.121
0.048,0.104,0.041,0.059,0.115,0.005,0.014,0.104,0.066,0.124
-0.017,0.093,0.164,-0.07,-0.004,-0.046,-0.004,-0.062,0.158,0.144
0.184,0.072,0.225,0.058,0.053,-0.14,0.003,0.215,0.147,0.21
-0.028,-0.012,-0.106,0.105,-0.046,0.092,0.11,-0.07,0.066,0.015
0.033,-0.114,0.125,0.16,0.08,0.112,0.061,-0.12,0.062,-0.115
0.17,0.072,-0.074,0.103,0.055,0.033,0.21,0.106,-0.067,0.153
0.107,-0.06,0.112,-0.009,-0.029,0.06,0.144,-0.184,-0.076,-0.047
-0.038,0.018,0.053,0.093,-0.029,0.188,0.15,-0.135,0.038,-0.063
0.104,-0.014,-0.033,0.094,0.005,-0.134,-0.023,0.14,0.159,0.04
0.168,-0.063,0.148,0.08,0.058,0.001,-0.032,-0.161,0.036,-0.04
-0.108,0.013,0.187,-0.012,0.016,0.225,-0.123,0.151,-0.051,0.148
-0.033,0.05,0.028,0.227,-0.154,0.115,-0.07,-0.017,0.154,-0.074
-0.115,0.104,0.051,0.232,0.038,0.229,-0.047,0.022,-0.06,-0.156
-0.051,0.034,-0.012,0.042,-0.148,0.018,-0.064,-0.032,-0.121,-0.066
-0.173,0.027,-0.034,0.183,0.023,0.093,-0.08,-0.004,-0.052,-0.161
-0.082,0.133,0.086,-0.046,0.022,-0.0,0.026,0.218,-0.071,-0.087
-0.164,0.036,0.021,-0.023,0.089,-0.069,-0.02,0.129,-0.215,-0.191
-0.044,0.086,-0.023,-0.201,-0.123,0.012,-0.134,0.109,-0.197,-0.018
-0.29,-0.137,0.082,-0.137,0.212,0.061,0.03,-0.153,-0.265,-0.044
-0.164,0.027,0.127,-0.058,0.068,0.129,0.024,0.018,-0.111,0.006
-0.124,-0.185,0.041,-0.057,-0.129,0.037,0.044,0.056,0.05,0.171
-0.143,-0.016,0.137,0.014,0.095,0.055,0.079,-0.132,0.008,-0.064
-0.122,-0.066,-0.098,-0.071,0.063,0.094,-0.04,0.047,0.083,-0.017
0.273,0.003,0.015,-0.061,-0.125,0.044,0.106,-0.159,0.088,0.099
0.114,0.063,-0.1,-0.111,0.095,0.174,0.158,0.028,0.244,-0.211
-0.014,0.051,-0.009,-0.035,0.165,-0.052,0.013,-0.125,0.082,-0.132
0.212,0.05,-0.101,0.083,-0.014,-0.021,-0.03,-0.159,0.192,0.156
0.096,0.034,-0.139,0.028,0.027,0.122,0.03,-0.096,0.136,-0.03
0.008,0.293,-0.234,-0.023,-0.029,0.016,-0.047,-0.268,-0.007,0.057
0.105,0.057,-0.134,0.041,-0.171,-0.08,0.27,-0.132,0.136,0.142
0.162,0.02,-0.077,-0.085,-0.116,-0.163,0.014,-0.189,0.112,-0.209
0.179,-0.086,-0.124,-0.26,-0.07,-0.087,0.23,-0.073,0.108,0.0
0.109,-0.098,-0.053,0.055,0.088,-0.146,0.108,0.079,0.03,-0.16
0.279,0.031,0.106,-0.01,0.163,-0.064,0.074,-0.124,0.128,-0.109
0.093,0.086,0.149,-0.07,0.053,0.014,-0.065,-0.053,-0.085,0.122
0.166,-0.044,-0.035,-0.132,0.002,0.14,0.113,-0.001,-0.177,-0.104
0.04,0.057,0.068,0.043,0.112,-0.013,0.132,-0.043,0.091,-0.114
0.131,-0.158,-0.025,-0.162,-0.05,-0.003,0.057,-0.087,0.033,-0.031
0.149,-0.03,0.059,-0.024,0.014,0.116,-0.024,-0.02,-0.152,0.007
0.159,-0.2,0.093,-0.058,0.047,-0.053,-0.043,-0.153,-0.046,0.008
-0.036,-0.044,-0.127,-0.054,-0.086,0.106,-0.143,0.027,0.057,0.13
-0.11,-0.04,-0.01,0.087,-0.02,0.085,-0.057,-0.042,-0.027,-0.005
0.067,-0.047,-0.009,0.059,-0.246,-0.04,0.032,-0.037,-0.034,0.033
0.03,0.016,0.061,-0.096,0.097,0.068,-0.058,0.16,-0.133,-0.067
-0.08,-0.2,0.181,-0.157,0.107,0.081,0.091,-0.026,-0.202,-0.079
-0.058,0.044,0.146,-0.118,0.049,0.017,0.056,0.112,-0.157,-0.302
-0.033,0.002,0.1,-0.105,0.268,0.105,0.006,-0.143,-0.111,0.056
0.011,0.099,0.213,0.102,0.064,0.066,0.128,-0.046,-0.156,-0.074
-0.048,-0.014,0.049,0.061,0.064,0.186,0.016,-0.004,-0.15,-0.088
-0.011,0.136,-0.056,0.273,0.139,0.143,0.107,-0.033,-0.062,0.036
-0.068,-0.025,0.172,0.233,0.081,-0.054,0.163,-0.04,-0.072,0.026
0.064,0.052,0.136,0.018,0.028,0.196,-0.03,0.011,0.066,0.016
0.017,0.214,0.244,0.04,-0.003,-0.015,-0.183,0.121,-0.027,0.134
0.037,-0.078,0.027,0.374,0.032,0.184,-0.039,0.265,0.11,-0.021
-0.065,0.087,-0.144,0.029,-0.125,0.161,-0.098,0.23,0.009,0.075
-0.052,-0.081,-0.113,0.162,0.027,0.109,-0.129,0.281,-0.008,-0.054
-0.01,-0.027,-0.038,0.037,-0.056,-0.022,0.069,0.145,0.024,0.07
-0.173,-0.144,-0.261,0.123,-0.022,0.172,0.052,0.281,-0.012,0.163
-0.084,-0.143,-0.219,-0.029,0.176,0.166,0.104,0.087,0.056,0.11
-0.042,0.043,0.096,-0.092,0.183,-0.126,-0.118,0.105,-0.011,-0.075
-0.002,0.004,0.221,-0.119,0.137,-0.072,-0.076,0.189,0.013,0.132
-0.049,0.022,0.131,0.052,0.049,0.072,-0.135,-0.143,-0.028,0.087
-0.141,-0.056,-0.048,0.185,0.183,0.126,-0.182,-0.153,-0.048,0.162
-0.234,0.106,0.077,0.256,-0.093,0.108,-0.117,-0.052,0.025,0.049
-0.123,0.046,-0.059,0.033,-0.111,0.147,-0.036,0.175,0.139,0.181
0.001,0.007,-0.134,0.099,0.073,0.105,-0.003,0.026,-0.054,0.082
-0.172,-0.079,-0.095,0.063,-0.151,-0.037,0.096,0.302,-0.007,-0.153
-0.104,-0.176,0.107,0.186,-0.152,-0.107,0.031,-0.032,0.046,0.227
-0.056,-0.094,-0.077,-0.05,0.183,-0.01,-0.131,-0.029,0.106,-0.026
-0.109,-0.132,-0.096,0.087,-0.035,-0.149,-0.247,0.152,-0.082,-0.086
-0.102,-0.266,-0.138,0.005,0.14,0.135,-0.014,0.018,-0.029,-0.017
-0.098,0.079,0.027,-0.295,-0.132,-0.084,-0.081,0.01,-0.002,-0.23
-0.102,-0.046,-0.129,-0.116,-0.205,-0.068,-0.069,-0.008,-0.126,-0.053
-0.04,-0.226,0.06,-0.002,0.126,-0.04,0.002,-0.098,-0.15,-0.225
-0.07,0.055,0.189,-0.115,-0.124,-0.068,-0.096,-0.169,-0.174,-0.29
-0.101,-0.1,0.047,-0.221,-0.124,-0.027,-0.052,-0.039,-0.246,-0.159
-0.107,-0.188,0.093,-0.071,-0.024,-0.067,-0.074,-0.136,0.038,0.063
-0.056,-0.136,0.008,-0.183,-0.1,-0.139,-0.126,-0.176,-0.09,-0.103
-0.188,-0.098,-0.137,0.109,0.036,0.174,0.087,-0.126,-0.191,-0.238
-0.06,-0.046,0.017,-0.147,-0.066,0.153,-0.239,-0.147,0.046,-0.059
-0.081,-0.168,-0.065,-0.137,0.035,-0.074,-0.034,-0.168,0.012,-0.013
-0.168,0.012,-0.198,-0.004,0.054,-0.087,0.094,0.023,-0.054,-0.022
-0.126,-0.074,-0.155,-0.102,-0.054,0.089,0.024,-0.126,-0.18,-0.037
-0.209,-0.1,0.064,-0.015,-0.066,-0.062,-0.126,0.071,0.012,-0.029
-0.032,-0.065,-0.135,0.064,-0.007,-0.095,-0.059,-0.085,-0.068,0.039
-0.069,-0.096,-0.021,-0.075,-0.085,-0.013,-0.005,0.178,0.229,0.03
0.188,-0.003,-0.073,-0.009,0.018,-0.19,-0.085,0.057,-0.039,-0.212
0.183,0.067,-0.016,0.056,-0.08,0.014,-0.179,-0.021,0.006,-0.045
-0.136,0.027,-0.049,-0.107,-0.293,-0.265,-0.104,0.002,-0.004,0.093
0.13,0.009,-0.106,-0.074,-0.071,-0.097,-0.112,0.056,-0.041,-0.002
-0.083,-0.04,-0.377,-0.045,-0.002,0.101,-0.01,0.161,-0.16,-0.104
-0.225,-0.118,-0.079,0.006,-0.287,-0.093,-0.133,-0.044,0.15,-0.036
-0.145,-0.042,-0.025,-0.092,-0.0,-0.042,-0.024,0.141,-0.072,-0.035
0.028,0.099,-0.105,-0.333,-0.086,0.044,-0.104,0.082,-0.098,0.074
-0.106,-0.019,0.084,0.106,-0.275,-0.203,-0.218,-0.078,0.16,-0.015
-0.063,0.033,0.071,0.0,-0.186,0.106,-0.014,-0.133,-0.245,-0.178
0.007,-0.01,0.039,-0.065,-0.255,-0.023,0.12,0.205,0.146,0.043
0.06,-0.098,-0.014,0.073,-0.006,0.012,0.04,-0.025,-0.017,-0.215
-0.123,0.089,-0.041,0.046,-0.066,0.026,-0.06,0.086,0.089,-0.177
0.03,0.166,-0.004,-0.022,0.149,-0.181,-0.072,-0.104,0.077,-0.089
0.007,-0.15,-0.083,-0.013,0.02,-0.024,-0.085,-0.049,0.003,-0.003
-0.023,0.076,0.021,0.036,-0.067,-0.077,0.097,0.012,-0.123,0.074
0.055,0.051,-0.038,0.016,-0.195,-0.129,0.138,-0.127,0.133,-0.111
-0.14,0.048,0.181,-0.003,-0.031,-0.024,0.04,0.004,-0.272,-0.194
-0.198,0.009,0.122,0.117,0.049,-0.003,0.092,0.054,-0.245,0.081
-0.183,-0.05,0.066,-0.023,0.003,0.01,0.098,0.098,-0.099,0.107
-0.092,0.023,0.188,0.099,-0.092,0.044,0.171,0.077,-0.039,0.255
-0.148,-0.193,-0.023,0.115,-0.038,0.157,0.083,-0.028,-0.069,0.002
-0.221,-0.051,-0.009,-0.112,0.069,-0.012,-0.047,0.198,0.088,0.041
0.014,-0.133,0.033,0.034,-0.015,0.123,0.098,0.023,0.23,-0.007
-0.065,-0.189,0.082,0.11,-0.049,-0.052,-0.106,0.058,-0.054,0.131
0.0,0.019,-0.123,-0.04,0.02,0.065,-0.158,0.049,-0.005,-0.237
-0.143,-0.227,0.064,0.027,0.032,0.046,-0.105,0.144,-0.041,-0.081
-0.03,-0.173,-0.052,0.017,-0.004,0.08,-0.022,0.132,0.206,-0.034
0.052,0.04,-0.153,0.038,-0.171,-0.076,-0.074,0.058,-0.073,0.007
0.079,-0.204,-0.032,-0.054,-0.021,-0.134,-0.139,0.009,0.118,-0.132
0.157,-0.049,-0.002,-0.132,0.145,-0.214,-0.173,0.053,0.173,0.079
-0.0,-0.128,-0.021,-0.164,-0.146,-0.202,-0.005,0.081,-0.07,0.043
0.06,-0.052,-0.159,-0.056,-0.051,-0.088,-0.176,-0.131,-0.1,-0.1
-0.046,-0.099,-0.154,0.005,0.113,-0.05,-0.107,-0.077,-0.121,0.221
-0.089,-0.061,0.017,-0.22,0.086,-0.118,-0.201,-0.093,-0.069,-0.134
-0.158,-0.038,0.069,-0.178,-0.164,-0.138,0.027,0.004,-0.066,-0.034
-0.105,-0.115,0.008,-0.008,-0.112,-0.151,-0.132,-0.186,-0.174,0.126
-0.26,0.15,0.006,-0.166,0.02,-0.108,-0.236,-0.117,-0.116,0.232
0.011,-0.101,-0.042,-0.137,-0.088,0.028,-0.09,-0.141,-0.004,-0.281
-0.269,-0.021,-0.08,-0.033,-0.093,-0.08,-0.081,-0.188,0.115,0.004
-0.042,-0.08,-0.216,-0.059,-0.104,-0.086,-0.14,-0.13,-0.065,-0.076
0.05,-0.002,-0.15,-0.269,0.105,-0.075,0.005,0.078,-0.046,0.116
-0.018,0.119,-0.242,-0.043,-0.161,-0.08,-0.158,-0.33,0.053,-0.127
0.111,-0.017,-0.038,-0.153,-0.086,0.015,-0.016,-0.128,0.051,-0.069
-0.187,-0.032,-0.107,-0.26,0.074,-0.143,-0.169,-0.099,-0.14,0.019
-0.053,0.001,-0.205,0.027,-0.133,-0.185,0.036,-0.113,-0.093,0.011
-0.219,0.022,0.122,-0.114,-0.172,0.017,-0.003,-0.208,0.012,0.163
-0.248,-0.041,0.069,-0.22,0.09,0.036,0.006,-0.077,0.048,0.067
-0.14,0.149,-0.106,-0.035,-0.17,0.206,0.07,-0.238,-0.06,0.011
-0.288,-0.119,0.128,-0.078,0.01,0.053,-0.042,0.074,-0.101,-0.061
-0.112,0.01,0.018,-0.004,-0.026,0.137,0.133,-0.164,-0.15,-0.027
-0.083,0.012,0.003,-0.07,0.108,0.038,0.094,-0.056,-0.228,0.014
-0.372,0.048,0.13,0.003,0.155,0.26,0.019,-0.134,-0.108,0.06
-0.237,0.002,-0.105,0.158,0.078,-0.01,0.106,-0.224,0.058,0.14
-0.027,0.028,0.081,-0.093,0.057,0.276,0.052,-0.09,0.012,0.271
-0.195,0.075,-0.001,0.034,-0.033,0.095,-0.089,-0.109,-0.091,-0.082
-0.085,-0.093,0.114,-0.102,0.085,0.054,0.045,-0.112,-0.024,0.205
0.066,-0.094,-0.123,0.093,0.057,-0.043,0.058,-0.065,0.052,0.124
-0.122,-0.028,-0.082,0.01,0.126,0.247,0.03,-0.157,0.1,-0.05
0.1,0.042,-0.005,-0.095,0.127,0.02,-0.242,-0.133,-0.008,0.082
0.179,0.019,-0.254,-0.037,-0.083,-0.032,-0.089,0.118,-0.076,0.051
-0.066,0.023,-0.193,-0.114,0.158,0.042,-0.053,-0.124,-0.074,-0.059
0.074,-0.037,-0.259,-0.176,-0.048,-0.147,-0.078,-0.15,-0.012,-0.148
0.132,-0.094,-0.164,-0.219,-0.091,-0.125,0.036,0.06,-0.068,-0.096
-0.118,0.0,-0.106,-0.09,-0.077,-0.15,-0.144,-0.016,0.1,-0.029
0.028,0.044,0.053,-0.224,-0.261,-0.139,-0.05,-0.24,-0.013,-0.16
0.112,0.036,-0.111,-0.094,-0.016,-0.19,0.02,-0.156,0.064,-0.183
0.08,-0.138,-0.142,-0.036,-0.131,-0.101,0.046,0.052,-0.099,-0.077
-0.199,0.036,-0.137,-0.207,-0.065,-0.067,-0.043,-0.078,0.031,-0.072
-0.036,0.06,0.019,-0.08,0.046,0.024,-0.082,-0.12,-0.084,-0.04
-0.053,0.063,-0.089,-0.141,-0.107,-0.0,-0.073,-0.213,0.116,-0.089
0.084,-0.113,-0.027,-0.269,-0.07,-0.015,-0.218,-0.308,-0.023,0.088
-0.151,-0.168,-0.219,-0.128,-0.044,0.061,-0.021,-0.136,0.17,-0.029
-0.068,0.062,0.02,-0.094,-0.092,-0.105,-0.183,-0.255,0.053,-0.118
-0.058,-0.218,-0.169,-0.028,-0.144,0.049,-0.317,-0.367,0.095,0.095
0.026,-0.185,-0.146,-0.074,-0.144,-0.202,-0.144,-0.382,0.005,0.107
-0.089,0.069,-0.094,-0.122,-0.179,-0.083,-0.192,-0.274,0.051,0.116
0.111,-0.052,-0.202,-0.059,-0.069,-0.133,-0.163,-0.43,0.018,-0.057
0.14,0.005,-0.12,-0.211,-0.098,-0.085,0.069,-0.215,0.061,0.077
0.158,0.172,-0.032,-0.033,-0.162,-0.329,0.034,-0.068,-0.078,-0.075
0.229,-0.061,-0.28,-0.27,0.056,-0.005,0.123,0.071,-0.112,-0.13
0.107,0.124,0.05,-0.148,-0.228,-0.139,0.067,-0.095,-0.052,-0.088
0.047,-0.014,-0.135,-0.216,0.216,-0.168,0.105,-0.116,0.042,-0.259
0.043,0.243,0.164,-0.013,0.056,-0.086,-0.067,-0.049,-0.026,0.084
0.161,-0.177,0.071,0.01,-0.064,0.102,0.089,0.18,-0.053,-0.098
0.142,0.1,0.1,0.161,0.154,-0.059,-0.002,0.042,0.031,-0.057
-0.018,-0.098,-0.154,0.124,0.178,-0.139,-0.056,0.118,-0.09,0.063
0.013,0.082,0.057,0.004,0.081,0.057,0.068,0.035,0.016,-0.038
-0.076,-0.098,0.052,0.12,0.148,0.093,0.068,0.018,-0.119,0.031
0.152,0.011,0.04,0.015,0.05,0.003,0.04,-0.064,0.051,-0.076
0.026,0.009,0.227,0.038,0.089,-0.054,-0.089,0.139,-0.092,-0.08
-0.023,-0.131,-0.01,0.119,-0.074,0.021,0.104,-0.019,0.054,0.204
0.003,-0.191,0.072,0.07,-0.043,0.053,-0.018,0.028,0.02,0.066
0.174,-0.114,0.157,0.24,-0.133,0.024,0.1,0.121,-0.046,-0.057
-0.101,-0.143,0.052,0.067,0.149,0.034,0.066,0.073,0.153,0.059
0.057,-0.1,0.124,0.072,-0.018,0.17,-0.193,0.184,0.048,0.085
0.131,-0.227,0.06,-0.011,-0.103,0.039,-0.126,0.169,-0.004,0.043
0.043,-0.086,-0.046,-0.017,-0.086,0.147,-0.122,0.204,-0.206,-0.01
0.119,0.083,-0.071,0.234,-0.009,-0.067,-0.059,0.271,0.002,-0.021
0.021,-0.116,-0.13,-0.074,-0.091,0.074,-0.159,0.126,0.022,-0.046
0.081,-0.149,-0.065,0.147,-0.136,-0.106,-0.066,0.16,-0.137,-0.002
0.068,0.049,-0.153,0.12,-0.245,-0.098,-0.051,0.064,0.145,-0.133
0.017,-0.079,-0.011,-0.04,-0.226,0.22,-0.014,0.152,-0.101,0.028
-0.073,-0.247,0.081,0.073,-0.128,-0.014,-0.027,0.039,0.084,-0.063
-0.029,-0.215,-0.009,-0.135,-0.094,0.087,-0.026,-0.145,-0.047,-0.016
-0.036,-0.033,-0.003,0.031,-0.23,0.038,-0.222,0.014,0.112,-0.148
0.101,-0.336,0.118,0.047,-0.226,0.01,-0.051,0.073,0.019,-0.144
-0.054,-0.13,-0.029,-0.074,-0.047,0.074,-0.357,-0.143,-0.18,-0.082
0.188,-0.2,-0.037,-0.042,-0.139,-0.059,0.111,0.148,0.07,-0.188
0.044,-0.102,-0.133,0.214,-0.078,0.072,-0.061,-0.094,0.047,-0.223
-0.03,-0.036,-0.184,0.015,-0.118,-0.068,-0.054,0.17,-0.128,-0.089
0.052,-0.061,-0.095,-0.149,-0.087,-0.116,-0.253,0.138,0.06,-0.2
0.047,-0.069,0.043,-0.101,-0.089,-0.338,-0.188,0.275,-0.008,-0.278
0.029,0.087,-0.142,0.085,-0.096,-0.122,0.005,-0.001,-0.055,-0.024
0.088,-0.206,-0.1,-0.011,0.05,-0.11,-0.059,0.012,-0.021,-0.037
-0.179,-0.062,0.013,0.046,-0.096,-0.058,0.049,0.059,0.075,-0.033
0.019,-0.115,-0.078,0.027,0.109,0.137,-0.133,-0.072,-0.052,0.194
-0.239,-0.142,0.016,-0.013,-0.119,-0.219,-0.118,0.001,0.06,0.02
-0.103,0.016,0.039,-0.172,0.013,-0.011,-0.013,-0.071,0.02,-0.061
0.077,-0.021,-0.069,-0.229,-0.095,-0.073,-0.025,-0.027,0.052,-0.051
-0.135,-0.016,-0.22,-0.077,-0.161,0.097,-0.104,0.012,-0.003,-0.204
0.002,0.057,-0.08,-0.188,0.124,0.075,-0.079,-0.03,-0.047,-0.095
-0.072,-0.093,-0.009,-0.089,-0.035,-0.202,0.003,-0.062,-0.103,-0.137
-0.235,0.065,-0.016,0.05,0.063,0.021,0.063,-0.018,0.213,-0.081
-0.055,-0.053,-0.188,-0.206,0.073,-0.115,0.003,-0.262,0.169,0.198
-0.004,0.024,-0.001,0.116,0.108,-0.083,-0.145,-0.132,-0.01,-0.025
-0.149,0.207,-0.006,-0.127,0.01,-0.156,-0.046,0.024,-0.069,0.169
-0.088,0.03,-0.086,-0.083,-0.111,0.049,-0.105,-0.179,0.16,0.03
-0.239,-0.051,-0.026,-0.07,0.04,-0.027,0.069,-0.079,0.111,0.069
-0.028,0.127,-0.018,0.014,-0.149,-0.156,-0.001,-0.164,-0.043,-0.041
-0.023,-0.214,-0.131,0.045,0.021,-0.028,0.094,0.033,0.12,-0.148
0.086,0.06,0.015,-0.077,-0.139,-0.105,0.197,0.106,-0.115,-0.038
-0.175,0.002,0.031,-0.001,0.206,-0.056,0.027,-0.063,0.113,-0.111
-0.106,-0.257,-0.112,0.02,0.013,-0.287,0.077,-0.087,-0.172,-0.032
0.11,-0.024,-0.088,0.068,-0.18,-0.098,-0.001,0.168,-0.015,0.068
0.049,-0.003,0.189,-0.084,-0.006,-0.103,0.106,0.004,0.043,-0.008
0.123,-0.107,0.043,0.099,-0.111,-0.196,-0.068,-0.043,0.012,-0.158
0.076,-0.133,0.195,0.116,-0.046,-0.114,0.032,0.189,-0.058,-0.021
0.077,0.1,0.124,-0.037,0.074,-0.002,0.093,-0.138,-0.047,-0.125
-0.077,0.175,0.162,0.107,0.018,0.067,0.024,0.039,-0.052,-0.043
0.113,0.051,0.062,0.386,-0.136,0.09,0.17,0.107,0.018,-0.097
-0.035,0.13,0.039,0.067,0.022,0.23,-0.012,0.043,-0.046,-0.116
-0.165,-0.128,-0.03,0.059,-0.019,0.236,0.11,0.09,0.056,0.063
0.146,0.183,-0.018,-0.133,0.081,0.093,-0.153,0.019,-0.023,-0.203
0.002,0.027,0.105,0.119,0.125,0.12,0.025,-0.175,-0.002,0.072
0.023,0.035,-0.117,0.022,0.031,0.06,-0.073,0.002,0.051,-0.092
-0.061,0.206,0.063,0.05,-0.033,0.087,-0.046,0.018,-0.068,-0.122
0.057,0.217,-0.065,0.097,-0.037,0.069,0.145,0.065,-0.109,0.12
0.03,0.112,-0.106,-0.002,0.029,0.026,0.089,0.106,0.089,0.134
-0.175,0.179,0.002,-0.02,0.001,-0.01,-0.117,-0.022,-0.034,0.198
-0.16,-0.029,0.092,-0.059,-0.225,0.015,0.089,0.017,0.117,0.195
0.025,-0.118,-0.064,0.08,0.037,-0.095,0.209,-0.036,0.002,0.241
-0.119,-0.187,-0.078,-0.036,-0.09,-0.033,0.02,0.085,0.13,0.124
0.089,-0.161,0.09,-0.086,-0.035,0.057,0.008,0.061,0.0,0.09
0.058,-0.202,-0.111,0.09,-0.047,0.054,-0.133,-0.047,0.153,0.047
0.046,-0.117,0.018,0.197,-0.046,-0.019,-0.155,0.17,0.011,-0.023
-0.04,-0.071,-0.066,0.02,-0.039,0.114,-0.165,0.11,0.099,-0.034
-0.1,-0.029,-0.089,-0.023,-0.013,0.103,-0.16,0.3,0.042,-0.049
0.056,-0.198,-0.265,-0.011,0.136,0.049,-0.01,0.228,0.169,-0.025
0.056,-0.051,-0.276,-0.076,-0.108,-0.047,-0.116,0.034,0.049,0.04
0.02,-0.208,-0.211,-0.28,0.067,0.051,-0.113,0.157,0.219,0.036
0.081,-0.103,-0.133,-0.248,0.112,-0.134,0.049,0.069,0.284,-0.087
0.036,0.017,0.04,-0.357,0.062,-0.198,-0.203,0.04,0.195,0.171
0.114,0.184,-0.102,-0.079,-0.125,0.027,-0.017,-0.186,0.163,0.12
0.03,-0.105,0.074,-0.257,0.009,-0.11,0.009,-0.099,-0.019,0.083
0.073,0.05,-0.087,-0.148,0.198,0.044,-0.108,-0.157,0.017,0.196
0.09,0.036,-0.355,-0.001,-0.024,-0.021,-0.16,-0.202,-0.021,-0.036
-0.039,0.139,-0.085,-0.155,-0.036,-0.139,-0.104,0.057,-0.123,-0.03
-0.155,0.14,-0.14,0.088,0.123,-0.109,-0.057,-0.193,-0.0,0.191
0.129,0.048,-0.214,-0.109,0.046,-0.358,0.256,-0.106,-0.153,0.026
-0.148,0.114,-0.115,-0.15,0.109,-0.266,-0.037,-0.063,0.076,-0.006
0.091,0.047,0.024,-0.169,-0.069,0.028,-0.037,-0.029,0.086,0.15
-0.082,0.032,-0.075,0.009,0.023,-0.062,0.152,-0.07,0.017,0.017
-0.115,-0.018,-0.053,-0.124,0.14,-0.054,-0.2,0.076,0.035,0.09
0.172,-0.045,0.119,-0.199,0.215,-0.087,0.031,0.136,0.056,0.078
0.21,0.109,-0.074,-0.151,-0.017,-0.051,0.033,0.008,0.092,0.148
-0.05,-0.013,0.092,-0.219,0.03,-0.136,0.014,-0.005,0.032,-0.015
0.205,0.244,-0.028,-0.082,0.067,-0.057,-0.111,-0.096,0.159,0.126
0.184,0.106,-0.143,0.007,0.153,-0.176,0.135,-0.21,0.041,-0.02
-0.013,0.034,0.059,-0.125,0.173,-0.08,0.065,-0.034,-0.105,0.044
0.08,0.181,-0.092,0.001,0.044,-0.091,-0.002,-0.003,-0.048,0.039
-0.141,0.223,0.05,-0.104,0.022,-0.083,-0.011,0.121,-0.029,0.166
-0.201,0.001,0.116,0.291,-0.04,-0.117,0.022,-0.072,0.11,-0.0
-0.086,0.028,-0.098,0.209,-0.121,0.123,0.081,0.005,-0.075,0.009
-0.032,0.009,0.263,0.156,0.153,0.044,0.032,0.083,-0.041,0.03
0.108,0.091,0.01,0.102,-0.087,0.038,0.026,0.187,0.063,0.13
0.073,-0.003,-0.072,0.148,-0.073,0.135,-0.003,0.256,0.03,0.146
0.07,-0.159,0.254,0.034,0.161,0.006,-0.122,0.007,-0.069,0.165
0.053,-0.104,0.081,0.056,-0.023,0.072,-0.043,0.007,0.003,0.175
0.027,-0.109,0.062,0.136,0.042,0.181,-0.198,0.068,0.033,0.06
-0.03,-0.055,0.003,0.111,0.033,0.091,0.04,0.01,0.034,0.138
0.08,0.036,0.005,0.104,-0.027,-0.1,-0.007,-0.005,0.135,0.267
-0.205,0.083,-0.052,0.055,0.014,0.165,0.071,-0.115,-0.025,-0.038
-0.117,0.047,-0.008,-0.099,0.185,0.016,0.022,-0.052,0.012,-0.228
-0.068,-0.008,0.032,0.046,0.054,-0.085,0.047,0.028,0.183,0.017
-0.031,0.003,0.085,0.215,0.338,-0.24,0.233,0.125,-0.082,0.009
-0.054,0.044,-0.013,0.087,0.27,0.075,-0.011,0.029,0.146,0.067
-0.025,0.203,0.081,0.185,-0.059,-0.082,-0.103,0.137,-0.02,-0.086
0.095,0.064,0.04,0.237,0.224,0.031,0.011,0.077,-0.056,0.091
0.01,0.051,0.075,0.038,0.156,0.074,0.057,0.144,0.173,0.145
0.022,0.101,0.04,0.04,-0.068,-0.049,0.147,0.039,-0.118,0.117
-0.009,0.274,-0.023,0.151,0.048,0.051,0.154,0.178,0.184,0.148
-0.008,0.046,0.241,-0.041,0.049,0.226,0.121,0.092,0.069,0.06
0.002,0.305,0.076,0.268,-0.006,-0.036,0.01,0.07,0.097,-0.125
0.07,0.233,0.207,0.1,-0.007,0.215,0.09,0.25,0.073,-0.05
0.194,0.147,0.165,0.157,0.198,-0.043,0.031,-0.073,-0.028,-0.113
0.094,0.088,0.258,0.283,-0.087,-0.134,0.086,0.067,0.057,0.017
-0.05,0.259,0.162,-0.067,0.121,0.065,0.126,0.134,-0.104,0.024
0.01,0.159,0.061,0.072,0.086,0.062,0.231,0.119,0.195,0.114
-0.0,0.089,0.073,-0.003,0.148,0.034,0.214,0.008,0.193,0.114
-0.099,0.161,0.165,0.057,0.324,0.038,0.105,-0.094,0.282,0.127
-0.127,0.153,-0.064,0.111,0.263,0.087,0.116,0.008,0.065,0.032
0.087,0.126,0.163,0.097,0.3,0.016,0.124,-0.013,0.237,0.046
0.137,0.09,-0.142,0.04,0.225,0.212,0.092,0.134,0.309,0.171
0.186,0.092,-0.081,0.071,0.316,0.187,-0.009,-0.082,-0.034,0.144
0.115,0.078,0.158,0.117,0.057,0.118,0.099,0.088,-0.003,0.215
0.192,0.013,-0.013,0.005,0.255,-0.093,0.002,-0.04,0.114,0.237
0.122,0.171,0.003,-0.031,0.194,-0.053,0.081,0.139,0.045,0.36
0.161,0.28,0.019,0.169,-0.034,0.002,-0.062,0.23,0.176,0.161
0.123,0.186,0.09,0.11,0.044,-0.011,0.011,0.13,0.245,0.031
-0.098,0.174,0.153,0.146,0.041,0.031,0.074,0.035,0.209,0.03
-0.026,0.075,-0.082,0.174,-0.07,0.006,0.13,0.194,0.183,0.032
-0.04,0.182,0.08,0.054,0.107,0.164,0.162,0.055,0.134,0.066
0.051,0.15,0.035,0.043,0.098,0.073,0.14,0.04,0.003,0.061
-0.126,0.067,0.104,-0.051,0.297,0.088,0.225,0.207,0.144,0.148
-0.09,0.074,0.143,0.005,0.201,0.12,0.287,0.285,0.028,-0.005
0.096,0.157,0.101,0.266,0.29,0.017,0.117,0.099,0.126,-0.032
-0.076,-0.048,0.002,0.096,0.282,0.085,0.16,0.205,0.093,0.094
0.033,0.205,0.02,0.075,0.116,0.042,0.111,0.079,0.164,0.171
0.106,0.299,-0.017,0.026,0.112,0.173,0.021,0.041,0.36,0.065
-0.015,0.22,-0.074,0.115,0.151,0.068,0.179,0.04,0.185,0.119
-0.067,0.17,0.164,-0.017,0.183,0.017,0.167,0.074,0.01,0.049
0.094,0.137,-0.038,-0.132,-0.012,0.048,0.168,-0.006,0.049,0.061
0.113,0.206,0.008,0.021,0.259,0.098,0.181,0.079,-0.041,0.211
0.032,0.095,-0.016,-0.247,0.081,-0.025,0.156,-0.043,0.038,0.019
-0.131,0.179,0.082,-0.064,0.24,0.025,0.294,-0.089,0.135,0.019
0.038,0.376,0.114,-0.181,0.193,-0.227,0.187,-0.023,0.274,-0.096
0.027,0.185,0.037,-0.03,0.205,0.144,0.08,-0.048,0.171,0.309
0.167,0.106,0.144,0.007,0.126,-0.016,0.119,-0.059,0.263,0.07
0.224,0.223,0.32,-0.11,0.289,-0.035,0.096,-0.038,0.152,0.112
0.108,0.183,0.19,0.152,-0.141,0.036,0.179,-0.031,0.242,0.185
-0.052,0.162,0.249,0.084,0.001,0.101,0.05,0.078,0.189,0.117
-0.039,0.115,0.11,0.235,-0.022,0.146,-0.007,-0.074,0.09,0.243
0.16,0.055,0.153,0.103,-0.039,0.208,-0.048,0.167,0.131,0.031
0.038,0.074,0.218,0.103,-0.127,0.179,0.167,0.04,0.097,0.06
0.108,-0.314,0.133,-0.004,-0.081,0.116,-0.006,0.116,0.093,0.111
0.084,-0.009,0.013,0.12,-0.079,0.327,-0.199,0.013,0.031,0.04
0.132,-0.155,0.021,0.061,-0.055,0.14,-0.081,-0.072,-0.058,0.017
0.165,0.016,0.026,0.084,-0.022,0.18,-0.119,0.114,0.068,0.149
-0.014,0.079,0.038,-0.024,-0.188,0.104,-0.114,0.121,0.058,0.007
-0.017,0.116,-0.186,0.082,0.062,0.053,-0.252,0.066,0.046,-0.069
0.004,0.073,-0.153,0.021,-0.098,-0.007,-0.055,-0.052,-0.067,0.036
-0.18,-0.225,-0.138,0.015,0.184,-0.031,-0.182,0.075,0.001,-0.204
0.121,0.069,-0.094,-0.005,0.098,-0.14,0.04,-0.072,-0.015,-0.199
-0.024,0.032,0.013,-0.062,0.073,0.022,-0.018,-0.137,0.055,0.112
-0.013,0.224,-0.159,-0.276,0.147,-0.172,-0.116,0.084,-0.076,-0.065
0.014,0.222,-0.017,-0.038,0.107,0.093,0.118,-0.184,0.079,0.15
0.122,0.262,0.065,-0.03,0.023,-0.197,0.175,-0.091,-0.046,0.14
-0.013,0.161,-0.02,-0.146,-0.143,-0.101,0.102,-0.015,0.027,-0.055
-0.02,0.084,0.003,-0.166,0.128,-0.045,0.106,-0.123,0.103,0.005
-0.058,0.018,-0.01,0.004,-0.013,0.102,0.054,-0.099,0.001,-0.046
-0.007,-0.052,0.097,-0.13,0.08,-0.379,0.307,0.001,0.034,-0.091
-0.068,-0.054,0.202,-0.102,0.123,-0.115,0.182,0.012,0.109,-0.007
0.018,0.068,0.321,-0.054,0.057,0.109,0.063,-0.155,-0.016,0.017
-0.083,0.158,0.274,0.05,0.153,-0.107,0.078,-0.156,0.094,-0.061
0.064,0.052,0.196,0.204,0.005,0.249,0.105,-0.142,-0.04,0.098
-0.141,0.071,0.06,0.059,0.244,0.099,0.099,0.01,0.023,0.07
-0.029,0.165,0.047,0.242,0.165,0.113,0.026,0.013,0.023,0.051
0.051,0.11,-0.038,0.165,-0.052,0.221,0.039,0.067,0.102,0.184
-0.076,0.122,-0.06,-0.092,0.108,-0.056,0.153,-0.061,0.018,0.012
-0.069,0.175,0.003,0.234,-0.123,0.132,0.182,0.084,0.033,0.097
-0.049,-0.055,-0.121,-0.091,0.142,0.177,0.122,0.004,0.103,0.011
-0.008,-0.067,0.005,0.059,0.339,0.147,0.045,-0.172,0.103,-0.002
-0.098,0.06,0.005,-0.078,0.045,-0.073,0.061,-0.259,0.113,-0.009
0.2,0.165,0.192,-0.026,0.228,0.025,0.173,0.048,0.117,0.113
0.182,0.078,0.211,-0.055,-0.083,-0.047,0.275,-0.159,0.17,0.189
0.056,0.018,0.093,0.163,0.118,0.163,0.286,-0.134,0.05,-0.007
0.192,0.016,0.395,0.053,0.092,0.201,0.24,-0.01,0.183,0.097
0.097,-0.001,0.251,0.096,0.082,0.119,0.339,-0.055,0.179,0.034
0.048,0.133,0.412,0.146,0.243,0.127,-0.013,-0.013,0.026,0.243
0.233,0.077,0.297,0.379,0.283,0.25,0.039,0.002,0.209,0.025
-0.028,0.069,0.175,0.149,0.133,0.135,0.094,0.007,0.046,0.086
0.165,0.162,0.073,0.077,0.188,0.223,-0.034,0.008,0.038,0.084
0.041,0.261,0.046,0.148,0.055,0.054,0.038,0.143,0.073,0.197
-0.003,0.068,-0.007,0.101,0.291,0.27,0.067,-0.052,-0.003,0.264
0.195,0.144,0.029,0.097,0.207,0.154,0.058,0.282,0.16,0.228
0.01,0.193,-0.109,-0.0,0.099,0.144,0.109,0.124,0.255,0.138
-0.048,0.224,-0.044,0.08,0.201,0.028,0.06,0.179,0.095,0.216
0.406,0.293,0.018,0.001,0.102,-0.015,0.136,0.152,0.321,0.17
0.188,0.144,-0.089,-0.033,0.032,-0.164,0.056,0.087,0.15,0.17
0.205,0.094,0.111,0.035,0.109,0.06,0.11,0.018,0.077,0.209
0.236,0.164,0.04,0.078,0.233,-0.018,0.003,0.167,0.124,0.198
0.036,0.2,0.026,0.0,-0.092,0.15,0.029,0.002,0.227,0.063
0.17,0.155,0.053,-0.143,-0.059,0.169,0.17,0.1,0.143,0.129
0.083,-0.132,0.039,0.121,0.019,0.241,0.117,-0.105,0.028,0.123
0.216,0.192,0.137,-0.098,-0.002,0.291,0.25,-0.093,0.014,0.103
0.148,0.061,0.017,0.089,0.036,0.168,0.1,-0.111,0.107,0.113
0.175,-0.085,0.124,0.014,0.176,0.214,-0.046,-0.076,0.078,0.011
0.107,0.062,-0.026,0.168,0.299,0.151,-0.018,-0.06,0.222,0.29
0.118,0.034,-0.003,0.045,0.052,0.178,0.105,0.056,0.074,0.217
0.1,0.221,-0.125,0.24,0.074,0.106,-0.023,0.056,0.143,0.161
0.052,0.026,-0.054,0.006,-0.022,0.084,0.21,0.163,0.136,0.231
0.258,-0.063,0.092,-0.027,-0.105,0.064,0.188,0.098,-0.0,-0.102
0.092,0.112,-0.018,-0.051,0.13,0.015,-0.114,0.004,0.115,0.164
0.232,0.028,0.229,-0.082,0.131,0.041,0.005,0.203,0.03,0.231
0.143,-0.021,0.032,0.068,-0.035,0.136,0.181,-0.08,0.006,0.165
0.149,-0.03,-0.028,-0.057,-0.027,0.037,0.013,0.031,-0.015,0.354
-0.094,-0.119,0.039,-0.045,0.187,0.064,0.025,-0.034,0.127,0.125
-0.078,0.219,0.066,-0.073,0.176,-0.077,0.095,-0.075,0.233,0.066
0.148,0.19,0.133,-0.057,-0.027,-0.158,0.203,-0.212,0.048,0.115
0.062,0.073,0.037,-0.118,0.114,0.158,0.115,-0.087,0.174,0.086
0.139,0.108,0.246,-0.014,0.172,0.053,0.145,-0.089,0.144,0.005
0.131,0.176,0.161,0.075,0.169,-0.202,0.157,-0.181,-0.045,0.253
0.005,0.221,0.101,0.018,0.041,0.067,0.086,-0.12,0.039,0.037
0.118,0.195,-0.078,0.069,0.025,0.277,0.243,-0.018,0.01,0.011
-0.076,-0.063,0.014,-0.071,0.22,-0.059,0.218,-0.005,0.069,0.091
0.019,0.113,0.071,-0.06,0.242,-0.007,0.047,-0.011,0.002,0.15
0.077,0.221,0.166,-0.05,0.026,-0.191,0.159,-0.088,0.043,0.12
0.002,0.294,-0.135,0.039,0.271,-0.065,0.073,-0.05,0.092,-0.041
0.015,0.182,0.029,-0.04,-0.068,0.171,0.131,-0.107,0.036,0.198
0.079,0.227,0.119,-0.07,0.108,0.112,0.077,-0.09,-0.045,0.05
0.132,0.143,0.142,0.069,0.228,-0.15,0.257,-0.181,-0.057,0.018
-0.143,0.302,-0.034,-0.01,0.159,0.079,0.133,-0.062,0.057,0.032
0.06,0.17,-0.037,0.07,0.084,0.122,0.052,-0.114,-0.017,0.075
-0.032,0.196,0.079,0.167,0.313,0.177,0.239,-0.051,-0.081,0.109
0.072,0.282,0.061,-0.064,0.302,0.221,0.25,-0.097,0.055,0.116
0.007,0.149,-0.02,-0.075,0.2,0.209,0.151,0.012,-0.037,0.136
0.011,0.407,0.183,0.175,0.145,0.043,0.026,-0.105,0.032,0.214
-0.114,0.273,0.166,0.097,0.09,0.09,0.078,-0.128,0.224,0.215
-0.102,0.248,0.081,0.099,-0.031,0.011,0.069,-0.008,0.134,0.053
-0.086,0.273,0.118,-0.121,-0.289,0.052,0.213,-0.08,0.067,-0.026
-0.19,-0.017,0.155,0.097,0.026,0.083,0.209,-0.119,0.037,0.006
-0.186,0.011,0.231,0.144,-0.007,0.062,0.284,-0.098,-0.095,-0.162
0.001,0.089,0.164,0.016,0.232,0.001,0.191,0.042,0.026,-0.069
-0.084,0.068,0.34,0.127,-0.039,0.083,0.177,-0.1,-0.152,0.134
0.019,0.136,0.18,0.105,0.101,-0.075,0.363,-0.021,-0.017,0.005
0.063,0.072,0.124,0.088,0.216,0.021,0.109,0.159,0.016,0.186
0.039,0.321,0.051,0.06,0.122,0.128,0.201,0.168,0.052,0.004
-0.143,0.152,0.188,0.118,0.144,-0.014,0.108,-0.006,0.189,0.06
0.098,0.177,0.181,0.087,0.213,0.205,0.242,0.15,-0.064,0.059
0.088,0.291,0.164,0.077,0.113,0.245,0.243,0.047,0.071,0.195
0.155,0.246,0.114,0.219,0.173,0.148,0.166,0.051,0.08,0.173
-0.004,0.082,0.237,0.236,0.174,0.111,0.297,0.085,0.047,0.233
0.0,-0.182,0.068,0.223,0.14,0.179,0.287,-0.081,0.036,0.103
0.09,0.178,0.162,0.263,0.168,0.127,0.056,0.082,0.26,0.142
0.047,0.166,0.103,0.149,0.202,0.008,0.026,-0.062,-0.015,0.199
0.171,0.007,0.273,0.386,0.152,-0.062,-0.018,0.056,0.221,0.315
-0.173,0.143,0.124,0.233,-0.068,0.131,-0.1,0.209,0.044,0.22
-0.032,0.21,0.194,0.051,0.095,0.195,-0.169,0.168,-0.004,0.15
0.231,-0.087,0.034,0.1,-0.174,-0.111,-0.051,0.268,0.102,0.052
0.136,-0.041,-0.027,0.143,-0.148,0.151,0.023,0.088,0.13,0.165
0.196,0.083,0.06,-0.015,-0.168,0.141,-0.023,0.055,-0.08,0.134
0.107,-0.08,0.1,0.059,0.102,0.176,-0.009,0.22,0.069,-0.178
-0.046,-0.037,0.163,-0.073,0.031,0.06,-0.014,0.033,-0.209,0.0
0.174,-0.189,0.153,0.061,0.079,0.136,-0.047,0.068,-0.094,-0.131
0.128,-0.086,0.216,0.088,0.163,0.185,-0.122,-0.016,-0.228,0.181
-0.076,-0.123,0.174,0.171,-0.095,0.147,0.045,-0.042,-0.164,0.119
-0.155,0.124,0.126,0.114,0.049,0.098,-0.035,-0.072,-0.213,0.089
-0.167,0.055,0.287,0.124,0.043,0.132,0.062,0.088,-0.066,0.169
-0.226,-0.018,0.032,0.034,-0.049,0.043,0.034,-0.041,-0.051,0.018
-0.183,-0.047,0.208,0.119,0.117,0.116,0.219,-0.057,-0.046,0.057
-0.308,0.056,-0.118,0.118,0.082,0.116,-0.071,0.022,0.024,-0.045
-0.019,-0.087,-0.016,0.212,-0.083,-0.023,0.057,0.154,0.05,0.025
0.049,0.113,-0.023,0.009,0.129,0.116,0.001,-0.149,-0.079,0.093
-0.117,0.071,-0.131,0.179,-0.052,-0.028,0.106,0.036,-0.078,0.237
0.081,-0.034,-0.016,0.139,0.014,0.079,0.226,-0.048,0.081,-0.192
-0.139,-0.123,-0.015,0.138,0.008,-0.055,0.008,0.013,-0.04,0.199
-0.262,-0.028,-0.053,0.161,-0.06,-0.04,0.069,-0.012,0.22,0.052
0.256,-0.188,0.011,0.074,0.114,-0.06,0.067,-0.0,-0.023,0.031
0.014,0.012,-0.058,0.215,-0.008,-0.157,-0.181,0.092,-0.042,0.023
0.116,-0.059,-0.101,0.229,-0.074,0.062,-0.274,0.151,0.066,0.058
0.113,0.023,-0.147,0.099,-0.05,-0.128,-0.113,0.094,0.051,-0.209
0.127,-0.046,-0.252,0.016,-0.117,0.067,-0.098,0.026,-0.059,-0.055
0.082,-0.053,-0.103,-0.267,-0.212,-0.018,0.026,0.051,0.058,-0.183
0.042,-0.025,-0.171,-0.059,-0.085,-0.011,-0.014,0.166,-0.157,-0.23
0.003,-0.155,-0.174,-0.24,-0.202,-0.158,-0.052,-0.121,-0.373,-0.057
-0.083,-0.207,-0.108,-0.139,-0.008,-0.077,-0.032,-0.119,-0.139,-0.298
-0.112,-0.176,-0.205,-0.223,0.157,-0.103,0.062,-0.253,-0.228,-0.202
-0.234,0.001,-0.041,-0.272,-0.162,-0.086,-0.092,-0.173,-0.061,-0.083
-0.185,-0.101,0.11,0.045,-0.033,-0.03,-0.157,-0.343,-0.142,-0.196
-0.055,-0.281,-0.12,-0.073,0.009,-0.202,-0.002,-0.178,-0.054,-0.212
-0.154,-0.153,-0.107,-0.124,-0.19,-0.084,0.075,-0.211,-0.099,-0.087
-0.194,-0.236,0.08,-0.082,-0.091,0.12,-0.164,-0.303,-0.112,-0.205
-0.133,-0.219,-0.061,0.05,-0.139,-0.127,-0.381,-0.036,-0.206,-0.187
-0.106,-0.288,-0.089,-0.018,-0.169,0.002,-0.147,-0.07,-0.153,-0.093
-0.215,-0.198,-0.162,-0.093,0.049,0.026,-0.083,-0.162,-0.146,-0.14
0.013,-0.222,-0.09,-0.311,0.042,0.016,-0.074,-0.169,-0.191,-0.265
-0.008,-0.151,-0.216,-0.025,-0.189,-0.083,-0.152,-0.196,-0.335,0.016
-0.229,-0.035,-0.024,-0.195,-0.001,-0.049,-0.085,-0.213,-0.064,-0.153
0.001,-0.03,-0.005,0.013,-0.123,0.127,-0.326,-0.117,-0.257,0.167
-0.222,-0.095,-0.099,-0.045,-0.139,-0.018,0.084,-0.057,-0.097,0.003
-0.185,-0.05,0.021,-0.114,-0.094,-0.104,-0.167,0.049,-0.045,-0.125
-0.06,0.097,-0.126,0.078,-0.127,-0.006,0.037,-0.269,-0.184,0.01
-0.206,-0.103,-0.052,0.049,0.134,-0.034,-0.008,0.02,-0.029,-0.236
-0.163,0.009,0.016,0.081,-0.045,-0.105,-0.081,0.091,-0.105,-0.045
-0.139,-0.108,-0.06,0.186,-0.068,-0.194,0.089,0.112,-0.108,0.067
-0.327,-0.037,0.054,0.098,0.147,-0.027,-0.115,0.14,-0.098,-0.101
-0.024,-0.069,-0.06,0.052,0.071,-0.137,-0.004,0.091,-0.155,0.06
-0.12,-0.05,0.084,0.205,0.11,-0.085,-0.067,0.255,-0.189,0.183
-0.161,-0.105,-0.001,0.189,-0.076,0.09,-0.115,0.085,-0.051,0.105
-0.072,-0.171,0.062,0.005,0.024,-0.046,0.073,0.14,0.104,0.31
-0.159,0.096,-0.087,0.229,0.021,-0.039,-0.038,0.083,-0.025,0.066
-0.027,-0.044,-0.079,-0.085,-0.198,-0.016,-0.064,0.24,0.162,0.061
-0.198,0.017,0.183,0.038,-0.066,0.018,-0.096,0.108,0.138,0.154
-0.062,0.047,0.006,0.167,0.058,-0.099,-0.049,-0.106,0.141,0.229
0.004,-0.032,-0.087,0.041,-0.056,-0.096,-0.086,0.109,-0.009,-0.059
-0.197,-0.19,0.034,0.118,-0.026,0.051,-0.029,0.076,0.159,0.121
-0.022,-0.079,-0.273,0.13,0.032,-0.089,-0.258,-0.044,0.04,0.211
0.011,-0.102,0.031,-0.083,-0.247,0.017,-0.102,0.157,-0.009,0.001
0.033,0.07,-0.064,0.097,-0.02,-0.218,-0.169,0.116,0.158,0.022
0.089,-0.095,-0.267,0.027,-0.137,-0.036,-0.064,0.184,0.204,0.118
0.076,0.021,-0.068,-0.095,-0.05,-0.176,-0.179,0.196,0.008,-0.188
0.085,-0.025,-0.297,0.142,-0.17,0.024,-0.168,0.156,0.017,0.037
0.088,0.129,-0.154,-0.097,0.009,-0.133,-0.024,0.125,0.057,-0.084
-0.09,0.111,-0.135,-0.092,-0.064,0.04,-0.003,-0.049,-0.117,-0.374
-0.096,-0.145,-0.008,-0.117,-0.024,-0.036,0.29,-0.184,-0.296,-0.054
-0.177,0.017,-0.165,-0.1,-0.072,-0.043,0.02,-0.039,-0.174,-0.129
-0.067,-0.015,0.03,-0.239,-0.114,0.114,0.079,-0.134,-0.173,-0.211
-0.131,-0.113,-0.053,-0.127,-0.139,-0.228,0.065,0.043,-0.248,-0.096
-0.083,0.007,0.152,-0.196,-0.211,0.007,-0.07,-0.235,-0.095,0.001
-0.035,-0.016,-0.123,0.007,0.027,-0.091,0.078,-0.148,-0.161,0.12
-0.034,-0.075,0.053,-0.223,-0.134,0.017,0.081,0.222,-0.145,-0.086
-0.072,-0.101,-0.01,0.163,-0.1,-0.1,0.216,-0.11,0.116,-0.075
0.058,-0.117,-0.018,0.03,0.119,-0.02,-0.052,-0.089,-0.023,0.011
-0.017,-0.123,0.114,0.121,0.096,0.128,-0.006,-0.054,0.051,-0.218
-0.03,-0.159,0.01,0.157,-0.098,-0.001,-0.065,-0.067,0.013,-0.131
0.062,-0.133,0.159,0.058,0.056,0.155,-0.085,-0.015,0.074,0.067
-0.088,-0.065,0.006,0.026,-0.1,0.232,-0.209,0.09,-0.017,-0.023
-0.07,-0.042,0.097,0.045,-0.027,-0.006,-0.033,0.2,-0.009,-0.074
0.166,-0.065,0.03,-0.003,-0.074,-0.047,-0.056,0.112,0.068,-0.084
0.013,-0.057,-0.069,0.026,0.028,-0.073,0.114,0.087,0.135,-0.051
0.049,-0.099,-0.004,0.023,-0.151,-0.13,0.008,0.009,-0.021,-0.234
-0.032,0.061,-0.004,-0.031,-0.032,-0.03,0.105,0.136,0.048,-0.024
0.118,-0.064,0.162,0.044,0.021,0.11,0.059,-0.013,-0.117,-0.122
0.176,0.014,0.058,-0.097,0.004,0.022,-0.001,0.059,0.018,0.03
0.03,-0.084,-0.044,-0.065,0.2,0.22,0.038,0.104,-0.17,0.068
-0.019,-0.006,0.091,-0.029,0.151,-0.076,-0.109,0.006,0.16,0.302
0.035,0.025,0.049,-0.025,-0.056,0.265,-0.058,0.063,0.138,0.126
0.131,0.04,-0.039,-0.028,-0.095,0.21,0.162,0.012,0.01,0.181
0.078,0.208,-0.049,-0.081,0.006,-0.052,-0.023,0.048,0.108,-0.001
0.131,0.003,-0.191,-0.13,-0.151,0.049,-0.073,-0.235,0.102,0.212
0.052,-0.032,-0.087,0.036,0.009,0.03,0.106,-0.01,0.129,0.014
0.031,0.037,-0.061,-0.129,-0.122,-0.072,-0.028,-0.048,0.065,-0.098
0.037,0.044,-0.014,-0.102,0.185,-0.064,-0.228,-0.004,0.303,-0.012
0.089,0.114,0.137,-0.106,-0.074,-0.075,0.091,0.123,-0.045,0.176
0.041,0.233,-0.134,-0.048,-0.151,-0.03,0.009,-0.037,0.11,0.136
-0.181,0.197,0.073,-0.156,-0.077,0.028,-0.076,-0.132,0.14,0.084
0.074,0.056,-0.112,0.116,0.036,0.13,0.277,0.234,0.098,0.016
-0.105,-0.037,-0.033,-0.05,0.003,0.189,0.188,-0.227,-0.007,-0.014
-0.078,0.124,0.23,0.069,-0.053,0.084,-0.057,-0.064,0.113,0.05
0.091,-0.012,-0.021,-0.056,0.187,0.006,-0.058,0.004,-0.061,0.06
0.144,0.104,0.053,0.016,0.136,0.074,-0.029,-0.06,0.153,0.026
0.185,-0.103,0.061,-0.05,-0.108,-0.005,-0.084,0.064,0.187,-0.146
0.102,0.132,-0.265,-0.044,-0.017,-0.114,-0.032,0.033,0.214,0.07
0.268,0.002,0.032,-0.144,-0.092,-0.005,-0.061,0.192,-0.046,0.009
0.128,-0.055,-0.058,-0.157,0.101,-0.001,-0.247,-0.082,0.051,-0.037
-0.001,-0.005,-0.192,-0.057,-0.065,-0.034,0.249,-0.002,0.037,0.131
-0.061,-0.07,-0.014,0.013,0.089,0.01,0.062,-0.081,0.153,-0.191
-0.032,0.15,-0.144,-0.187,-0.035,-0.065,0.073,-0.047,0.013,0.038
-0.044,-0.028,-0.075,-0.057,0.11,0.103,0.172,-0.113,0.039,0.104
-0.028,0.039,-0.147,0.043,-0.038,-0.004,-0.063,-0.092,0.044,-0.044
-0.116,0.019,-0.01,-0.184,-0.015,-0.124,-0.021,-0.012,0.149,0.018
0.015,0.016,-0.037,-0.059,0.021,-0.14,-0.023,-0.092,0.149,-0.123
0.134,0.027,0.007,-0.059,0.111,-0.095,-0.004,0.005,-0.01,0.059
-0.1,0.022,0.048,-0.065,-0.137,-0.195,-0.064,-0.126,-0.027,0.049
0.214,-0.081,-0.002,-0.1,-0.054,0.033,0.158,-0.224,-0.216,-0.109
-0.088,0.032,-0.045,0.041,-0.099,-0.029,-0.019,-0.215,-0.167,0.06
-0.066,0.003,-0.034,-0.072,0.165,0.047,0.122,-0.132,-0.11,-0.173
0.052,-0.01,-0.005,-0.344,0.102,0.09,-0.157,0.008,-0.2,-0.097
-0.088,-0.015,-0.087,-0.013,-0.108,-0.179,-0.056,-0.143,-0.121,-0.059
-0.112,0.024,0.032,-0.118,-0.054,0.052,-0.166,-0.045,-0.105,-0.03
-0.013,-0.153,0.278,-0.068,-0.09,-0.026,0.007,-0.2,-0.232,-0.134
-0.156,0.016,0.012,0.024,-0.107,-0.01,-0.175,-0.073,0.037,-0.083
-0.162,-0.075,-0.006,-0.053,-0.143,-0.009,-0.201,-0.085,-0.098,0.046
-0.2,-0.168,-0.162,-0.06,-0.13,-0.031,-0.15,-0.115,-0.036,-0.036
-0.025,-0.124,-0.124,-0.007,-0.253,-0.068,-0.065,-0.059,-0.004,-0.058
0.013,-0.13,-0.009,-0.19,-0.174,-0.207,-0.036,-0.19,-0.044,0.006
0.133,-0.092,-0.083,-0.218,-0.305,-0.244,-0.282,-0.187,-0.082,-0.127
0.049,0.124,0.001,-0.118,-0.044,-0.222,-0.133,-0.004,-0.231,-0.007
-0.023,-0.129,-0.255,-0.046,-0.023,-0.137,-0.104,0.146,-0.193,-0.095
-0.082,0.066,-0.187,-0.154,-0.071,-0.112,0.009,-0.115,-0.134,-0.191
-0.102,0.152,-0.124,0.099,-0.076,-0.33,-0.162,0.014,-0.194,-0.328
-0.09,0.024,-0.176,-0.047,-0.138,-0.061,-0.041,-0.095,-0.168,-0.018
-0.058,-0.031,0.037,-0.261,-0.254,0.054,0.026,-0.248,-0.162,-0.116
-0.21,0.034,-0.009,-0.261,-0.337,-0.011,0.119,0.065,-0.104,-0.034
-0.15,0.056,0.152,-0.115,-0.149,-0.022,-0.074,-0.107,-0.141,-0.077
-0.175,-0.018,0.063,-0.076,-0.015,0.154,0.201,-0.233,-0.007,-0.148
-0.112,0.087,0.096,-0.045,-0.24,-0.051,0.17,0.082,-0.001,-0.118
-0.069,-0.151,-0.024,0.094,-0.026,0.005,0.045,-0.139,-0.229,-0.324
-0.334,0.133,0.056,0.222,-0.019,-0.063,-0.103,-0.127,-0.195,0.021
-0.091,-0.059,0.072,0.026,0.1,0.032,-0.021,-0.149,-0.015,-0.093
-0.19,-0.087,0.078,0.069,0.015,-0.031,0.099,-0.109,-0.175,-0.083
-0.111,0.074,-0.054,0.046,-0.028,0.075,-0.038,-0.074,-0.051,-0.022
-0.141,0.094,-0.038,0.015,0.19,0.201,-0.006,0.101,-0.048,0.056
-0.096,0.081,0.079,0.113,0.034,0.025,-0.041,0.01,-0.229,0.044
-0.049,0.143,0.099,-0.096,-0.049,-0.004,0.146,0.03,-0.144,-0.105
-0.081,-0.005,-0.11,-0.199,0.01,0.189,-0.164,-0.027,-0.171,0.074
-0.333,0.076,0.166,0.015,0.028,-0.008,-0.1,0.045,-0.139,-0.079
-0.101,0.043,-0.129,0.085,-0.064,0.05,-0.021,0.097,-0.084,-0.151
-0.103,-0.055,0.102,0.06,-0.092,-0.102,0.133,-0.046,-0.057,-0.015
-0.172,-0.057,0.021,0.142,0.025,-0.07,0.138,-0.053,0.043,-0.041
-0.062,-0.14,0.189,0.107,0.036,-0.175,-0.01,0.044,-0.143,0.059
-0.036,-0.128,0.237,0.261,-0.061,-0.091,-0.008,0.016,-0.1,0.117
-0.25,0.032,0.04,0.231,0.071,0.209,-0.149,-0.029,0.029,0.01
-0.038,0.061,0.04,0.153,0.161,-0.038,0.013,0.278,0.053,0.138
-0.065,-0.09,-0.011,0.312,0.104,0.072,0.004,0.236,0.143,0.168
0.007,0.117,-0.026,-0.063,0.129,0.122,-0.053,0.155,0.079,0.116
0.037,0.285,0.11,0.051,0.053,0.053,-0.292,0.015,0.059,0.221
0.189,0.135,-0.061,0.152,0.005,0.01,0.02,0.175,0.114,0.032
0.068,-0.074,0.122,-0.005,-0.069,-0.017,0.013,-0.03,-0.003,0.076
-0.005,0.051,0.079,-0.07,-0.013,0.172,0.175,-0.008,0.165,0.043
-0.059,-0.094,-0.007,0.177,0.286,-0.19,-0.095,0.118,0.114,-0.025
0.013,-0.1,-0.035,-0.03,0.366,0.148,0.167,-0.092,0.035,0.041
-0.148,0.062,0.071,-0.158,0.099,0.097,0.032,-0.119,0.19,0.016
-0.079,0.207,-0.008,-0.001,0.043,-0.063,0.093,0.062,0.117,0.201
-0.002,0.158,0.096,0.024,0.152,0.109,0.098,0.062,0.33,-0.023
-0.06,0.091,-0.113,-0.093,0.145,0.174,0.255,-0.007,0.214,-0.103
0.094,0.148,-0.069,0.002,0.177,-0.154,0.017,0.026,0.233,-0.174
-0.05,-0.018,-0.076,0.101,0.163,-0.225,0.18,-0.008,0.007,0.135
0.087,0.27,0.127,0.024,0.242,-0.175,0.142,0.058,-0.067,0.047
0.177,0.252,-0.117,-0.058,0.072,-0.176,0.147,-0.056,0.102,-0.077
0.067,0.25,0.168,0.14,0.158,-0.038,-0.004,0.015,-0.023,-0.03
-0.033,0.209,-0.005,0.052,0.026,-0.055,0.1,0.051,-0.013,0.197
-0.056,0.271,0.017,0.019,-0.17,-0.109,0.116,0.013,0.032,0.123
0.023,0.098,-0.004,0.106,0.156,-0.121,0.225,-0.043,-0.033,0.117
0.103,0.124,0.167,-0.088,0.033,-0.063,0.047,-0.03,0.0,0.109
-0.13,0.002,0.25,-0.064,-0.078,-0.005,0.025,0.049,-0.001,-0.133
0.004,-0.082,0.09,0.023,0.109,0.134,0.07,0.091,0.025,-0.104
-0.005,0.024,-0.004,-0.123,0.103,0.206,0.155,-0.126,0.03,0.025
-0.101,0.01,0.187,0.083,0.106,0.209,0.084,0.092,0.065,0.001
0.123,0.045,-0.057,0.048,0.088,0.023,-0.116,-0.085,-0.151,0.064
-0.03,0.149,0.075,0.196,0.147,-0.026,0.042,0.035,0.095,0.037
0.018,0.11,-0.05,0.098,0.149,0.067,-0.148,0.101,0.021,0.224
-0.122,0.001,-0.213,-0.009,-0.135,0.002,0.145,-0.154,0.094,0.135
-0.04,0.065,-0.05,0.061,0.01,0.077,0.227,0.13,0.032,0.114
-0.066,-0.02,-0.088,0.064,0.161,0.09,0.104,-0.084,0.204,0.21
0.046,0.12,0.078,-0.079,0.057,-0.25,0.195,0.046,0.082,-0.108
-0.114,0.02,0.067,-0.035,0.144,-0.086,0.032,0.076,0.144,0.226
-0.026,0.169,0.172,0.055,0.085,-0.14,-0.03,-0.053,0.118,0.138
-0.182,-0.148,-0.025,0.091,0.097,0.02,0.216,-0.035,-0.109,0.043
-0.016,0.268,0.069,-0.018,0.334,0.165,-0.012,0.138,0.008,0.247
-0.159,0.079,0.027,-0.041,0.074,0.117,0.069,-0.221,-0.011,0.271
-0.007,0.165,-0.022,0.034,0.128,0.133,0.094,-0.128,0.125,-0.013
0.074,0.158,0.224,-0.159,0.191,0.014,0.118,-0.187,0.041,0.194
-0.055,-0.08,0.092,-0.09,-0.003,0.116,-0.004,-0.132,0.108,0.097
0.033,-0.074,0.203,-0.078,-0.052,0.055,0.005,-0.043,0.173,0.147
0.081,-0.031,0.095,0.21,-0.066,0.322,0.013,-0.151,0.188,0.181
0.212,-0.155,0.03,0.178,0.034,0.027,0.046,-0.026,0.156,-0.029
0.197,-0.277,0.051,0.152,0.051,0.156,-0.017,0.171,0.085,0.176
0.113,-0.065,-0.049,0.192,0.08,0.109,-0.218,0.18,0.137,-0.048
0.019,-0.133,-0.038,0.233,0.133,-0.07,-0.118,0.172,0.139,0.15
0.109,-0.074,-0.099,0.059,-0.027,-0.02,-0.244,0.381,0.264,0.036
0.09,-0.118,-0.059,0.08,-0.178,-0.038,-0.04,0.223,0.153,0.084
0.253,-0.108,-0.199,0.19,-0.169,-0.157,-0.114,0.193,0.052,0.12
0.109,0.056,-0.309,0.001,-0.219,-0.22,-0.019,0.128,0.006,-0.093
0.078,-0.049,-0.231,-0.113,-0.008,0.041,-0.12,0.115,0.143,-0.126
0.142,0.012,0.032,-0.165,-0.108,-0.167,-0.008,0.109,0.037,-0.157
0.047,-0.042,-0.145,-0.012,-0.03,-0.124,0.027,0.064,0.021,-0.116
-0.172,0.035,0.009,-0.026,-0.056,-0.02,-0.063,-0.024,0.091,-0.099
0.05,-0.089,0.165,-0.059,-0.077,-0.167,-0.043,-0.053,-0.07,-0.169
-0.0,0.064,-0.017,0.089,0.032,-0.015,-0.095,-0.132,-0.197,-0.15
-0.132,-0.122,-0.198,-0.058,0.032,-0.167,0.045,-0.036,0.083,0.116
0.116,-0.192,0.026,0.042,-0.028,-0.012,-0.059,-0.077,0.009,0.067
0.023,-0.121,-0.031,0.086,-0.068,-0.106,-0.021,0.013,-0.146,0.028
-0.076,-0.095,-0.154,-0.165,-0.08,-0.24,-0.172,-0.13,-0.113,0.084
-0.006,-0.18,-0.191,0.003,-0.143,0.041,-0.164,-0.12,-0.123,-0.023
-0.009,-0.098,-0.094,-0.112,-0.046,0.053,-0.204,0.049,-0.08,-0.192
-0.195,-0.272,-0.201,0.008,-0.224,-0.117,0.044,0.0,-0.055,-0.145
-0.104,-0.185,-0.091,-0.177,-0.123,-0.235,-0.342,-0.079,-0.138,-0.142
0.055,-0.1,-0.157,0.049,-0.26,-0.082,-0.123,-0.18,-0.291,-0.048
-0.2,-0.226,0.022,-0.143,-0.32,-0.054,-0.266,-0.086,-0.155,-0.335
-0.066,-0.256,-0.143,-0.054,-0.19,-0.065,-0.332,-0.184,-0.256,-0.308
-0.116,-0.158,-0.087,0.022,-0.173,0.025,-0.024,-0.221,-0.22,-0.225
-0.129,-0.077,-0.214,-0.217,-0.198,-0.237,-0.249,-0.081,-0.073,-0.22
-0.102,-0.103,-0.157,-0.084,-0.084,-0.172,-0.272,-0.252,-0.342,-0.334
-0.171,-0.141,-0.255,0.048,-0.182,-0.128,-0.107,0.019,-0.212,-0.1
-0.109,-0.103,-0.183,-0.197,-0.282,-0.125,-0.184,-0.049,-0.115,-0.076
-0.295,-0.02,-0.2,-0.289,-0.065,-0.08,-0.255,-0.183,-0.211,-0.29
-0.317,-0.021,-0.303,0.004,0.069,-0.171,-0.113,-0.016,-0.308,-0.174
-0.012,-0.061,-0.1,-0.032,-0.104,-0.123,0.005,-0.111,-0.165,-0.146
-0.128,0.083,-0.347,-0.155,0.019,-0.02,-0.151,-0.138,-0.202,-0.117
-0.332,0.05,-0.2,-0.096,-0.051,-0.171,-0.184,-0.014,-0.206,0.029
-0.242,-0.014,-0.145,-0.044,-0.2,0.14,-0.003,-0.134,0.039,-0.033
-0.122,0.011,-0.171,-0.155,-0.052,-0.083,-0.072,0.093,-0.04,-0.02
-0.044,0.101,-0.174,-0.153,-0.022,-0.156,-0.089,-0.152,0.086,0.126
0.015,0.066,-0.114,-0.094,0.127,-0.098,0.036,-0.158,0.048,0.099
-0.211,-0.01,-0.148,-0.423,0.026,-0.122,0.021,-0.13,0.141,0.134
0.054,-0.046,-0.141,-0.217,-0.19,-0.186,0.043,-0.269,0.029,0.14
0.062,-0.014,-0.104,-0.325,-0.114,-0.082,0.033,-0.083,0.054,-0.02
0.034,0.055,-0.14,-0.273,0.111,-0.182,-0.033,-0.306,0.252,0.086
0.022,-0.042,-0.075,-0.093,0.052,-0.045,-0.09,-0.237,0.13,-0.021
-0.046,-0.023,-0.145,-0.216,0.017,0.06,-0.144,-0.159,0.061,-0.022
0.069,0.022,-0.288,-0.146,-0.075,0.112,-0.16,-0.158,0.076,0.057
0.089,0.036,-0.246,-0.233,-0.114,-0.081,0.006,-0.045,0.026,-0.121
-0.013,0.097,-0.249,0.032,0.066,-0.216,0.01,-0.259,0.107,-0.018
0.084,0.266,-0.248,-0.195,0.123,-0.097,0.148,-0.149,0.038,0.157
0.054,0.067,-0.067,-0.239,0.184,-0.021,0.308,-0.22,-0.01,0.188
0.013,0.191,-0.061,0.009,0.171,-0.027,0.178,-0.226,-0.165,0.182
-0.158,0.198,0.023,0.018,0.313,0.072,0.148,-0.231,0.002,-0.008
-0.114,0.366,-0.009,-0.049,0.351,-0.099,-0.036,0.075,-0.165,0.174
-0.023,0.174,0.009,0.091,0.071,0.007,0.302,0.017,0.061,0.155
-0.19,0.244,0.264,-0.114,0.101,-0.021,0.079,-0.129,0.063,0.218
-0.028,0.352,0.178,-0.005,0.007,-0.134,0.183,-0.093,0.057,0.266
0.175,0.112,0.184,0.087,0.092,0.157,0.129,-0.087,0.065,0.16
-0.063,0.022,0.251,-0.146,0.046,0.029,0.077,-0.004,0.23,0.039
-0.013,0.117,0.107,0.203,0.091,-0.02,0.066,-0.064,0.222,0.166
0.074,0.022,0.172,-0.021,0.152,0.217,0.364,0.117,0.051,-0.129
0.062,0.205,0.161,0.147,0.185,0.128,-0.105,0.096,0.069,0.212
0.045,-0.064,-0.051,0.13,-0.012,0.159,0.185,0.243,0.204,0.047
0.112,0.112,0.129,0.116,0.133,0.075,-0.027,-0.026,0.092,0.266
0.046,-0.104,0.093,0.21,-0.086,-0.037,0.012,0.213,0.054,-0.008
0.237,0.103,0.124,0.307,0.08,0.106,-0.256,0.051,0.148,-0.036
0.295,-0.053,0.205,0.048,-0.116,0.331,-0.034,0.132,0.056,0.103
0.173,-0.08,-0.165,0.006,-0.011,0.295,-0.011,0.092,-0.0,0.072
0.138,0.008,-0.073,0.155,-0.049,0.085,-0.04,-0.045,0.095,0.292
0.235,-0.115,0.053,0.034,-0.03,0.044,-0.003,0.032,0.019,0.298
0.041,-0.146,0.114,-0.131,-0.132,-0.121,-0.088,0.015,0.198,0.141
-0.103,-0.063,-0.135,-0.069,0.042,0.026,-0.096,0.03,0.189,0.005
0.199,0.151,-0.127,-0.174,-0.202,0.066,0.008,-0.142,0.076,0.211
0.101,-0.239,-0.038,-0.13,-0.262,0.086,-0.119,0.145,0.043,-0.111
0.128,-0.027,0.159,-0.146,-0.269,0.065,-0.04,-0.135,0.13,-0.262
0.08,-0.257,-0.084,-0.047,-0.122,-0.178,-0.16,-0.082,0.097,-0.105
-0.011,0.008,-0.122,-0.038,-0.139,-0.16,-0.204,-0.035,0.117,-0.13
0.151,-0.063,-0.103,0.062,0.016,0.065,-0.138,-0.146,0.129,-0.235
0.186,-0.194,-0.071,-0.071,-0.115,-0.096,-0.107,-0.13,-0.142,-0.024
0.045,0.053,-0.054,-0.05,-0.146,0.012,0.177,0.006,0.064,-0.172
0.099,-0.123,-0.083,-0.116,-0.109,-0.067,-0.129,-0.115,0.102,0.024
0.028,-0.069,-0.202,-0.169,-0.018,-0.117,0.036,-0.173,-0.085,-0.085
0.197,-0.327,-0.089,0.048,-0.007,-0.142,-0.242,-0.093,-0.121,-0.151
0.089,-0.124,-0.134,0.052,-0.066,-0.176,-0.258,-0.12,-0.039,-0.115
0.019,0.053,-0.121,-0.141,-0.142,0.001,-0.061,0.029,-0.071,0.146
0.094,0.041,-0.137,-0.06,-0.189,-0.163,-0.127,-0.002,-0.117,-0.101
-0.034,-0.249,-0.069,-0.056,-0.226,-0.178,-0.061,-0.029,-0.115,-0.019
-0.131,0.001,0.097,-0.185,-0.275,-0.012,-0.031,-0.013,-0.122,-0.046
0.129,-0.014,0.02,-0.192,-0.014,-0.121,-0.019,0.214,-0.082,-0.057
0.096,-0.117,0.074,-0.069,-0.143,-0.146,-0.231,0.153,-0.086,-0.162
-0.028,-0.082,-0.143,-0.126,-0.133,-0.026,0.228,-0.06,0.004,0.006
0.083,-0.029,-0.258,0.077,-0.062,-0.198,0.048,-0.13,-0.124,-0.258
0.058,-0.108,-0.108,0.079,-0.042,-0.211,0.047,0.08,-0.301,-0.093
0.049,-0.127,-0.017,-0.069,0.138,-0.187,0.126,0.012,-0.082,-0.083
-0.111,0.024,-0.072,0.166,0.029,0.018,-0.013,-0.113,-0.305,0.013
-0.246,0.145,0.099,-0.031,-0.092,-0.188,-0.055,0.103,-0.185,0.052
0.128,0.062,0.135,0.041,-0.017,0.075,-0.023,0.109,-0.097,-0.007
-0.153,-0.064,-0.042,-0.031,0.009,0.01,0.094,0.241,0.078,-0.093
-0.13,-0.188,-0.132,-0.04,-0.033,0.087,-0.026,0.027,-0.023,0.089
-0.067,-0.142,0.204,0.011,-0.096,0.014,-0.005,-0.025,0.067,0.117
-0.049,0.169,0.163,0.024,0.038,-0.079,-0.091,0.223,0.122,0.212
-0.135,-0.228,-0.007,-0.18,0.195,0.007,0.018,0.056,0.012,0.066
-0.123,-0.086,-0.097,-0.055,-0.064,0.036,-0.017,-0.011,0.154,0.19
-0.031,0.138,-0.034,-0.1,0.162,0.01,-0.097,0.062,0.027,0.068
-0.021,0.071,-0.037,-0.158,0.032,-0.015,-0.091,-0.046,0.064,0.053
0.059,0.159,-0.021,-0.255,0.112,0.068,0.051,-0.046,-0.151,-0.057
0.092,0.185,-0.134,-0.244,0.262,-0.099,0.036,-0.155,0.099,-0.062
-0.034,0.15,-0.02,-0.056,0.083,-0.065,0.15,-0.185,0.102,0.062
-0.15,0.147,-0.002,-0.175,0.266,-0.071,0.044,-0.17,-0.124,-0.007
0.061,0.051,-0.07,-0.025,0.237,-0.009,-0.007,-0.167,0.114,0.269
0.1,0.14,0.001,0.044,0.165,-0.037,-0.003,-0.115,0.131,0.178
0.036,0.24,-0.144,-0.045,-0.067,0.066,0.163,-0.115,-0.022,0.043
0.123,0.277,0.042,-0.04,0.151,-0.15,0.16,-0.207,0.282,0.164
0.174,0.25,-0.141,0.113,-0.024,-0.057,0.15,0.018,0.073,0.253
0.196,0.349,-0.045,0.045,0.087,-0.112,0.164,-0.079,0.107,0.102
0.13,0.217,-0.044,-0.106,0.19,-0.143,-0.031,-0.12,0.109,0.115
0.061,0.013,0.201,0.133,-0.047,0.054,0.23,-0.137,0.163,0.077
0.153,-0.015,0.053,-0.009,0.078,-0.162,0.081,-0.176,-0.04,0.032
0.046,0.123,0.048,0.127,0.091,0.236,0.194,0.1,0.087,0.086
0.138,-0.269,0.269,0.164,0.066,0.244,-0.134,0.12,0.2,-0.047
0.123,-0.172,0.077,0.105,0.217,-0.018,0.136,0.082,0.175,-0.009
0.218,0.146,0.113,0.071,0.147,0.113,-0.098,0.107,0.089,0.185
0.091,-0.001,-0.038,0.146,0.135,0.199,-0.346,0.247,0.247,0.111
0.116,0.231,-0.071,0.097,0.079,-0.091,-0.011,0.016,0.17,0.088
0.194,0.093,-0.009,0.065,-0.069,-0.094,-0.056,0.018,0.198,0.141
0.186,0.082,0.075,0.019,0.085,0.033,0.001,0.057,0.261,0.174
0.173,-0.051,-0.013,0.157,0.093,-0.068,-0.135,0.3,0.16,0.219
0.343,-0.007,-0.053,0.103,0.05,0.019,0.058,0.233,0.316,0.022
0.115,0.08,-0.041,0.004,0.007,-0.152,-0.051,0.126,0.307,0.019
0.352,0.257,-0.007,0.013,0.041,-0.301,0.068,0.232,0.041,-0.023
0.169,-0.01,0.055,-0.046,0.095,-0.071,0.031,0.053,-0.099,0.038
-0.026,0.128,0.078,-0.02,0.023,-0.247,0.079,0.108,-0.23,0.123
0.048,0.01,0.094,0.122,0.123,-0.203,0.192,-0.014,0.177,-0.079
-0.087,-0.15,-0.01,0.034,0.248,-0.106,0.11,0.136,-0.069,0.112
-0.116,0.017,0.385,-0.04,0.167,0.132,-0.023,0.118,0.022,0.234
0.182,0.045,0.285,-0.002,0.219,0.142,0.109,0.245,0.096,0.335
0.034,-0.017,0.173,0.211,0.094,-0.077,0.008,0.089,-0.039,0.265
0.039,0.01,0.06,0.123,-0.096,0.286,0.109,0.069,-0.018,0.159
0.071,0.065,0.09,-0.06,0.054,0.059,0.069,0.269,0.157,0.175
-0.021,0.104,0.084,0.043,0.125,0.168,0.053,0.034,-0.126,0.024
0.064,-0.011,0.053,-0.012,0.058,0.192,0.197,0.003,0.114,0.068
-0.084,-0.057,-0.014,0.046,0.115,0.118,0.024,0.165,0.045,0.136
-0.181,0.108,0.167,0.063,0.099,0.235,0.161,-0.03,0.031,0.237
-0.115,-0.039,0.145,0.205,0.297,0.056,-0.094,0.073,0.168,0.154
0.083,0.022,0.016,0.167,0.024,0.185,0.093,-0.004,0.124,0.172
-0.084,0.066,0.047,0.225,-0.045,0.102,0.24,0.082,0.075,-0.043
-0.099,-0.057,0.136,0.22,0.142,0.161,0.17,0.061,0.057,0.03
0.056,0.098,-0.005,0.148,0.079,-0.029,0.069,0.072,0.07,0.12
0.141,0.031,0.144,0.225,0.106,0.073,0.127,0.256,0.006,0.019
0.165,-0.057,0.129,-0.08,-0.021,0.024,-0.028,0.023,-0.091,0.106
-0.011,0.019,0.091,0.202,0.079,0.199,0.239,0.03,0.079,0.067
0.156,0.118,0.217,0.141,0.116,-0.008,0.106,0.088,-0.068,0.065
0.137,0.273,-0.019,0.136,-0.164,0.131,0.039,0.177,0.001,0.114
-0.033,0.109,0.123,-0.099,0.06,0.129,-0.003,0.18,0.076,0.118
0.137,-0.05,0.18,-0.009,0.234,0.192,0.34,0.23,-0.054,0.02
0.23,-0.05,0.166,-0.02,-0.042,0.204,0.123,0.068,-0.074,0.232
0.255,-0.034,-0.115,0.24,0.225,0.11,0.072,0.026,-0.059,0.05
0.153,-0.144,0.17,0.163,-0.007,0.046,0.28,0.145,-0.128,0.019
-0.01,0.002,0.185,0.092,0.109,0.253,-0.034,0.05,0.063,0.066
0.132,0.062,-0.299,0.098,0.16,-0.02,-0.085,0.18,-0.008,0.302
0.212,-0.002,0.072,0.076,0.012,-0.004,-0.03,0.076,0.255,0.11
0.071,0.003,-0.051,0.037,-0.047,0.009,-0.01,0.229,0.198,0.083
0.145,-0.048,-0.027,0.11,0.067,-0.172,0.039,0.194,0.01,-0.09
-0.018,-0.149,0.027,0.001,-0.093,-0.083,-0.042,0.318,-0.019,0.057
0.066,-0.114,-0.074,-0.052,-0.241,-0.061,0.035,0.064,0.068,0.145
0.132,-0.021,0.053,0.065,-0.166,-0.136,-0.188,0.131,0.053,0.013
-0.063,-0.188,0.147,0.035,-0.152,-0.082,-0.277,0.066,0.065,-0.0
0.061,-0.207,-0.135,0.05,-0.076,-0.033,-0.117,0.051,-0.011,-0.292
-0.261,-0.154,-0.181,-0.055,-0.251,0.113,-0.125,0.202,-0.055,-0.154
0.171,-0.26,-0.249,-0.138,-0.196,-0.066,-0.0,0.098,0.033,-0.22
0.049,-0.16,-0.046,-0.013,-0.19,-0.12,-0.08,-0.07,-0.144,-0.151
-0.104,-0.097,-0.311,-0.142,-0.297,-0.059,-0.191,-0.026,0.053,-0.29
-0.02,-0.211,-0.132,-0.109,-0.276,0.002,-0.206,-0.154,-0.13,-0.074
-0.137,-0.043,-0.301,-0.286,-0.357,-0.4,-0.063,-0.336,-0.074,-0.332
-0.112,-0.332,-0.174,-0.19,-0.219,-0.163,-0.06,-0.469,-0.12,-0.283
-0.277,-0.329,-0.077,-0.148,-0.063,-0.142,-0.2,-0.418,-0.007,-0.032
-0.051,-0.197,-0.213,-0.312,-0.32,-0.025,-0.252,-0.07,-0.098,-0.316
0.046,-0.125,-0.282,-0.101,-0.188,-0.112,-0.226,-0.238,-0.223,-0.188
0.058,-0.144,-0.245,-0.324,-0.339,-0.211,-0.114,-0.267,-0.344,-0.103
-0.167,-0.175,-0.229,-0.093,-0.323,-0.117,-0.104,-0.273,-0.283,-0.103
-0.029,-0.229,-0.075,-0.103,-0.172,-0.298,-0.122,-0.06,-0.272,-0.14
-0.274,-0.129,-0.098,-0.175,-0.126,-0.132,-0.129,-0.133,0.007,-0.207
-0.206,-0.133,-0.178,-0.123,-0.331,-0.265,-0.106,-0.043,-0.09,-0.228
-0.102,-0.199,-0.056,-0.12,0.009,-0.16,-0.046,-0.108,-0.136,-0.063
-0.121,-0.2,-0.261,0.037,-0.181,-0.063,-0.016,-0.186,-0.154,-0.155
-0.262,-0.089,-0.059,0.028,-0.117,-0.388,-0.097,0.088,0.007,-0.047
-0.098,-0.073,-0.069,0.093,-0.223,0.001,-0.188,0.094,0.139,-0.15
0.041,-0.353,-0.164,0.164,-0.153,-0.298,-0.004,0.106,0.225,-0.163
0.145,-0.308,-0.174,0.039,-0.091,-0.119,-0.109,0.21,-0.072,-0.261
0.021,-0.22,-0.09,0.108,-0.128,-0.014,0.039,0.214,0.01,-0.157
-0.001,-0.125,-0.044,0.171,0.028,-0.027,-0.329,0.175,-0.088,-0.138
-0.024,-0.137,0.061,0.04,0.136,0.044,-0.052,-0.032,-0.105,-0.304
-0.06,-0.03,-0.098,0.173,-0.079,-0.004,0.155,0.047,0.002,-0.233
-0.071,-0.112,-0.216,0.069,0.109,-0.019,-0.117,0.157,0.021,-0.079
-0.023,-0.064,-0.203,0.069,0.04,0.178,0.036,0.066,0.049,0.038
-0.128,0.1,-0.059,-0.123,-0.005,-0.026,-0.018,0.014,-0.093,-0.172
-0.142,-0.092,-0.208,-0.123,-0.016,0.063,-0.057,-0.057,-0.083,-0.144
0.022,-0.079,0.0,0.052,0.004,-0.084,-0.014,0.024,-0.085,-0.057
-0.16,-0.044,-0.189,-0.004,-0.109,0.084,-0.115,0.071,-0.007,-0.142
-0.067,0.053,0.019,-0.126,0.014,-0.149,0.008,0.049,-0.05,-0.076
-0.044,-0.24,-0.074,0.046,0.017,0.055,0.019,-0.028,-0.005,-0.036
-0.064,-0.031,-0.104,-0.032,-0.181,-0.014,0.044,0.027,-0.127,-0.116
0.005,-0.073,0.029,0.047,0.02,0.173,-0.07,0.066,-0.004,-0.242
-0.057,-0.232,0.138,0.071,0.15,-0.084,-0.038,0.022,-0.059,-0.075
-0.136,-0.054,0.068,0.084,0.003,0.197,-0.117,0.062,-0.067,0.034
-0.054,0.105,-0.1,0.048,-0.184,0.052,-0.021,0.01,0.124,-0.06
-0.227,0.01,-0.007,0.083,-0.049,-0.074,-0.258,0.123,0.027,-0.025
-0.101,0.096,-0.348,0.11,-0.053,0.221,-0.109,0.047,-0.047,0.001
0.165,-0.115,-0.113,-0.055,-0.061,-0.064,-0.094,0.108,0.066,-0.217
-0.027,0.024,-0.056,-0.084,0.124,0.033,-0.027,0.194,0.08,-0.09
0.21,-0.005,-0.288,0.033,0.076,-0.183,0.015,0.116,-0.087,-0.123
0.033,-0.059,-0.197,0.095,0.156,-0.025,-0.037,0.042,0.091,-0.029
-0.055,0.171,-0.163,-0.101,0.053,-0.183,0.103,-0.008,-0.146,0.022
-0.098,0.03,-0.169,-0.11,0.052,-0.216,-0.024,0.041,0.013,0.049
0.075,0.038,-0.004,-0.153,0.055,-0.108,0.23,0.143,0.063,0.078
0.061,-0.032,0.128,-0.096,-0.096,-0.207,0.106,-0.152,0.083,0.072
0.18,-0.1,0.015,-0.206,-0.079,-0.068,0.102,-0.08,0.071,0.224
0.131,-0.048,0.132,-0.094,0.096,-0.042,0.098,-0.115,0.027,-0.045
0.128,-0.163,0.036,0.016,0.104,0.011,0.079,-0.187,-0.109,0.123
0.168,0.012,0.071,-0.017,0.025,0.013,0.082,-0.186,0.117,-0.114
0.065,0.078,0.13,0.053,-0.05,-0.008,0.12,-0.228,0.076,0.027
0.045,-0.043,0.009,-0.022,0.034,0.072,0.09,-0.057,-0.065,0.111
0.101,0.065,0.026,0.155,0.033,-0.041,-0.06,-0.068,0.058,-0.097
0.101,0.055,0.023,0.106,-0.089,0.095,0.01,-0.196,0.063,-0.03
0.284,0.029,0.073,0.043,0.068,0.07,-0.12,-0.178,0.014,-0.038
0.165,0.121,-0.291,-0.013,-0.146,0.003,-0.005,0.026,-0.027,-0.002
0.096,-0.106,-0.059,-0.094,-0.025,0.064,-0.043,-0.205,-0.015,-0.013
0.068,-0.167,0.084,-0.1,-0.106,-0.002,0.107,-0.022,-0.009,-0.089
0.133,-0.139,-0.068,-0.05,-0.034,-0.036,-0.004,0.025,-0.04,-0.053
0.09,-0.094,0.021,-0.095,-0.236,-0.201,-0.12,-0.004,-0.057,-0.115
0.093,-0.094,0.061,0.018,0.2,-0.168,-0.048,0.102,-0.047,-0.138
-0.092,-0.084,0.159,-0.033,-0.067,-0.223,0.106,-0.062,-0.146,-0.11
0.092,-0.143,0.09,0.047,0.051,-0.346,-0.141,-0.134,-0.081,0.051
0.032,0.139,0.131,0.119,-0.038,-0.107,-0.057,-0.206,-0.063,0.073
-0.143,-0.054,0.125,0.194,0.016,0.116,0.005,0.023,-0.146,0.013
-0.127,-0.009,0.101,0.125,0.055,0.041,-0.277,0.019,0.123,-0.063
0.153,0.093,-0.03,0.094,-0.271,0.146,-0.14,0.152,0.026,0.068
-0.047,-0.122,-0.072,0.157,-0.141,0.063,-0.224,0.288,-0.067,-0.118
0.077,0.052,-0.163,-0.042,-0.202,0.059,0.083,0.149,0.094,-0.181
0.202,-0.108,0.16,0.074,-0.052,-0.016,-0.014,0.362,0.019,-0.258
-0.25,-0.147,-0.117,-0.202,-0.168,0.018,-0.056,0.166,-0.369,-0.167
0.009,-0.201,0.038,-0.151,-0.177,0.034,0.124,0.072,0.142,-0.205
-0.11,-0.034,-0.007,-0.133,-0.036,0.055,-0.063,0.083,-0.133,-0.275
-0.095,-0.08,-0.105,0.026,-0.238,0.167,-0.214,0.053,-0.077,-0.083
-0.008,-0.072,-0.045,-0.238,-0.264,-0.049,-0.067,0.035,-0.166,-0.013
-0.085,-0.166,-0.004,-0.059,-0.24,-0.048,-0.049,-0.007,0.029,0.023
-0.007,-0.264,-0.272,-0.051,-0.001,0.0,-0.232,-0.119,-0.149,-0.195
-0.108,-0.205,0.032,-0.083,-0.156,-0.152,-0.116,-0.044,0.051,-0.171
0.08,-0.086,-0.06,-0.117,-0.138,-0.107,-0.081,-0.056,-0.056,-0.227
-0.154,-0.247,-0.087,0.085,-0.251,0.148,-0.216,-0.081,0.009,-0.179
-0.178,-0.291,-0.102,0.119,-0.108,0.049,-0.227,-0.136,-0.075,0.134
-0.179,-0.154,-0.159,-0.095,-0.166,-0.006,-0.058,-0.028,-0.177,-0.183
0.026,-0.257,-0.121,0.017,-0.157,0.075,-0.097,-0.06,-0.204,-0.042
-0.147,-0.005,0.139,-0.121,-0.046,-0.071,-0.322,0.027,0.02,-0.053
