TIC_1155.MV,PI_1180.PV,PIC1101A.PV,PR1102A.PV,PDR1401.PV,LRCA1101.MV,PDR1103.PV,TI_1145.PV
20.3467,0.2081,14.9055,0.1969,12.304,72.2983,9.557,488.99
20.3466,0.2081,14.9055,0.1969,12.304,72.2983,9.553,488.99
20.3466,0.2082,14.9055,0.1969,12.304,72.349,9.55,488.99
20.3465,0.2083,14.9055,0.197,12.304,72.3496,9.548,488.99
20.3464,0.2084,14.9055,0.1972,12.303,72.4008,9.548,488.99
20.3463,0.2086,14.9055,0.1973,12.303,72.4021,9.549,488.99
20.3463,0.2089,14.9055,0.1976,12.303,72.4033,9.551,488.99
20.3462,0.2091,14.9055,0.1979,12.303,72.4552,9.555,488.99
20.3461,0.2094,14.9055,0.1982,12.303,72.4571,9.561,488.99
20.346,0.2098,14.9055,0.1985,12.303,72.459,9.569,488.99
20.3459,0.2102,14.9055,0.1989,12.303,72.4608,9.577,489.02
20.3459,0.2105,14.9055,0.1993,12.303,72.4121,9.587,489.02
20.3458,0.2103,14.9055,0.1992,12.303,72.4133,9.598,489.02
20.3457,0.2097,14.9055,0.1984,12.303,72.364,9.603,489.02
20.3456,0.209,14.9055,0.1979,12.303,72.314,9.596,489.02
20.3456,0.2086,14.9055,0.1975,12.303,72.314,9.588,489.02
20.3455,0.2082,14.9055,0.1971,12.303,72.314,9.578,489.02
20.3454,0.2079,14.9055,0.1967,12.304,72.314,9.567,489.02
20.3453,0.2077,14.9055,0.1965,12.304,72.314,9.557,489.02
20.3453,0.2076,14.9055,0.1963,12.304,72.314,9.547,489.02
20.3452,0.2074,14.9055,0.1962,12.304,72.3646,9.539,489.02
20.3451,0.2074,14.9055,0.1963,12.304,72.4158,9.533,489.02
20.345,0.2075,14.9055,0.1964,12.304,72.4171,9.53,489.02
20.345,0.2078,14.9055,0.1965,12.304,72.469,9.528,489.02
20.3449,0.208,14.9055,0.1967,12.304,72.4708,9.528,489.02
20.3448,0.2083,14.9055,0.197,12.304,72.5234,9.53,489.02
20.3447,0.2086,14.9055,0.1974,12.303,72.5765,9.534,489.05
20.3447,0.209,14.9055,0.1977,12.303,72.5796,9.541,489.05
20.3446,0.2094,14.9055,0.1983,12.303,72.5827,9.548,489.05
20.3445,0.2098,14.9055,0.1987,12.303,72.5858,9.56,489.05
20.3444,0.21,14.9055,0.1988,12.303,72.589,9.572,489.05
20.3443,0.2102,14.9055,0.199,12.303,72.5415,9.581,489.05
20.3443,0.2103,14.9055,0.1991,12.303,72.544,9.588,489.05
20.3442,0.2104,14.9055,0.1992,12.303,72.4959,9.595,489.05
20.3441,0.2105,14.9055,0.1993,12.303,72.4471,9.601,489.05
20.344,0.2102,14.9055,0.199,12.304,72.4484,9.607,489.05
20.344,0.2099,14.9055,0.1987,12.304,72.399,9.605,489.05
20.3439,0.2098,14.9055,0.1986,12.304,72.349,9.602,489.05
20.3438,0.2098,14.9055,0.1986,12.304,72.349,9.6,489.05
20.3437,0.2099,14.9055,0.1987,12.305,72.349,9.599,489.05
20.3437,0.2099,14.9055,0.1988,12.305,72.2984,9.6,489.05
20.3436,0.2097,14.9055,0.1985,12.305,72.2977,9.603,489.05
20.3435,0.2095,14.9141,0.1983,12.305,72.2971,9.6,489.02
20.3434,0.2095,14.9144,0.1983,12.305,72.2965,9.597,489.02
20.3434,0.2096,14.9147,0.1984,12.305,72.2452,9.595,489.02
20.3433,0.2097,14.9063,0.1985,12.306,72.244,9.595,489.02
20.3432,0.2097,14.9063,0.1985,12.306,72.2427,9.598,489.02
20.3431,0.2098,14.9063,0.1985,12.306,72.2415,9.598,489.02
20.3431,0.2098,14.9063,0.1986,12.305,72.2402,9.599,489.02
20.343,0.2098,14.9063,0.1985,12.305,72.239,9.601,489.02
20.3429,0.2099,14.9063,0.1986,12.305,72.2377,9.601,489.02
20.3428,0.2101,14.9063,0.1988,12.305,72.2365,9.602,488.99
20.3427,0.2102,14.9063,0.1991,12.305,72.1846,9.606,488.99
20.3427,0.2102,14.9063,0.199,12.305,72.1827,9.611,488.99
20.3426,0.2103,14.9063,0.199,12.305,72.1809,9.613,488.99
20.3425,0.2103,14.9063,0.1991,12.304,72.179,9.615,488.99
20.3424,0.2103,14.9063,0.1991,12.304,72.1265,9.617,488.99
20.3424,0.2103,14.9063,0.1991,12.304,72.124,9.619,488.99
20.3423,0.2102,14.9063,0.1991,12.304,72.1215,9.62,488.96
20.3422,0.2102,14.9063,0.199,12.304,72.0683,9.62,488.96
20.3421,0.2102,14.9063,0.1989,12.304,72.0652,9.619,488.96
20.3421,0.2102,14.9063,0.1989,12.304,72.0621,9.619,488.96
20.342,0.21,14.9063,0.1989,12.304,72.0083,9.618,488.96
20.3419,0.2097,14.9063,0.1985,12.304,72.0046,9.618,488.96
20.3418,0.2094,14.9063,0.1982,12.303,72.0008,9.612,488.93
20.3418,0.2092,14.9063,0.198,12.303,71.997,9.606,488.93
20.3417,0.209,14.9063,0.1978,12.303,71.9933,9.599,488.93
20.3416,0.2087,14.9063,0.1976,12.303,71.9895,9.593,488.93
20.3415,0.2086,14.8977,0.1974,12.303,71.9858,9.586,488.93
20.3414,0.2085,14.8974,0.1973,12.303,72.0327,9.58,488.93
20.3414,0.2085,14.8972,0.1972,12.302,72.0295,9.575,488.93
20.3413,0.2083,14.9055,0.1972,12.3,72.077,9.57,488.93
20.3412,0.2084,14.9055,0.1972,12.3,72.0745,9.566,488.93
20.3411,0.2084,14.9055,0.1972,12.3,72.1227,9.562,488.93
20.3411,0.2086,14.8969,0.1973,12.302,72.1208,9.56,488.93
20.341,0.2086,14.8966,0.1974,12.301,72.1695,9.559,488.93
20.3409,0.2088,14.8963,0.1975,12.301,72.1683,9.559,488.93
20.3408,0.2089,14.8961,0.1977,12.299,72.167,9.561,488.93
20.3408,0.2091,14.8958,0.1979,12.299,72.2164,9.564,488.93
20.3407,0.2093,14.8955,0.1981,12.299,72.2158,9.567,488.93
20.3406,0.2095,14.8952,0.1983,12.299,72.2152,9.572,488.93
20.3405,0.2098,14.8949,0.1986,12.299,72.2145,9.577,488.93
20.3405,0.2101,14.8947,0.1988,12.299,72.2139,9.584,488.93
20.3404,0.2103,14.8944,0.1991,12.299,72.2133,9.591,488.96
20.3403,0.2104,14.9027,0.1992,12.298,72.2127,9.599,488.96
20.3402,0.2104,14.9027,0.1993,12.298,72.1614,9.605,488.96
20.3554,0.2096,14.9027,0.1984,12.299,72.1601,9.611,488.93
20.3558,0.209,14.9027,0.1978,12.301,72.1083,9.602,488.93
20.3563,0.2085,14.9027,0.1974,12.301,72.1064,9.59,488.93
20.3414,0.2082,14.9027,0.197,12.301,72.0539,9.579,488.93
20.3413,0.2079,14.9027,0.1967,12.301,72.102,9.567,488.93
20.3412,0.2078,14.9027,0.1965,12.301,72.1002,9.557,488.93
20.3412,0.2076,14.9027,0.1964,12.301,72.1489,9.548,488.93
20.3411,0.2076,14.9027,0.1964,12.301,72.1983,9.542,488.93
20.341,0.2077,14.9027,0.1964,12.301,72.1976,9.538,488.96
20.3409,0.2078,14.9027,0.1966,12.301,72.2477,9.535,488.96
20.3409,0.2078,14.9027,0.1967,12.301,72.2983,9.533,488.96
20.3408,0.2081,14.9027,0.1969,12.301,72.2989,9.534,488.96
20.3407,0.2083,14.9027,0.1971,12.301,72.3501,9.535,488.96
20.3406,0.2086,14.9027,0.1973,12.301,72.3514,9.539,488.96
20.3406,0.2088,14.9027,0.1976,12.301,72.4033,9.543,488.96
20.3405,0.209,14.9027,0.1979,12.301,72.4052,9.549,488.99
20.3404,0.2094,14.8941,0.1982,12.301,72.407,9.556,488.99
20.3403,0.2098,14.8938,0.1986,12.301,72.4089,9.564,488.99
20.3403,0.2103,14.8936,0.1991,12.301,72.4108,9.575,488.99
20.3402,0.2106,14.9019,0.1995,12.299,72.4127,9.587,488.99
20.3401,0.2104,14.9019,0.1992,12.299,72.3639,9.599,488.99
20.34,0.2101,14.9019,0.199,12.299,72.3146,9.602,488.99
20.3399,0.2099,14.9019,0.1987,12.302,72.3152,9.603,488.99
20.3399,0.2098,14.9019,0.1986,12.302,72.2652,9.6,488.99
20.3398,0.2096,14.9019,0.1984,12.302,72.2652,9.599,488.99
20.3397,0.2095,14.9019,0.1982,12.302,72.2652,9.597,488.99
20.3396,0.2094,14.9019,0.1981,12.303,72.3158,9.594,488.99
20.3396,0.2092,14.9019,0.198,12.303,72.367,9.591,488.99
20.3395,0.2091,14.9105,0.1979,12.303,72.3683,9.588,489.02
20.3394,0.209,14.9108,0.1977,12.303,72.4202,9.585,489.02
20.3393,0.2088,14.9111,0.1976,12.303,72.4727,9.582,489.02
20.3393,0.2086,14.9027,0.1974,12.305,72.5764,9.577,489.02
20.3392,0.2086,14.9027,0.1973,12.305,72.6308,9.572,489.05
20.3391,0.2084,14.9027,0.1972,12.305,72.6858,9.567,489.05
20.339,0.2082,14.9027,0.197,12.303,72.792,9.562,489.08
20.339,0.2082,14.9027,0.1969,12.303,72.8995,9.556,489.11
20.3389,0.2079,14.9027,0.1968,12.303,72.9577,9.551,489.14
20.3388,0.2078,14.9027,0.1966,12.303,73.0671,9.545,489.14
20.3387,0.2078,14.9027,0.1965,12.304,73.1777,9.539,489.17
20.3387,0.2077,14.9027,0.1964,12.304,73.2895,9.533,489.2
20.3386,0.2077,14.9027,0.1964,12.304,73.4533,9.528,489.26
20.3385,0.2076,14.9027,0.1964,12.304,73.5683,9.523,489.29
20.3384,0.2076,14.9113,0.1964,12.304,73.6846,9.519,489.32
20.3383,0.2077,14.9116,0.1964,12.304,73.8527,9.516,489.35
20.3383,0.2077,14.9119,0.1965,12.305,73.972,9.513,489.41
20.3382,0.2078,14.9036,0.1966,12.307,74.0927,9.512,489.47
20.3381,0.2078,14.9036,0.1966,12.307,74.2652,9.511,489.5
20.338,0.2079,14.9036,0.1968,12.307,74.3889,9.511,489.56
20.338,0.2081,14.9036,0.1969,12.305,74.5645,9.512,489.62
20.3379,0.2082,14.9122,0.197,12.306,74.6914,9.512,489.68
20.3378,0.2082,14.9124,0.1971,12.307,74.8702,9.514,489.71
20.3377,0.2084,14.9127,0.1972,12.307,75.0001,9.515,489.77
20.3377,0.2085,14.913,0.1973,12.31,75.1314,9.517,489.83
20.3376,0.2086,14.9133,0.1975,12.31,75.3145,9.519,489.92
20.3375,0.2088,14.9136,0.1976,12.311,75.4489,9.522,489.98
20.3374,0.209,14.9138,0.1978,12.312,75.5845,9.525,490.04
20.3374,0.2091,14.9227,0.1979,12.313,75.772,9.529,490.1
20.3373,0.2092,14.9233,0.1981,12.314,75.9108,9.533,490.16
20.3372,0.2094,14.9238,0.1982,12.315,76.0508,9.537,490.25
20.3371,0.2096,14.9244,0.1983,12.318,76.192,9.54,490.31
20.337,0.2097,14.9249,0.1985,12.319,76.3345,9.545,490.37
20.337,0.2098,14.9255,0.1986,12.32,76.4783,9.549,490.46
20.3369,0.21,14.9347,0.1988,12.321,76.6233,9.553,490.52
20.3368,0.2102,14.9355,0.199,12.322,76.8202,9.557,490.58
20.3367,0.2103,14.9363,0.1991,12.324,76.9176,9.562,490.67
20.3367,0.2104,14.9372,0.1992,12.326,77.0664,9.567,490.73
20.3366,0.2105,14.938,0.1993,12.329,77.2164,9.571,490.82
20.3365,0.2106,14.9474,0.1994,12.33,77.3677,9.575,490.88
20.3364,0.2107,14.9486,0.1995,12.331,77.5201,9.579,490.97
20.3364,0.2107,14.9497,0.1995,12.332,77.6739,9.582,491.03
20.3363,0.2108,14.9508,0.1996,12.335,77.7783,9.585,491.12
20.3362,0.2108,14.9519,0.1996,12.337,77.9339,9.586,491.21
20.3361,0.2108,14.9616,0.1996,12.338,78.0908,9.588,491.27
20.3361,0.2108,14.963,0.1996,12.34,78.1983,9.59,491.36
20.336,0.211,14.9644,0.1996,12.341,78.357,9.59,491.42
20.3359,0.2109,14.9658,0.1997,12.344,78.4664,9.591,491.51
20.3358,0.2109,14.9672,0.1997,12.346,78.627,9.591,491.6
20.3358,0.2108,14.9685,0.1997,12.347,78.7383,9.591,491.69
20.3357,0.2109,14.9785,0.1996,12.349,78.9008,9.591,491.75
20.3356,0.2109,14.9802,0.1996,12.35,79.0645,9.59,491.84
20.3355,0.2108,14.9819,0.1996,12.351,79.1789,9.59,491.93
20.3354,0.2109,14.9835,0.1996,12.354,79.3445,9.589,492.02
20.3354,0.2109,14.9852,0.1996,12.356,79.4608,9.588,492.11
20.3353,0.2109,14.9869,0.1997,12.357,79.6283,9.587,492.2
20.3352,0.2109,14.9886,0.1997,12.358,79.7464,9.587,492.29
20.3351,0.2109,14.9902,0.1997,12.36,79.9158,9.586,492.38
20.3351,0.211,14.9919,0.1997,12.361,80.0358,9.586,492.47
20.335,0.2109,15.0022,0.1997,12.362,80.207,9.585,492.56
20.3349,0.211,15.0041,0.1997,12.364,80.3289,9.585,492.65
20.3348,0.211,15.0061,0.1997,12.365,80.4514,9.585,492.74
20.3348,0.211,15.008,0.1998,12.367,80.6252,9.584,492.83
20.3347,0.2111,15.0099,0.1999,12.368,80.7495,9.585,492.92
20.3346,0.2111,15.0119,0.1999,12.37,80.9252,9.585,493.04
20.3345,0.2112,15.0138,0.2,12.371,81.0514,9.585,493.13
20.3345,0.2112,15.0158,0.2,12.372,81.1783,9.586,493.22
20.3344,0.2114,15.0177,0.2001,12.373,81.3564,9.586,493.34
20.3343,0.2114,15.0197,0.2002,12.374,81.4851,9.587,493.43
20.3342,0.2116,15.0216,0.2003,12.376,81.6145,9.589,493.52
20.3342,0.2116,15.0236,0.2004,12.377,81.7445,9.591,493.61
20.3341,0.2118,15.0255,0.2005,12.377,81.8752,9.593,493.73
20.334,0.2118,15.0274,0.2006,12.379,82.0064,9.595,493.82
20.3339,0.2119,15.0294,0.2007,12.38,82.1383,9.598,493.94
20.3338,0.2119,15.0313,0.2008,12.382,82.2708,9.601,494.03
20.3338,0.2121,15.0333,0.2008,12.383,82.4039,9.603,494.12
20.3337,0.2121,15.0438,0.2009,12.384,82.4871,9.604,494.24
20.3336,0.2121,15.0461,0.2009,12.385,82.6208,9.606,494.33
20.3335,0.212,15.0483,0.2009,12.386,82.7552,9.607,494.45
20.3335,0.2121,15.0505,0.2008,12.389,82.8395,9.608,494.54
20.3334,0.2121,15.0441,0.2008,12.391,82.9745,9.607,494.63
20.3333,0.2121,15.0461,0.2009,12.391,83.0595,9.607,494.75
20.3332,0.2121,15.048,0.2009,12.393,83.1951,9.607,494.84
20.3332,0.2121,15.0586,0.2009,12.391,83.2808,9.606,494.96
20.3331,0.2121,15.0608,0.2009,12.393,83.417,9.606,495.05
20.333,0.2122,15.063,0.2009,12.394,83.5033,9.605,495.17
20.3329,0.2122,15.0652,0.2009,12.397,83.5895,9.605,495.26
20.3329,0.2122,15.0674,0.2009,12.398,83.7264,9.605,495.38
20.3328,0.2122,15.0697,0.201,12.399,83.8133,9.605,495.5
20.3327,0.2123,15.0719,0.2011,12.4,83.9002,9.606,495.59
20.3326,0.2123,15.0741,0.2011,12.401,83.987,9.606,495.71
20.3325,0.2124,15.0763,0.2011,12.401,84.0739,9.607,495.8
20.3325,0.2125,15.0786,0.2012,12.403,84.1608,9.607,495.92
20.3324,0.2126,15.0808,0.2013,12.403,84.2477,9.608,496.01
20.3323,0.2126,15.083,0.2014,12.405,84.3345,9.61,496.13
20.3322,0.2126,15.0852,0.2014,12.405,84.4214,9.611,496.25
20.3322,0.2126,15.0874,0.2015,12.407,84.5083,9.612,496.34
20.3321,0.2127,15.0897,0.2015,12.407,84.5952,9.613,496.46
20.332,0.2128,15.0919,0.2015,12.408,84.682,9.614,496.55
20.3319,0.2128,15.0855,0.2015,12.408,84.7689,9.614,496.67
20.3319,0.2128,15.0874,0.2016,12.409,84.8558,9.615,496.79
20.3318,0.2128,15.0894,0.2016,12.41,84.9427,9.616,496.88
20.3317,0.2128,15.0913,0.2016,12.409,84.9789,9.616,497.0
20.3316,0.2128,15.1019,0.2016,12.41,85.0652,9.617,497.12
20.3316,0.2127,15.1041,0.2016,12.41,85.1514,9.617,497.21
20.3315,0.2127,15.1063,0.2015,12.411,85.187,9.616,497.33
20.3314,0.2126,15.0999,0.2015,12.414,85.2727,9.615,497.42
20.3313,0.2126,15.1019,0.2014,12.413,85.3583,9.613,497.54
20.3313,0.2126,15.1038,0.2013,12.415,85.3933,9.61,497.66
20.3312,0.2124,15.1058,0.2013,12.412,85.4783,9.608,497.78
20.3311,0.2124,15.1077,0.2012,12.414,85.5127,9.606,497.87
20.331,0.2124,15.1097,0.2012,12.414,85.597,9.603,497.99
20.3309,0.2124,15.1116,0.2011,12.415,85.6308,9.601,498.11
20.3309,0.2124,15.1136,0.2011,12.415,85.7145,9.599,498.2
20.3308,0.2124,15.1155,0.2012,12.415,85.7477,9.597,498.32
20.3307,0.2123,15.1174,0.2012,12.416,85.8308,9.595,498.44
20.3306,0.2125,15.1108,0.2012,12.416,85.8633,9.595,498.56
20.3306,0.2125,15.1124,0.2013,12.417,85.9458,9.594,498.68
20.3305,0.2126,15.1141,0.2013,12.416,85.9776,9.594,498.77
20.3304,0.2126,15.1158,0.2015,12.415,86.0595,9.594,498.89
20.3303,0.2127,15.1174,0.2015,12.415,86.0908,9.595,499.01
20.3303,0.2126,15.1191,0.2015,12.415,86.1214,9.596,499.13
20.3302,0.2128,15.1208,0.2015,12.416,86.202,9.597,499.25
20.3301,0.2128,15.1224,0.2016,12.415,86.232,9.597,499.34
20.33,0.2129,15.1241,0.2016,12.415,86.2614,9.598,499.46
20.33,0.2129,15.1172,0.2017,12.416,86.3408,9.598,499.58
20.3299,0.213,15.1186,0.2018,12.416,86.3695,9.599,499.7
20.3298,0.213,15.1199,0.2018,12.415,86.3977,9.6,499.82
20.3297,0.213,15.1213,0.2018,12.414,86.4758,9.601,499.94
20.3296,0.213,15.1227,0.2019,12.414,86.5033,9.602,500.03
20.3296,0.213,15.1241,0.2019,12.414,86.5302,9.602,500.15
20.3295,0.213,15.1255,0.2019,12.415,86.607,9.603,500.27
20.3294,0.213,15.1269,0.2018,12.414,86.6333,9.602,500.39
20.3293,0.213,15.1283,0.2018,12.414,86.6589,9.602,500.51
20.3293,0.213,15.1211,0.2018,12.415,86.6839,9.601,500.6
20.3292,0.2131,15.1222,0.2018,12.414,86.7589,9.6,500.72
20.3291,0.213,15.1233,0.2019,12.414,86.7833,9.6,500.84
20.329,0.2132,15.1244,0.2019,12.412,86.807,9.6,500.96
20.329,0.2132,15.1255,0.2019,12.412,86.8302,9.599,501.08
20.3289,0.2133,15.1266,0.202,12.412,86.9033,9.6,501.17
20.3288,0.2133,15.1277,0.2021,12.412,86.9258,9.601,501.29
20.3287,0.2134,15.1288,0.2021,12.412,86.9477,9.602,501.41
20.3287,0.2134,15.1213,0.2022,12.412,86.9689,9.603,501.53
20.3286,0.2134,15.1222,0.2023,12.411,86.9895,9.605,501.62
20.3285,0.2134,15.123,0.2023,12.411,87.0602,9.606,501.74
20.3284,0.2135,15.1238,0.2023,12.41,87.0801,9.607,501.86
20.3284,0.2136,15.1247,0.2023,12.409,87.0995,9.607,501.98
20.3283,0.2135,15.1255,0.2024,12.409,87.1183,9.608,502.07
20.3282,0.2137,15.1263,0.2024,12.409,87.1364,9.608,502.19
20.3281,0.2135,15.1272,0.2024,12.408,87.2045,9.608,502.31
20.328,0.2135,15.128,0.2024,12.409,87.222,9.609,502.4
20.328,0.2136,15.1202,0.2023,12.408,87.2389,9.608,502.52
20.3279,0.2135,15.1208,0.2023,12.408,87.2551,9.608,502.64
20.3278,0.2135,15.1213,0.2023,12.407,87.2708,9.607,502.76
20.3277,0.2135,15.1219,0.2023,12.406,87.3364,9.606,502.85
20.3277,0.2136,15.1224,0.2023,12.406,87.3514,9.605,502.97
20.3276,0.2136,15.123,0.2024,12.405,87.3658,9.604,503.09
20.3275,0.2136,15.1235,0.2024,12.405,87.3795,9.604,503.18
20.3274,0.2136,15.1241,0.2024,12.404,87.3926,9.605,503.3
20.3274,0.2136,15.1247,0.2024,12.404,87.4052,9.605,503.42
20.3273,0.2137,15.1166,0.2024,12.403,87.4677,9.605,503.51
20.3272,0.2136,15.1169,0.2025,12.403,87.4795,9.605,503.63
20.3271,0.2137,15.1172,0.2024,12.402,87.4908,9.606,503.75
20.3271,0.2137,15.1174,0.2024,12.401,87.5014,9.605,503.84
20.327,0.2136,15.1177,0.2024,12.401,87.5114,9.605,503.96
20.3269,0.2137,15.118,0.2024,12.4,87.5208,9.604,504.08
20.3268,0.2136,15.1183,0.2024,12.4,87.5801,9.603,504.17
20.3267,0.2137,15.1185,0.2024,12.399,87.5889,9.603,504.29
20.3267,0.2138,15.1188,0.2025,12.399,87.597,9.602,504.41
20.3266,0.2138,15.1191,0.2025,12.398,87.6045,9.602,504.5
20.3265,0.2138,15.1108,0.2025,12.398,87.6114,9.602,504.62
20.3264,0.2137,15.1108,0.2026,12.397,87.6683,9.603,504.71
20.3264,0.2138,15.1108,0.2026,12.397,87.6745,9.603,504.83
20.3263,0.2137,15.1108,0.2026,12.395,87.6802,9.603,504.95
20.3262,0.2138,15.1108,0.2026,12.395,87.6852,9.603,505.04
20.3261,0.2138,15.1108,0.2026,12.394,87.7402,9.602,505.16
20.3261,0.2138,15.1108,0.2026,12.394,87.7445,9.602,505.25
20.326,0.2138,15.1108,0.2025,12.393,87.7483,9.602,505.37
20.3259,0.2138,15.1108,0.2025,12.393,87.7514,9.601,505.49
20.3258,0.2138,15.1108,0.2025,12.392,87.7539,9.6,505.58
20.3258,0.212,15.1022,0.2007,12.392,87.7558,9.599,505.7
20.3257,0.2106,15.1019,0.1993,12.391,87.757,9.573,505.79
20.3256,0.2092,15.1016,0.198,12.39,87.7576,9.541,505.91
20.3255,0.208,15.1013,0.1968,12.388,87.7576,9.505,506.0
20.3255,0.207,15.101,0.1958,12.387,87.757,9.469,506.12
20.3254,0.2062,15.1008,0.1949,12.386,87.7558,9.434,506.24
20.3253,0.2055,15.1005,0.1943,12.385,87.7539,9.402,506.33
20.3252,0.2051,15.0916,0.1938,12.384,87.7514,9.373,506.45
20.3251,0.2048,15.091,0.1935,12.383,87.6976,9.347,506.57
20.3251,0.2045,15.0905,0.1933,12.382,87.6933,9.325,506.69
20.325,0.2044,15.0899,0.1931,12.379,87.6883,9.306,506.81
20.3249,0.2043,15.0808,0.1931,12.378,87.6826,9.289,506.96
20.3248,0.2044,15.0799,0.1931,12.377,87.6764,9.277,507.08
20.3248,0.2046,15.0791,0.1933,12.374,87.6695,9.267,507.2
20.3247,0.2048,15.0697,0.1935,12.372,87.662,9.261,507.35
20.3246,0.205,15.0685,0.1937,12.37,87.6539,9.258,507.47
20.3245,0.2052,15.0674,0.194,12.369,87.6958,9.257,507.62
20.3245,0.2055,15.0663,0.1943,12.366,87.687,9.259,507.74
20.3244,0.2058,15.0652,0.1946,12.365,87.6777,9.262,507.89
20.3243,0.2062,15.0641,0.195,12.364,87.6677,9.268,508.01
20.3242,0.2066,15.063,0.1954,12.362,87.657,9.274,508.16
20.3242,0.207,15.0533,0.1958,12.361,87.6458,9.283,508.28
20.3241,0.2074,15.0519,0.1962,12.359,87.6845,9.293,508.43
20.324,0.2078,15.0505,0.1966,12.359,87.6727,9.303,508.58
20.3239,0.2082,15.0491,0.197,12.356,87.6601,9.315,508.7
20.3239,0.2086,15.0563,0.1974,12.355,87.647,9.327,508.85
20.3238,0.209,15.0552,0.1978,12.355,87.6839,9.339,508.97
20.3237,0.2094,15.0541,0.1982,12.353,87.6702,9.352,509.12
20.3236,0.2097,15.053,0.1985,12.355,87.6558,9.364,509.24
20.3235,0.21,15.0519,0.1988,12.354,87.6914,9.376,509.36
20.3235,0.2102,15.0508,0.1991,12.353,87.6764,9.387,509.51
20.3234,0.2106,15.0497,0.1993,12.352,87.6607,9.398,509.63
20.3233,0.2108,15.0485,0.1996,12.352,87.6951,9.407,509.75
20.3232,0.211,15.0474,0.1998,12.352,87.6789,9.417,509.87
20.3232,0.2112,15.0463,0.2,12.35,87.662,9.426,509.99
20.3231,0.2114,15.0452,0.2002,12.35,87.6951,9.435,510.11
20.323,0.2116,15.0441,0.2004,12.35,87.6776,9.443,510.23
20.3229,0.2118,15.043,0.2006,12.35,87.6595,9.45,510.35
20.3229,0.2119,15.0419,0.2007,12.35,87.6914,9.458,510.47
20.3228,0.2121,15.0408,0.2009,12.348,87.6727,9.464,510.59
20.3227,0.2122,15.0483,0.201,12.348,87.6533,9.471,510.71
20.3226,0.2124,15.0474,0.2012,12.348,87.6839,9.477,510.83
20.3226,0.2124,15.0466,0.2012,12.348,87.7145,9.477,510.83
20.3225,0.2124,15.0458,0.2012,12.348,87.7451,9.477,510.83
20.3224,0.2124,15.0449,0.2012,12.348,87.7758,9.477,510.83
20.3223,0.2126,15.0441,0.2013,12.348,87.7558,9.484,510.92
20.3222,0.2127,15.0433,0.2015,12.349,87.7352,9.49,511.04
20.3222,0.2129,15.0424,0.2017,12.348,87.7645,9.496,511.13
20.3221,0.213,15.0416,0.2018,12.347,87.7433,9.502,511.25
20.322,0.2708,15.0408,0.2601,12.347,87.7214,9.508,511.34
20.3219,0.253,15.0399,0.2421,12.347,88.4582,9.514,511.46
20.3371,0.253,15.0477,0.2421,12.348,88.5458,10.257,511.58
20.3376,0.251,14.8835,0.2401,12.325,87.7732,10.514,511.64
20.338,0.2493,14.6194,0.2384,12.284,85.7251,10.514,511.64
20.3384,0.2466,14.3383,0.2295,12.242,83.6514,10.626,511.64
20.3541,0.2406,14.1088,0.2172,12.166,82.7164,10.632,511.61
20.355,0.2103,13.976,0.199,12.079,82.3776,10.567,511.52
20.3559,0.1894,13.9174,0.1777,12.002,82.0351,10.041,511.37
20.3568,0.1691,13.9441,0.1573,11.95,81.6889,9.559,511.25
20.3577,0.1521,14.033,0.1402,11.93,81.3895,8.994,511.13
20.3586,0.1521,14.1516,0.1254,11.933,81.1376,8.418,511.07
20.3595,0.1373,14.2749,0.1144,11.958,80.8832,7.856,511.01
20.3452,0.1264,14.3858,0.1068,11.997,80.6264,7.36,511.01
20.3456,0.1188,14.4663,0.1068,12.039,80.4176,6.951,511.04
20.346,0.1138,14.5241,0.102,12.078,80.207,6.633,511.07
0.0,0.1114,14.5583,0.0994,12.112,0.0,6.395,511.16
0.0,0.1102,14.5852,0.0983,12.136,0.0,6.395,511.25
0.0,1.409,14.596,0.1213,12.151,0.0,6.21,511.37
0.0,1.409,14.5988,0.0807,12.16,0.0,6.397,511.52
0.0,1.4093,14.6019,0.0592,12.166,0.0,4.961,511.7
0.0,1.4094,14.5449,0.0375,12.147,0.0,4.501,511.76
0.0,1.4095,14.4691,0.0224,12.119,0.0,3.553,511.82
0.0,1.4096,14.3824,0.0142,12.089,0.0,2.677,511.85
0.0,1.4097,14.2847,0.0142,12.043,0.0,2.056,511.88
0.0,1.4098,14.1583,0.0104,11.989,0.0,1.68,511.88
0.0,1.4098,14.0024,0.0089,11.93,0.0,1.68,511.85
0.0,1.4099,13.8508,0.0092,11.864,0.0,1.487,511.85
0.0,1.4101,13.6863,0.0098,11.793,0.0,1.422,511.85
0.0,1.4102,13.5347,0.0106,11.716,0.0,1.399,511.85
0.0,1.4102,13.3963,0.0114,11.642,0.0,1.387,511.85
0.0,1.4103,13.2805,0.0122,11.568,0.0,1.383,511.85
0.0,1.4104,13.1794,0.013,11.5,0.0,1.382,511.85
0.0,1.4105,13.0849,0.0137,11.44,0.0,1.383,511.85
0.0,1.4106,13.0147,0.0144,11.388,0.0,1.387,511.85
0.0,1.4106,12.9522,0.015,11.342,0.0,1.391,511.85
0.0,1.4107,12.9063,0.0155,11.302,0.0,1.396,511.82
0.0,1.4108,12.8691,0.016,11.271,0.0,1.402,511.82
0.0,1.4109,12.8408,0.0164,11.245,0.0,1.407,511.82
0.0,1.411,12.8216,0.0168,11.225,0.0,1.412,511.82
0.0,1.4111,12.8033,0.0171,11.21,0.0,1.417,511.82
0.0,1.4112,12.7944,0.0174,11.199,0.0,1.422,511.79
0.0,1.4113,12.7952,0.0176,11.192,0.0,1.426,511.79
0.0,1.4114,12.7974,0.0178,11.186,0.0,1.43,511.79
0.0,1.4114,12.7924,0.018,11.184,0.0,1.434,511.79
0.0,1.4115,12.7972,0.0182,11.187,0.0,1.438,511.79
0.0,1.4116,12.8033,0.0183,11.189,0.0,1.441,511.76
0.0,1.4117,12.8022,0.0184,11.19,0.0,1.444,511.76
0.0,1.4118,12.8022,0.0185,11.194,0.0,1.447,511.76
0.0,1.4118,12.8033,0.0187,11.199,0.0,1.45,511.73
0.0,1.4119,12.8055,0.0188,11.203,0.0,1.453,511.73
0.0,1.4119,12.8088,0.0188,11.207,0.0,1.456,511.73
0.0,1.412,12.8047,0.0189,11.211,0.0,1.458,511.7
0.0,1.4121,12.8013,0.019,11.216,0.0,1.46,511.7
0.0,1.4122,12.7988,0.0191,11.22,0.0,1.463,511.7
0.0,1.4122,12.8058,0.0192,11.224,0.0,1.465,511.67
0.0,1.4123,12.8052,0.0192,11.228,0.0,1.467,511.67
0.0,1.4124,12.8055,0.0193,11.232,0.0,1.469,511.67
0.0,1.4125,12.798,0.0194,11.238,0.0,1.471,511.64
0.0,1.4125,12.7997,0.0194,11.243,0.0,1.473,511.64
0.0,1.4126,12.7935,0.0195,11.247,0.0,1.475,511.61
0.0,1.4126,12.7966,0.0196,11.249,0.0,1.477,511.61
0.0,1.4127,12.7919,0.0196,11.254,0.0,1.479,511.61
0.0,1.4128,12.7963,0.0197,11.257,0.0,1.48,511.58
0.0,1.4129,12.793,0.0197,11.262,0.0,1.482,511.58
0.0,1.4129,12.7902,0.0198,11.265,0.0,1.484,511.55
0.0,1.413,12.788,0.0198,11.27,0.0,1.485,511.55
0.0,1.413,12.7863,0.0199,11.272,0.0,1.487,511.52
0.0,1.4131,12.7852,0.0199,11.276,0.0,1.488,511.52
0.0,1.4131,12.7847,0.02,11.279,0.0,1.49,511.52
0.0,1.4132,12.7847,0.02,11.282,0.0,1.491,511.49
0.0,1.4133,12.7766,0.0201,11.286,0.0,1.493,511.49
0.0,1.4134,12.7774,0.0201,11.288,0.0,1.494,511.46
0.0,1.4134,12.7788,0.0201,11.292,0.0,1.495,511.46
0.0,1.4134,12.7808,0.0202,11.294,0.0,1.496,511.43
0.0,1.4135,12.7747,0.0202,11.297,0.0,1.498,511.43
0.0,1.4136,12.7774,0.0203,11.301,0.0,1.499,511.4
0.0,1.4137,12.7722,0.0203,11.305,0.0,1.5,511.4
0.0,1.4137,12.7758,0.0203,11.306,0.0,1.501,511.37
0.0,1.4138,12.7713,0.0204,11.31,0.0,1.502,511.37
0.0,1.4138,12.7758,0.0204,11.312,0.0,1.503,511.34
0.0,1.4138,12.7722,0.0204,11.316,0.0,1.504,511.34
0.0,1.4139,12.7774,0.0205,11.317,0.0,1.505,511.31
0.0,1.414,12.7747,0.0205,11.321,0.0,1.506,511.28
0.0,1.4141,12.7722,0.0205,11.323,0.0,1.507,511.28
0.0,1.4141,12.7699,0.0205,11.326,0.0,1.508,511.25
0.0,1.4142,12.7766,0.0205,11.328,0.0,1.508,511.25
0.0,1.4142,12.7752,0.0206,11.331,0.0,1.509,511.22
0.0,1.4142,12.7741,0.0206,11.332,0.0,1.51,511.22
0.0,1.4143,12.7733,0.0206,11.337,0.0,1.511,511.19
0.0,1.4144,12.7727,0.0207,11.339,0.0,1.512,511.19
0.0,1.4144,12.7724,0.0207,11.34,0.0,1.512,511.16
0.0,1.4145,12.781,0.0207,11.343,0.0,1.513,511.13
0.0,1.4146,12.7816,0.0207,11.345,0.0,1.514,511.13
0.0,1.4146,12.7824,0.0207,11.347,0.0,1.514,511.1
0.0,1.4146,12.7835,0.0208,11.351,0.0,1.515,511.1
0.0,1.4147,12.7763,0.0208,11.353,0.0,1.515,511.07
0.0,1.4147,12.7777,0.0208,11.355,0.0,1.516,511.04
0.0,1.4148,12.7794,0.0208,11.357,0.0,1.516,511.04
0.0,1.4149,12.7813,0.0208,11.358,0.0,1.517,511.01
0.0,1.4149,12.7835,0.0209,11.36,0.0,1.517,511.01
0.0,1.415,12.786,0.0209,11.362,0.0,1.518,510.98
0.0,1.415,12.7888,0.0209,11.365,0.0,1.518,510.95
0.0,1.415,12.7919,0.0209,11.367,0.0,1.519,510.95
0.0,1.4151,12.7952,0.0209,11.37,0.0,1.519,510.92
0.0,1.4151,12.7988,0.0209,11.372,0.0,1.52,510.92
0.0,1.4152,12.7941,0.0209,11.374,0.0,1.52,510.89
0.0,1.4153,12.798,0.0209,11.377,0.0,1.52,510.86
0.0,1.4153,12.7935,0.0209,11.379,0.0,1.521,510.86
0.0,1.4154,12.7977,0.0209,11.379,0.0,1.521,510.83
0.0,1.4154,12.8021,0.0209,11.382,0.0,1.521,510.83
0.0,1.4154,12.8069,0.021,11.382,0.0,1.522,510.8
0.0,1.4155,12.8119,0.021,11.385,0.0,1.522,510.77
0.0,1.4155,12.8085,0.021,11.387,0.0,1.522,510.77
0.0,1.4156,12.8138,0.021,11.39,0.0,1.522,510.74
0.0,1.4156,12.8108,0.021,11.392,0.0,1.523,510.71
0.0,1.4157,12.8163,0.021,11.392,0.0,1.523,510.71
0.0,1.4157,12.8135,0.021,11.395,0.0,1.523,510.68
0.0,1.4158,12.8194,0.021,11.396,0.0,1.523,510.65
0.0,1.4158,12.8169,0.021,11.398,0.0,1.523,510.65
0.0,1.4158,12.823,0.021,11.399,0.0,1.524,510.62
0.0,1.4158,12.8208,0.021,11.401,0.0,1.524,510.59
0.0,1.4159,12.8271,0.021,11.402,0.0,1.524,510.59
0.0,1.416,12.8252,0.021,11.404,0.0,1.524,510.56
0.0,1.416,12.8319,0.021,11.406,0.0,1.524,510.56
0.0,1.4161,12.8302,0.021,11.408,0.0,1.524,510.53
0.0,1.4161,12.8371,0.021,11.409,0.0,1.524,510.5
0.0,1.4162,12.8358,0.021,11.411,0.0,1.524,510.5
0.0,1.4162,12.8344,0.021,11.412,0.0,1.524,510.47
0.0,1.4162,12.8416,0.021,11.414,0.0,1.524,510.44
0.0,1.4162,12.8405,0.021,11.415,0.0,1.525,510.44
0.0,1.4163,12.848,0.021,11.415,0.0,1.525,510.41
0.0,1.4163,12.8471,0.021,11.418,0.0,1.525,510.38
0.0,1.4164,12.8463,0.021,11.419,0.0,1.525,510.38
0.0,1.4164,12.8455,0.021,11.421,0.0,1.525,510.35
0.0,1.4165,12.8533,0.021,11.422,0.0,1.525,510.32
0.0,1.4165,12.8527,0.021,11.423,0.0,1.525,510.29
0.0,1.4165,12.8521,0.021,11.424,0.0,1.525,510.29
0.0,1.4166,12.8602,0.021,11.426,0.0,1.525,510.26
0.0,1.4166,12.8599,0.021,11.427,0.0,1.525,510.23
0.0,1.4166,12.8596,0.021,11.427,0.0,1.525,510.23
0.0,1.4166,12.868,0.021,11.43,0.0,1.525,510.2
0.0,1.4167,12.868,0.021,11.43,0.0,1.525,510.17
0.0,1.4167,12.868,0.021,11.431,0.0,1.525,510.17
0.0,1.4168,12.868,0.021,11.434,0.0,1.525,510.14
0.0,1.4168,12.8766,0.021,11.434,0.0,1.524,510.11
0.0,1.4169,12.8769,0.021,11.435,0.0,1.524,510.11
0.0,1.4169,12.8771,0.021,11.436,0.0,1.524,510.08
0.0,1.4169,12.8774,0.021,11.439,0.0,1.524,510.05
0.0,1.417,12.8777,0.021,11.439,0.0,1.524,510.05
0.0,1.417,12.878,0.021,11.44,0.0,1.524,510.02
0.0,1.417,12.8869,0.021,11.441,0.0,1.524,509.99
0.0,1.417,12.8874,0.021,11.441,0.0,1.524,509.99
0.0,1.4171,12.888,0.021,11.442,0.0,1.524,509.96
0.0,1.4171,12.8885,0.021,11.445,0.0,1.524,509.93
0.0,1.4171,12.8891,0.0209,11.445,0.0,1.524,509.9
0.0,1.4172,12.8983,0.0209,11.446,0.0,1.524,509.9
0.0,1.4172,12.8991,0.0209,11.446,0.0,1.523,509.87
0.0,1.4173,12.8999,0.0209,11.447,0.0,1.523,509.84
0.0,1.4173,12.9008,0.0209,11.45,0.0,1.523,509.84
0.0,1.4174,12.9016,0.0209,11.45,0.0,1.523,509.81
0.0,1.4174,12.9024,0.0209,11.451,0.0,1.523,509.78
0.0,1.4174,12.9033,0.0209,11.452,0.0,1.523,509.78
0.0,1.4174,12.9041,0.0209,11.453,0.0,1.523,509.75
0.0,1.4174,12.9049,0.0209,11.453,0.0,1.523,509.72
0.0,1.4175,12.9144,0.0209,11.454,0.0,1.523,509.69
0.0,1.4175,12.9155,0.0209,11.454,0.0,1.522,509.69
0.0,1.4176,12.9166,0.0209,11.455,0.0,1.522,509.66
0.0,1.4176,12.9177,0.0209,11.458,0.0,1.522,509.63
0.0,1.4176,12.9188,0.0209,11.459,0.0,1.522,509.63
0.0,1.4177,12.9199,0.0209,11.459,0.0,1.522,509.6
0.0,1.4177,12.921,0.0209,11.46,0.0,1.522,509.57
0.0,1.4178,12.9221,0.0209,11.46,0.0,1.522,509.54
0.0,1.4178,12.9233,0.0209,11.461,0.0,1.521,509.54
0.0,1.4178,12.9244,0.0209,11.462,0.0,1.521,509.51
0.0,1.4178,12.9255,0.0209,11.463,0.0,1.521,509.48
0.0,1.4178,12.9266,0.0208,11.463,0.0,1.521,509.48
0.0,1.4179,12.9363,0.0208,11.464,0.0,1.521,509.45
0.0,1.4179,12.9377,0.0208,11.465,0.0,1.521,509.42
0.0,1.418,12.9391,0.0208,11.465,0.0,1.521,509.39
0.0,1.418,12.9319,0.0208,11.468,0.0,1.52,509.39
0.0,1.4181,12.933,0.0208,11.468,0.0,1.52,509.36
0.0,1.4181,12.9341,0.0208,11.468,0.0,1.52,509.33
0.0,1.4181,12.9438,0.0208,11.468,0.0,1.52,509.33
0.0,1.4182,12.9452,0.0208,11.468,0.0,1.52,509.3
0.0,1.4182,12.9466,0.0208,11.469,0.0,1.52,509.27
0.0,1.4182,12.948,0.0208,11.471,0.0,1.52,509.24
0.0,1.4182,12.9494,0.0208,11.472,0.0,1.519,509.24
0.0,1.4183,12.9508,0.0208,11.473,0.0,1.519,509.21
0.0,1.4183,12.9521,0.0208,11.473,0.0,1.519,509.18
0.0,1.4183,12.9535,0.0207,11.473,0.0,1.519,509.18
0.0,1.4184,12.9463,0.0207,11.475,0.0,1.519,509.15
0.0,1.4184,12.9474,0.0207,11.475,0.0,1.519,509.12
0.0,1.4185,12.9485,0.0207,11.475,0.0,1.518,509.09
0.0,1.4185,12.9582,0.0207,11.475,0.0,1.518,509.09
0.0,1.4186,12.9596,0.0207,11.475,0.0,1.518,509.06
0.0,1.4186,12.961,0.0207,11.476,0.0,1.518,509.03
0.0,1.4186,12.9624,0.0207,11.478,0.0,1.518,509.0
0.0,1.4186,12.9638,0.0207,11.478,0.0,1.518,509.0
0.0,1.4186,12.9652,0.0207,11.479,0.0,1.518,508.97
0.0,1.4187,12.9666,0.0207,11.48,0.0,1.517,508.94
0.0,1.4187,12.968,0.0206,11.48,0.0,1.517,508.94
0.0,1.4188,12.9607,0.0206,11.481,0.0,1.517,508.91
0.0,1.4188,12.9619,0.0206,11.481,0.0,1.516,508.88
0.0,1.4189,12.963,0.0206,11.482,0.0,1.516,508.85
0.0,1.4189,12.9727,0.0206,11.481,0.0,1.516,508.85
0.0,1.4189,12.9741,0.0206,11.481,0.0,1.515,508.82
0.0,1.419,12.9755,0.0206,11.482,0.0,1.515,508.79
0.0,1.419,12.9769,0.0206,11.484,0.0,1.515,508.76
0.0,1.419,12.9696,0.0205,11.484,0.0,1.515,508.76
0.0,1.419,12.9707,0.0205,11.486,0.0,1.514,508.73
0.0,1.4191,12.9719,0.0205,11.486,0.0,1.514,508.7
0.0,1.4191,12.973,0.0205,11.484,0.0,1.514,508.7
0.0,1.4192,12.9741,0.0205,11.485,0.0,1.514,508.67
0.0,1.4192,12.9752,0.0205,11.486,0.0,1.513,508.64
0.0,1.4193,12.9849,0.0205,11.486,0.0,1.513,508.61
0.0,1.4193,12.9863,0.0205,11.486,0.0,1.513,508.61
0.0,1.4193,12.9791,0.0205,11.488,0.0,1.513,508.58
0.0,1.4194,12.9802,0.0205,11.489,0.0,1.512,508.55
0.0,1.4194,12.9813,0.0205,11.49,0.0,1.512,508.52
0.0,1.4194,12.9824,0.0205,11.488,0.0,1.512,508.52
0.0,1.4194,12.9835,0.0205,11.49,0.0,1.512,508.49
0.0,1.4195,12.9846,0.0204,11.49,0.0,1.512,508.46
0.0,1.4195,12.9857,0.0204,11.49,0.0,1.511,508.43
0.0,1.4196,12.9869,0.0204,11.49,0.0,1.511,508.43
0.0,1.4196,12.988,0.0204,11.491,0.0,1.511,508.4
0.0,1.4197,12.9891,0.0204,11.492,0.0,1.511,508.37
0.0,1.4197,12.9902,0.0204,11.492,0.0,1.51,508.37
0.0,1.4197,12.9913,0.0204,11.492,0.0,1.51,508.34
0.0,1.4198,12.9935,0.0204,11.493,0.0,1.51,508.31
0.0,1.4198,12.9935,0.0204,11.494,0.0,1.51,508.28
0.0,1.4198,12.9946,0.0204,11.494,0.0,1.51,508.28
0.0,1.4198,12.9957,0.0204,11.494,0.0,1.51,508.25
0.0,1.4199,12.9969,0.0204,11.494,0.0,1.509,508.22
0.0,1.4199,12.998,0.0203,11.495,0.0,1.509,508.19
0.0,1.42,12.9913,0.0203,11.496,0.0,1.509,508.19
0.0,1.42,12.9913,0.0203,11.496,0.0,1.509,508.16
0.0,1.4201,12.9921,0.0203,11.496,0.0,1.509,508.13
0.0,1.4201,12.9938,0.0203,11.495,0.0,1.509,508.1
0.0,1.4202,12.9938,0.0203,11.496,0.0,1.509,508.1
0.0,1.4202,12.9955,0.0203,11.496,0.0,1.508,508.07
0.0,1.4202,13.0049,0.0203,11.497,0.0,1.508,508.01
0.0,1.4202,13.0049,0.0203,11.497,0.0,1.508,508.01
0.0,1.4202,12.9985,0.0203,11.497,0.0,1.508,508.01
0.0,1.4203,12.9994,0.0203,11.5,0.0,1.508,507.95
0.0,1.4203,13.0002,0.0203,11.5,0.0,1.508,507.95
0.0,1.4204,13.001,0.0203,11.501,0.0,1.507,507.92
0.0,1.4204,13.0019,0.0203,11.499,0.0,1.507,507.92
0.0,1.4205,13.0019,0.0203,11.499,0.0,1.507,507.89
0.0,1.4205,13.0035,0.0203,11.5,0.0,1.507,507.86
0.0,1.4206,13.0035,0.0203,11.5,0.0,1.507,507.83
0.0,1.4206,13.0052,0.0203,11.501,0.0,1.507,507.83
0.0,1.4206,13.006,0.0203,11.501,0.0,1.507,507.77
0.0,1.4206,13.006,0.0203,11.501,0.0,1.507,507.77
0.0,1.4207,13.0077,0.0202,11.501,0.0,1.507,507.74
0.0,1.4207,12.9999,0.0202,11.503,0.0,1.506,507.74
0.0,1.4208,13.0005,0.0202,11.503,0.0,1.506,507.71
0.0,1.4209,13.001,0.0202,11.503,0.0,1.506,507.65
0.0,1.4209,13.0016,0.0202,11.501,0.0,1.506,507.65
0.0,1.4209,13.0021,0.0202,11.501,0.0,1.506,507.65
0.0,1.421,13.0027,0.0202,11.503,0.0,1.506,507.62
0.0,1.421,13.0032,0.0202,11.503,0.0,1.506,507.56
0.0,1.421,13.0038,0.0202,11.503,0.0,1.506,507.56
0.0,1.421,13.0044,0.0202,11.504,0.0,1.506,507.53
