LRCA1101.MV,LRCA1101.PV,PDR1103.PV,PDR1106.PV,PDR1401.PV,PDRCA1109.PV,PDRSA1104.PV,PIC1101A.PV,PI_1132A.PV,PI_1180.PV,PR1102A.PV,TI1105A.PV,TIA2872.PV,TIA2873.PV,TIA2874.PV,TIA2875.PV,TIA2876.PV,TIA2877.PV,TIC_1101.MV,TIC_1101.PV,TIC_1155.MV,TI_1145.PV
72.2983,33,9.557,4.226,12.304,47.112,26.2265,14.9055,0.1785,0.2081,0.1969,540.16,84.57,85.11,85.26,82.3875,83.52,81.9225,42.8707,520.5,20.3467,488.99
72.2983,33,9.553,4.254,12.304,47.112,26.276,14.9055,0.1787,0.2081,0.1969,540.32,84.5325,85.0725,85.2975,82.38,83.52,81.915,42.8536,520.62,20.3466,488.99
72.349,33.005,9.55,4.27,12.304,47.07,26.287,14.9055,0.1788,0.2082,0.1969,540.44,84.525,85.035,85.3275,82.3725,83.535,81.96,42.8398,520.71,20.3466,488.99
72.3496,33.005,9.548,4.277,12.304,46.98,26.298,14.9055,0.1789,0.2083,0.197,540.52,84.5175,85.08,85.35,82.38,83.55,82.005,42.8332,520.74,20.3465,488.99
72.4008,33.01,9.548,4.28,12.303,46.812,26.276,14.9055,0.1789,0.2084,0.1972,540.56,84.555,85.0425,85.3875,82.3875,83.595,82.0275,42.8265,520.77,20.3464,488.99
72.4021,33.01,9.549,4.279,12.303,46.632,26.2265,14.9055,0.1789,0.2086,0.1973,540.6,84.57,85.035,85.3725,82.41,83.5575,82.0575,42.8271,520.74,20.3463,488.99
72.4033,33.01,9.551,4.272,12.303,46.398,26.1495,14.9055,0.1788,0.2089,0.1976,540.56,84.585,85.0725,85.335,82.38,83.595,82.08,42.8316,520.68,20.3463,488.99
72.4552,33.015,9.555,4.259,12.303,46.134,26.0505,14.9055,0.1787,0.2091,0.1979,540.52,84.6,85.0725,85.32,82.3275,83.5425,82.1175,42.8364,520.62,20.3462,488.99
72.4571,33.015,9.561,4.24,12.303,45.762,25.9185,14.9055,0.1786,0.2094,0.1982,540.44,84.5625,85.095,85.365,82.3275,83.5725,82.14,42.8414,520.56,20.3461,488.99
72.459,33.015,9.569,4.221,12.303,45.45,25.7425,14.9055,0.1785,0.2098,0.1985,540.36,84.57,85.095,85.35,82.365,83.565,82.1475,42.8579,520.41,20.346,488.99
72.4608,33.015,9.577,4.193,12.303,45.06,25.561,14.9055,0.1783,0.2102,0.1989,540.24,84.615,85.11,85.2975,82.3125,83.55,82.1775,42.8788,520.23,20.3459,489.02
72.4121,33.01,9.587,4.161,12.303,44.676,25.363,14.9055,0.178,0.2105,0.1993,540.04,84.585,85.1025,85.3425,82.26,83.5425,82.1475,42.9004,520.05,20.3459,489.02
72.4133,33.01,9.598,4.126,12.303,44.784,25.154,14.9055,0.1774,0.2103,0.1992,539.84,84.54,85.1325,85.29,82.245,83.5575,82.095,42.9153,519.93,20.3458,489.02
72.364,33.005,9.603,4.071,12.303,45.546,25.0825,14.9055,0.1762,0.2097,0.1984,539.72,84.5025,85.0875,85.3425,82.275,83.535,82.05,42.9231,519.87,20.3457,489.02
72.314,33,9.596,3.994,12.303,46.038,25.2805,14.9055,0.1756,0.209,0.1979,539.64,84.5175,85.0425,85.365,82.2375,83.4975,82.035,42.9161,519.93,20.3456,489.02
72.314,33,9.588,3.966,12.303,46.494,25.539,14.9055,0.1759,0.2086,0.1975,539.72,84.4875,85.0125,85.3275,82.26,83.5425,82.0725,42.9013,520.05,20.3456,489.02
72.314,33,9.578,4.012,12.303,46.914,25.792,14.9055,0.1767,0.2082,0.1971,539.84,84.495,85.005,85.29,82.26,83.565,82.0575,42.8823,520.2,20.3455,489.02
72.314,33,9.567,4.091,12.304,47.268,26.0395,14.9055,0.1775,0.2079,0.1967,540,84.5025,84.96,85.305,82.29,83.5725,82.08,42.8627,520.35,20.3454,489.02
72.314,33,9.557,4.168,12.304,47.532,26.2595,14.9055,0.178,0.2077,0.1965,540.16,84.525,84.93,85.26,82.3275,83.61,82.05,42.8388,520.53,20.3453,489.02
72.314,33,9.547,4.227,12.304,47.706,26.441,14.9055,0.1784,0.2076,0.1963,540.36,84.51,84.96,85.215,82.335,83.64,82.005,42.8179,520.68,20.3453,489.02
72.3646,33.005,9.539,4.268,12.304,47.754,26.573,14.9055,0.1787,0.2074,0.1962,540.52,84.525,84.9525,85.2675,82.3425,83.5875,82.05,42.7963,520.83,20.3452,489.02
72.4158,33.01,9.533,4.298,12.304,47.712,26.65,14.9055,0.179,0.2074,0.1963,540.68,84.495,84.9375,85.3125,82.335,83.5725,82.0425,42.7742,520.98,20.3451,489.02
72.4171,33.01,9.53,4.318,12.304,47.628,26.661,14.9055,0.1792,0.2075,0.1964,540.8,84.4575,84.9975,85.335,82.35,83.595,82.065,42.7552,521.1,20.345,489.02
72.469,33.015,9.528,4.329,12.304,47.49,26.6555,14.9055,0.1792,0.2078,0.1965,540.96,84.4275,85.005,85.3725,82.3425,83.6325,82.08,42.747,521.13,20.345,489.02
72.4708,33.015,9.528,4.33,12.304,47.25,26.6115,14.9055,0.1792,0.208,0.1967,540.96,84.45,85.05,85.3275,82.32,83.61,82.08,42.7424,521.13,20.3449,489.02
72.5234,33.02,9.53,4.327,12.304,46.95,26.54,14.9055,0.1793,0.2083,0.197,540.96,84.42,85.065,85.3575,82.2825,83.595,82.0275,42.7454,521.07,20.3448,489.02
72.5765,33.025,9.534,4.318,12.303,46.596,26.4135,14.9055,0.1792,0.2086,0.1974,540.92,84.465,85.0425,85.32,82.32,83.565,82.0275,42.7486,521.01,20.3447,489.05
72.5796,33.025,9.541,4.3,12.303,46.236,26.254,14.9055,0.179,0.209,0.1977,540.84,84.435,85.0275,85.29,82.32,83.58,82.0125,42.7558,520.92,20.3447,489.05
72.5827,33.025,9.548,4.272,12.303,45.714,26.067,14.9055,0.1788,0.2094,0.1983,540.76,84.42,85.0425,85.3125,82.2825,83.565,82.0575,42.7671,520.8,20.3446,489.05
72.5858,33.025,9.56,4.241,12.303,45.246,25.814,14.9055,0.1786,0.2098,0.1987,540.6,84.4725,85.0425,85.3425,82.2825,83.5125,82.0875,42.7826,520.65,20.3445,489.05
72.589,33.025,9.572,4.201,12.303,45.162,25.55,14.9055,0.1779,0.21,0.1988,540.44,84.495,85.005,85.38,82.2375,83.5425,82.0575,42.8025,520.47,20.3444,489.05
72.5415,33.02,9.581,4.137,12.303,45.012,25.396,14.9055,0.1772,0.2102,0.199,540.28,84.51,84.9675,85.395,82.2225,83.55,82.0275,42.8232,520.29,20.3443,489.05
72.544,33.02,9.588,4.074,12.303,44.898,25.286,14.9055,0.1768,0.2103,0.1991,540.08,84.495,84.975,85.3575,82.2075,83.5875,82.0575,42.8483,520.08,20.3443,489.05
72.4959,33.015,9.595,4.035,12.303,44.766,25.198,14.9055,0.1767,0.2104,0.1992,539.88,84.5475,84.9675,85.38,82.2525,83.595,82.08,42.8705,519.9,20.3442,489.05
72.4471,33.01,9.601,4.022,12.303,44.664,25.121,14.9055,0.1768,0.2105,0.1993,539.72,84.5775,85.005,85.4175,82.2225,83.6025,82.1175,42.8897,519.75,20.3441,489.05
72.4484,33.01,9.607,4.023,12.304,45.03,25.0495,14.9055,0.1766,0.2102,0.199,539.56,84.6,85.005,85.38,82.2075,83.5725,82.1175,42.902,519.66,20.344,489.05
72.399,33.005,9.605,4.01,12.304,45.306,25.1265,14.9055,0.1763,0.2099,0.1987,539.44,84.5775,84.96,85.3425,82.215,83.5125,82.11,42.9147,519.57,20.344,489.05
72.349,33,9.602,4.001,12.304,45.45,25.2475,14.9055,0.1765,0.2098,0.1986,539.36,84.5475,84.945,85.32,82.2225,83.4675,82.1025,42.9239,519.51,20.3439,489.05
72.349,33,9.6,4.022,12.304,45.444,25.3465,14.9055,0.177,0.2098,0.1986,539.28,84.555,84.9225,85.275,82.1775,83.4675,82.05,42.9334,519.45,20.3438,489.05
72.349,33,9.599,4.067,12.305,45.354,25.3905,14.9055,0.1776,0.2099,0.1987,539.24,84.585,84.945,85.26,82.2075,83.4525,82.0275,42.9394,519.42,20.3437,489.05
72.2984,32.995,9.6,4.109,12.305,45.228,25.374,14.9055,0.178,0.2099,0.1988,539.2,84.63,84.93,85.23,82.23,83.445,82.0575,42.9417,519.42,20.3437,489.05
72.2977,32.995,9.603,4.132,12.305,45.522,25.3135,14.9055,0.1777,0.2097,0.1985,539.2,84.5775,84.96,85.2,82.26,83.445,82.05,42.9403,519.45,20.3436,489.05
72.2971,32.995,9.6,4.116,12.305,45.702,25.363,14.9141,0.1773,0.2095,0.1983,539.2,84.5625,84.96,85.1625,82.23,83.475,82.0425,42.9388,519.48,20.3435,489.02
72.2965,32.995,9.597,4.093,12.305,45.762,25.4455,14.9144,0.1773,0.2095,0.1983,539.24,84.5925,84.96,85.1475,82.26,83.52,82.0125,42.9409,519.48,20.3434,489.02
72.2452,32.99,9.595,4.094,12.305,45.672,25.5005,14.9147,0.1776,0.2096,0.1984,539.24,84.5925,85.0125,85.125,82.2975,83.52,82.035,42.943,519.48,20.3434,489.02
72.244,32.99,9.595,4.119,12.306,45.48,25.495,14.9063,0.1781,0.2097,0.1985,539.24,84.615,84.9825,85.1475,82.2675,83.5425,82.005,42.9413,519.51,20.3433,489.02
72.2427,32.99,9.598,4.149,12.306,45.516,25.429,14.9063,0.1781,0.2097,0.1985,539.28,84.57,84.945,85.2075,82.2225,83.5575,82.005,42.9433,519.51,20.3432,489.02
72.2415,32.99,9.598,4.153,12.306,45.498,25.3905,14.9063,0.178,0.2098,0.1985,539.28,84.585,84.9975,85.2,82.185,83.5425,82.005,42.9453,519.51,20.3431,489.02
72.2402,32.99,9.599,4.14,12.305,45.396,25.374,14.9063,0.1779,0.2098,0.1986,539.28,84.6075,85.035,85.1925,82.1625,83.5725,81.975,42.9435,519.54,20.3431,489.02
72.239,32.99,9.601,4.129,12.305,45.48,25.3355,14.9063,0.1777,0.2098,0.1985,539.32,84.6075,84.9975,85.2375,82.17,83.5425,81.96,42.9529,519.48,20.343,489.02
72.2377,32.99,9.601,4.117,12.305,45.378,25.3355,14.9063,0.1777,0.2099,0.1986,539.24,84.6,85.05,85.23,82.215,83.565,82.005,42.9625,519.42,20.3429,489.02
72.2365,32.99,9.602,4.113,12.305,45.186,25.3135,14.9063,0.1779,0.2101,0.1988,539.2,84.555,85.0725,85.2075,82.215,83.58,82.05,42.9724,519.36,20.3428,488.99
72.1846,32.985,9.606,4.121,12.305,44.946,25.2475,14.9063,0.1781,0.2102,0.1991,539.12,84.585,85.0575,85.17,82.2225,83.565,82.0875,42.9825,519.3,20.3427,488.99
72.1827,32.985,9.611,4.128,12.305,44.97,25.132,14.9063,0.1779,0.2102,0.199,539.08,84.6,85.0725,85.2225,82.2225,83.5425,82.1025,42.9928,519.24,20.3427,488.99
72.1809,32.985,9.613,4.111,12.305,44.97,25.0825,14.9063,0.1776,0.2103,0.199,539.04,84.6225,85.08,85.1925,82.1925,83.49,82.0875,43.0034,519.18,20.3426,488.99
72.179,32.985,9.615,4.085,12.304,44.922,25.0605,14.9063,0.1774,0.2103,0.1991,538.96,84.6675,85.0575,85.1625,82.2375,83.505,82.065,43.0105,519.15,20.3425,488.99
72.1265,32.98,9.617,4.07,12.304,44.868,25.0385,14.9063,0.1774,0.2103,0.1991,538.88,84.6975,85.05,85.14,82.245,83.5425,82.08,43.0214,519.09,20.3424,488.99
72.124,32.98,9.619,4.068,12.304,44.862,25.011,14.9063,0.1775,0.2103,0.1991,538.84,84.6375,85.0425,85.1775,82.2825,83.5575,82.05,43.0289,519.06,20.3424,488.99
72.1215,32.98,9.62,4.07,12.304,44.952,24.989,14.9063,0.1775,0.2102,0.1991,538.8,84.6675,84.9975,85.1925,82.32,83.5575,82.08,43.0364,519.03,20.3423,488.96
72.0683,32.975,9.62,4.069,12.304,45.012,25.0055,14.9063,0.1774,0.2102,0.199,538.8,84.6075,85.035,85.155,82.32,83.52,82.0275,43.0403,519.03,20.3422,488.96
72.0652,32.975,9.619,4.069,12.304,45.066,25.033,14.9063,0.1775,0.2102,0.1989,538.76,84.6,84.99,85.14,82.29,83.52,82.05,43.048,519,20.3421,488.96
72.0621,32.975,9.619,4.075,12.304,45.084,25.0605,14.9063,0.1776,0.2102,0.1989,538.76,84.6375,85.02,85.17,82.32,83.49,82.0125,43.052,519,20.3421,488.96
72.0083,32.97,9.618,4.086,12.304,45.114,25.077,14.9063,0.1777,0.21,0.1989,538.76,84.5925,85.005,85.1625,82.3125,83.505,82.0125,43.0486,519.06,20.342,488.96
72.0046,32.97,9.618,4.096,12.304,45.504,25.088,14.9063,0.1775,0.2097,0.1985,538.8,84.6375,84.99,85.2225,82.29,83.46,82.0425,43.0448,519.12,20.3419,488.96
72.0008,32.97,9.612,4.089,12.303,45.774,25.209,14.9063,0.1773,0.2094,0.1982,538.88,84.645,84.975,85.2075,82.2675,83.4525,82.0425,43.0371,519.21,20.3418,488.93
71.997,32.97,9.606,4.087,12.303,46.008,25.352,14.9063,0.1774,0.2092,0.198,539,84.6675,85.005,85.2,82.2375,83.4525,81.9975,43.0253,519.33,20.3418,488.93
71.9933,32.97,9.599,4.105,12.303,46.206,25.495,14.9063,0.1777,0.209,0.1978,539.08,84.6525,84.9975,85.26,82.29,83.505,82.035,43.0092,519.48,20.3417,488.93
71.9895,32.97,9.593,4.137,12.303,46.404,25.6215,14.9063,0.178,0.2087,0.1976,539.24,84.6525,85.05,85.245,82.3275,83.5275,82.02,42.9888,519.66,20.3416,488.93
71.9858,32.97,9.586,4.169,12.303,46.578,25.7315,14.8977,0.1782,0.2086,0.1974,539.44,84.6375,85.0425,85.26,82.3575,83.535,82.02,42.9751,519.78,20.3415,488.93
72.0327,32.975,9.58,4.194,12.303,46.668,25.8305,14.8974,0.1784,0.2085,0.1973,539.56,84.645,85.0125,85.2375,82.35,83.5575,82.005,42.9535,519.96,20.3414,488.93
72.0295,32.975,9.575,4.216,12.302,46.752,25.9185,14.8972,0.1786,0.2085,0.1972,539.76,84.615,84.975,85.2075,82.3575,83.5275,81.9975,42.9423,520.05,20.3414,488.93
72.077,32.98,9.57,4.234,12.3,46.764,25.9955,14.9055,0.1787,0.2083,0.1972,539.84,84.6075,84.9675,85.1775,82.335,83.505,81.9825,42.9196,520.23,20.3413,488.93
72.0745,32.98,9.566,4.247,12.3,46.8,26.0505,14.9055,0.1787,0.2084,0.1972,540.04,84.585,85.02,85.2,82.335,83.5275,82.005,42.9112,520.29,20.3412,488.93
72.1227,32.985,9.562,4.252,12.3,46.758,26.078,14.9055,0.1787,0.2084,0.1972,540.12,84.585,85.05,85.2075,82.29,83.55,81.975,42.895,520.41,20.3411,488.93
72.1208,32.985,9.56,4.256,12.302,46.704,26.0945,14.8969,0.1787,0.2086,0.1973,540.2,84.585,85.05,85.17,82.2825,83.5275,82.0275,42.8895,520.44,20.3411,488.93
72.1695,32.99,9.559,4.256,12.301,46.578,26.078,14.8966,0.1788,0.2086,0.1974,540.24,84.5475,85.0725,85.2,82.32,83.565,81.99,42.884,520.47,20.341,488.93
72.1683,32.99,9.559,4.255,12.301,46.434,26.0505,14.8963,0.1787,0.2088,0.1975,540.28,84.585,85.125,85.17,82.35,83.5875,82.035,42.8821,520.47,20.3409,488.93
72.167,32.99,9.561,4.249,12.299,46.254,25.9955,14.8961,0.1787,0.2089,0.1977,540.28,84.615,85.155,85.185,82.38,83.5275,82.0275,42.8802,520.47,20.3408,488.93
72.2164,32.995,9.564,4.24,12.299,46.068,25.924,14.8958,0.1786,0.2091,0.1979,540.28,84.6375,85.1925,85.2375,82.35,83.55,82.005,42.8858,520.41,20.3408,488.93
72.2158,32.995,9.567,4.226,12.299,45.852,25.8305,14.8955,0.1785,0.2093,0.1981,540.24,84.6,85.1475,85.215,82.335,83.55,82.0425,42.8842,520.41,20.3407,488.93
72.2152,32.995,9.572,4.207,12.299,45.654,25.726,14.8952,0.1783,0.2095,0.1983,540.2,84.6075,85.14,85.1775,82.3575,83.58,82.0575,42.8938,520.32,20.3406,488.93
72.2145,32.995,9.577,4.185,12.299,45.39,25.5995,14.8949,0.1782,0.2098,0.1986,540.12,84.63,85.1775,85.17,82.4025,83.5425,82.0725,42.9,520.26,20.3405,488.93
72.2139,32.995,9.584,4.165,12.299,45.162,25.473,14.8947,0.178,0.2101,0.1988,540.04,84.6375,85.2075,85.1475,82.38,83.565,82.035,42.9177,520.11,20.3405,488.93
72.2133,32.995,9.591,4.143,12.299,44.88,25.3355,14.8944,0.1779,0.2103,0.1991,539.88,84.6,85.155,85.1475,82.3425,83.58,81.99,42.9361,519.96,20.3404,488.96
72.2127,32.995,9.599,4.122,12.298,44.79,25.198,14.9027,0.1776,0.2104,0.1992,539.76,84.645,85.14,85.125,82.38,83.5575,81.9525,42.955,519.81,20.3403,488.96
72.1614,32.99,9.605,4.092,12.298,44.688,25.099,14.9027,0.1773,0.2104,0.1993,539.6,84.6375,85.1025,85.185,82.3725,83.58,82.005,42.9708,519.69,20.3402,488.96
72.1601,32.99,9.611,4.063,12.299,45.522,25.0275,14.9027,0.1764,0.2096,0.1984,539.48,84.6375,85.1025,85.2,82.3425,83.625,81.96,42.9646,519.75,20.3554,488.93
72.1083,32.985,9.602,4.009,12.301,46.212,25.2365,14.9027,0.1758,0.209,0.1978,539.52,84.675,85.1325,85.215,82.335,83.61,81.975,42.9581,519.81,20.3558,488.93
72.1064,32.985,9.59,3.98,12.301,46.62,25.55,14.9027,0.1761,0.2085,0.1974,539.6,84.69,85.1625,85.26,82.335,83.6325,81.9375,42.94,519.96,20.3563,488.93
72.0539,32.98,9.579,4.026,12.301,47.028,25.836,14.9027,0.1769,0.2082,0.197,539.76,84.675,85.1775,85.3125,82.38,83.655,81.945,42.9252,520.08,20.3414,488.93
72.102,32.985,9.567,4.111,12.301,47.316,26.0835,14.9027,0.1777,0.2079,0.1967,539.88,84.645,85.1475,85.3425,82.395,83.6625,81.9375,42.9023,520.26,20.3413,488.93
72.1002,32.985,9.557,4.193,12.301,47.514,26.2925,14.9027,0.1784,0.2078,0.1965,540.04,84.6225,85.155,85.35,82.35,83.685,81.9675,42.8825,520.41,20.3412,488.93
72.1489,32.99,9.548,4.253,12.301,47.598,26.4465,14.9027,0.1788,0.2076,0.1964,540.2,84.66,85.1625,85.305,82.3125,83.685,81.975,42.8583,520.59,20.3412,488.93
72.1983,32.995,9.542,4.291,12.301,47.598,26.5345,14.9027,0.179,0.2076,0.1964,540.4,84.69,85.155,85.2825,82.32,83.655,81.9525,42.8371,520.74,20.3411,488.93
72.1976,32.995,9.538,4.315,12.301,47.532,26.5675,14.9027,0.1792,0.2077,0.1964,540.56,84.72,85.1175,85.29,82.335,83.655,81.99,42.8153,520.89,20.341,488.96
72.2477,33,9.535,4.327,12.301,47.424,26.573,14.9027,0.1793,0.2078,0.1966,540.72,84.7575,85.1325,85.335,82.32,83.6625,81.945,42.8004,520.98,20.3409,488.96
72.2983,33.005,9.533,4.33,12.301,47.28,26.551,14.9027,0.1793,0.2078,0.1967,540.84,84.78,85.1625,85.305,82.2825,83.6175,81.9525,42.7814,521.1,20.3409,488.96
72.2989,33.005,9.534,4.326,12.301,47.118,26.5015,14.9027,0.1792,0.2081,0.1969,540.92,84.7575,85.11,85.2975,82.2675,83.6175,81.9375,42.777,521.1,20.3408,488.96
72.3501,33.01,9.535,4.314,12.301,46.89,26.4355,14.9027,0.1791,0.2083,0.1971,540.96,84.72,85.0725,85.275,82.275,83.5725,81.9225,42.7688,521.13,20.3407,488.96
72.3514,33.01,9.539,4.3,12.301,46.632,26.342,14.9027,0.179,0.2086,0.1973,540.96,84.705,85.035,85.275,82.3275,83.5575,81.885,42.7717,521.07,20.3406,488.96
72.4033,33.015,9.543,4.282,12.301,46.338,26.221,14.9027,0.1788,0.2088,0.1976,540.88,84.6525,85.0275,85.2975,82.365,83.5425,81.9225,42.7712,521.04,20.3406,488.96
72.4052,33.015,9.549,4.261,12.301,46.08,26.0835,14.9027,0.1786,0.209,0.1979,540.88,84.6675,85.02,85.2675,82.395,83.565,81.9075,42.7783,520.95,20.3405,488.99
72.407,33.015,9.556,4.232,12.301,45.78,25.924,14.8941,0.1784,0.2094,0.1982,540.8,84.705,84.99,85.275,82.3575,83.55,81.9,42.7932,520.8,20.3404,488.99
72.4089,33.015,9.564,4.2,12.301,45.336,25.759,14.8938,0.1782,0.2098,0.1986,540.64,84.705,85.05,85.29,82.3125,83.5575,81.9075,43.0145,520.62,20.3403,488.99
72.4108,33.015,9.575,4.174,12.301,44.892,25.5555,14.8936,0.1781,0.2103,0.1991,540.44,84.705,85.0425,85.2975,82.3425,83.595,81.9075,43.2404,520.41,20.3403,488.99
72.4127,33.015,9.587,4.148,12.299,44.484,25.33,14.9019,0.1779,0.2106,0.1995,540.2,84.645,85.035,85.29,82.305,83.595,81.87,43.4708,520.17,20.3402,488.99
72.3639,33.01,9.599,4.111,12.299,44.808,25.099,14.9019,0.177,0.2104,0.1992,539.96,84.6375,85.05,85.2525,82.2525,83.6025,81.8775,43.6871,520.05,20.3401,488.99
72.3146,33.005,9.602,4.04,12.299,45.024,25.088,14.9019,0.1761,0.2101,0.199,539.84,84.6225,85.1025,85.26,82.23,83.55,81.9375,43.8852,520.08,20.34,488.99
72.3152,33.005,9.603,3.977,12.302,45.3,25.143,14.9019,0.1761,0.2099,0.1987,539.88,84.5925,85.065,85.23,82.2225,83.5125,81.96,44.0831,520.11,20.3399,488.99
72.2652,33,9.6,3.983,12.302,45.444,25.2475,14.9019,0.1769,0.2098,0.1986,539.92,84.615,85.05,85.245,82.1925,83.5125,81.93,44.2697,520.23,20.3399,488.99
72.2652,33,9.599,4.055,12.302,45.6,25.3355,14.9019,0.1781,0.2096,0.1984,540.04,84.63,85.095,85.2975,82.245,83.505,81.8925,44.4407,520.47,20.3398,488.99
72.2652,33,9.597,4.152,12.302,45.774,25.418,14.9019,0.1791,0.2095,0.1982,540.28,84.6375,85.11,85.2525,82.23,83.52,81.8925,44.6108,520.71,20.3397,488.99
72.3158,33.005,9.594,4.234,12.303,45.918,25.4895,14.9019,0.1798,0.2094,0.1981,540.52,84.6,85.14,85.29,82.2375,83.505,81.9375,44.7761,520.98,20.3396,488.99
72.367,33.01,9.591,4.295,12.303,46.038,25.5665,14.9019,0.1804,0.2092,0.198,540.84,84.6,85.1775,85.305,82.215,83.49,81.9825,44.9291,521.34,20.3396,488.99
72.3683,33.01,9.588,4.344,12.303,46.152,25.627,14.9105,0.1809,0.2091,0.1979,541.2,84.6375,85.155,85.32,82.23,83.49,82.02,45.0768,521.73,20.3395,489.02
72.4202,33.015,9.585,4.387,12.303,46.272,25.6765,14.9108,0.1814,0.209,0.1977,541.56,84.645,85.1625,85.3425,82.23,83.49,82.0425,45.2193,522.15,20.3394,489.02
72.4727,33.02,9.582,4.428,12.303,46.416,25.7425,14.9111,0.1818,0.2088,0.1976,542,84.6825,85.155,85.2975,82.185,83.535,82.02,45.3562,522.6,20.3393,489.02
72.5764,33.03,9.577,4.468,12.305,46.578,25.814,14.9027,0.1822,0.2086,0.1974,542.48,84.63,85.2,85.2675,82.2,83.49,81.99,45.4952,523.02,20.3393,489.02
72.6308,33.035,9.572,4.508,12.305,46.716,25.902,14.9027,0.1826,0.2086,0.1973,542.96,84.5775,85.215,85.26,82.2525,83.445,81.99,45.6248,523.5,20.3392,489.05
72.6858,33.04,9.567,4.549,12.305,46.842,26.001,14.9027,0.1831,0.2084,0.1972,543.44,84.5925,85.23,85.2375,82.23,83.4825,81.99,45.7564,523.95,20.3391,489.05
72.792,33.05,9.562,4.591,12.303,46.968,26.1,14.9027,0.1835,0.2082,0.197,543.92,84.6075,85.245,85.275,82.2225,83.475,82.02,45.8785,524.46,20.339,489.08
72.8995,33.06,9.556,4.632,12.303,47.088,26.199,14.9027,0.1839,0.2082,0.1969,544.44,84.6225,85.185,85.245,82.2075,83.5275,82.02,45.9987,524.97,20.339,489.11
72.9577,33.065,9.551,4.672,12.303,47.208,26.2925,14.9027,0.1843,0.2079,0.1968,544.96,84.615,85.215,85.215,82.1925,83.505,81.9825,46.113,525.51,20.3389,489.14
73.0671,33.075,9.545,4.711,12.303,47.346,26.386,14.9027,0.1847,0.2078,0.1966,545.52,84.645,85.215,85.2225,82.155,83.5425,81.93,46.2289,526.02,20.3388,489.14
73.1777,33.085,9.539,4.747,12.304,47.46,26.4795,14.9027,0.1851,0.2078,0.1965,546.08,84.5925,85.2225,85.2,82.1775,83.4975,81.945,46.3389,526.56,20.3387,489.17
73.2895,33.095,9.533,4.783,12.304,47.556,26.573,14.9027,0.1855,0.2077,0.1964,546.6,84.5925,85.1625,85.2,82.1925,83.5425,81.915,46.4543,527.04,20.3387,489.2
73.4533,33.11,9.528,4.82,12.304,47.61,26.661,14.9027,0.1859,0.2077,0.1964,547.12,84.645,85.11,85.23,82.2,83.5575,81.8775,46.5678,527.52,20.3386,489.26
73.5683,33.12,9.523,4.857,12.304,47.622,26.7325,14.9027,0.1863,0.2076,0.1964,547.64,84.6225,85.155,85.2,82.2525,83.5125,81.885,46.6793,528,20.3385,489.29
73.6846,33.13,9.519,4.895,12.304,47.604,26.7875,14.9113,0.1867,0.2076,0.1964,548.12,84.5925,85.1025,85.2375,82.2975,83.4825,81.87,46.7888,528.48,20.3384,489.32
73.8527,33.145,9.516,4.93,12.304,47.55,26.8205,14.9116,0.1872,0.2077,0.1964,548.6,84.6,85.125,85.2225,82.275,83.4975,81.885,46.9002,528.93,20.3383,489.35
73.972,33.155,9.513,4.963,12.305,47.484,26.8315,14.9119,0.1876,0.2077,0.1965,549.08,84.5925,85.14,85.245,82.2825,83.505,81.915,47.0098,529.38,20.3383,489.41
74.0927,33.165,9.512,4.993,12.307,47.418,26.8205,14.9036,0.1879,0.2078,0.1966,549.56,84.6075,85.1625,85.275,82.2375,83.505,81.9,47.1176,529.83,20.3382,489.47
74.2652,33.18,9.511,5.019,12.307,47.328,26.7985,14.9036,0.1882,0.2078,0.1966,550,84.5925,85.1325,85.275,82.215,83.475,81.915,47.231,530.22,20.3381,489.5
74.3889,33.19,9.511,5.044,12.307,47.214,26.7765,14.9036,0.1886,0.2079,0.1968,550.4,84.5775,85.1625,85.2375,82.2675,83.4825,81.9525,47.3391,530.64,20.338,489.56
74.5645,33.205,9.512,5.067,12.305,47.136,26.7545,14.9036,0.1889,0.2081,0.1969,550.88,84.5925,85.1475,85.2825,82.245,83.4525,81.945,47.4531,531,20.338,489.62
74.6914,33.215,9.512,5.087,12.306,47.028,26.7215,14.9122,0.1892,0.2082,0.197,551.24,84.6075,85.1025,85.305,82.29,83.415,81.9225,47.5656,531.36,20.3379,489.68
74.8702,33.23,9.514,5.106,12.307,46.902,26.6885,14.9124,0.1894,0.2082,0.1971,551.6,84.57,85.08,85.2525,82.3275,83.4375,81.975,47.6766,531.72,20.3378,489.71
75.0001,33.24,9.515,5.125,12.307,46.806,26.6445,14.9127,0.1897,0.2084,0.1972,552,84.5325,85.035,85.2375,82.2825,83.3925,82.005,47.7899,532.05,20.3377,489.77
75.1314,33.25,9.517,5.141,12.31,46.692,26.5895,14.913,0.19,0.2085,0.1973,552.32,84.555,85.0725,85.2825,82.2675,83.385,81.9525,47.9057,532.35,20.3377,489.83
75.3145,33.265,9.519,5.156,12.31,46.56,26.5345,14.9133,0.1902,0.2086,0.1975,552.64,84.555,85.1175,85.2525,82.2825,83.415,81.9975,48.0202,532.65,20.3376,489.92
75.4489,33.275,9.522,5.172,12.311,46.41,26.4795,14.9136,0.1905,0.2088,0.1976,552.92,84.6,85.1175,85.29,82.2825,83.4525,81.975,48.1411,532.89,20.3375,489.98
75.5845,33.285,9.525,5.187,12.312,46.248,26.419,14.9138,0.1908,0.209,0.1978,553.2,84.6,85.08,85.3125,82.305,83.4975,82.02,48.2572,533.16,20.3374,490.04
75.772,33.3,9.529,5.203,12.313,46.11,26.3475,14.9227,0.191,0.2091,0.1979,553.48,84.63,85.1175,85.2675,82.3275,83.46,82.035,48.3722,533.43,20.3374,490.1
75.9108,33.31,9.533,5.215,12.314,45.978,26.276,14.9233,0.1912,0.2092,0.1981,553.76,84.645,85.1325,85.26,82.2825,83.475,82.0575,48.4862,533.7,20.3373,490.16
76.0508,33.32,9.537,5.226,12.315,45.876,26.2045,14.9238,0.1914,0.2094,0.1982,554.04,84.66,85.125,85.275,82.32,83.475,82.0425,48.6103,533.88,20.3372,490.25
76.192,33.33,9.54,5.234,12.318,45.732,26.133,14.9244,0.1916,0.2096,0.1983,554.24,84.66,85.1325,85.29,82.305,83.475,81.99,48.7299,534.09,20.3371,490.31
76.3345,33.34,9.545,5.246,12.319,45.582,26.067,14.9249,0.1918,0.2097,0.1985,554.44,84.615,85.155,85.2675,82.3425,83.46,81.99,48.8487,534.3,20.337,490.37
76.4783,33.35,9.549,5.258,12.32,45.456,25.9955,14.9255,0.1921,0.2098,0.1986,554.68,84.585,85.1925,85.2825,82.38,83.4825,81.96,48.9704,534.48,20.337,490.46
76.6233,33.36,9.553,5.268,12.321,45.312,25.924,14.9347,0.1923,0.21,0.1988,554.84,84.5775,85.14,85.2825,82.335,83.46,81.9225,49.0914,534.66,20.3369,490.52
76.8202,33.375,9.557,5.278,12.322,45.162,25.8525,14.9355,0.1925,0.2102,0.199,555.04,84.5625,85.0875,85.245,82.3425,83.4225,81.9225,49.2116,534.84,20.3368,490.58
76.9176,33.38,9.562,5.289,12.324,45.024,25.7755,14.9363,0.1927,0.2103,0.1991,555.24,84.6075,85.0425,85.2225,82.38,83.4675,81.9225,49.3349,534.99,20.3367,490.67
77.0664,33.39,9.567,5.299,12.326,44.886,25.693,14.9372,0.1929,0.2104,0.1992,555.4,84.63,85.02,85.2,82.365,83.5125,81.885,49.4538,535.17,20.3367,490.73
77.2164,33.4,9.571,5.308,12.329,44.79,25.616,14.938,0.1931,0.2105,0.1993,555.6,84.585,85.065,85.2525,82.365,83.52,81.9225,49.5682,535.38,20.3366,490.82
77.3677,33.41,9.575,5.315,12.33,44.742,25.5445,14.9474,0.1932,0.2106,0.1994,555.8,84.555,85.0575,85.2975,82.38,83.535,81.8925,49.6818,535.59,20.3365,490.88
77.5201,33.42,9.579,5.32,12.331,44.7,25.495,14.9486,0.1933,0.2107,0.1995,556,84.555,85.0125,85.245,82.365,83.4825,81.9,49.8021,535.74,20.3364,490.97
77.6739,33.43,9.582,5.326,12.332,44.628,25.462,14.9497,0.1935,0.2107,0.1995,556.16,84.57,85.005,85.29,82.335,83.445,81.9225,49.9142,535.95,20.3364,491.03
77.7783,33.435,9.585,5.337,12.335,44.616,25.429,14.9508,0.1936,0.2108,0.1996,556.4,84.585,84.9975,85.2825,82.3425,83.4825,81.885,50.0292,536.13,20.3363,491.12
77.9339,33.445,9.586,5.345,12.337,44.574,25.4015,14.9519,0.1938,0.2108,0.1996,556.56,84.57,84.99,85.2975,82.32,83.475,81.93,50.1398,536.34,20.3362,491.21
78.0908,33.455,9.588,5.357,12.338,44.574,25.3905,14.9616,0.194,0.2108,0.1996,556.8,84.5925,84.975,85.335,82.365,83.4375,81.93,50.2495,536.55,20.3361,491.27
78.1983,33.46,9.59,5.367,12.34,44.586,25.374,14.963,0.1941,0.2108,0.1996,557,84.555,84.96,85.3725,82.3725,83.4675,81.8925,50.3545,536.79,20.3361,491.36
78.357,33.47,9.59,5.379,12.341,44.598,25.374,14.9644,0.1943,0.211,0.1996,557.24,84.51,84.9525,85.365,82.365,83.4375,81.915,50.4662,536.97,20.336,491.42
78.4664,33.475,9.591,5.391,12.344,44.574,25.374,14.9658,0.1945,0.2109,0.1997,557.44,84.5325,84.9675,85.32,82.35,83.4,81.9375,50.5733,537.18,20.3359,491.51
78.627,33.485,9.591,5.408,12.346,44.568,25.3795,14.9672,0.1947,0.2109,0.1997,557.68,84.51,85.0275,85.3425,82.3875,83.4075,81.9675,50.6721,537.45,20.3358,491.6
78.7383,33.49,9.591,5.424,12.347,44.604,25.374,14.9685,0.1949,0.2108,0.1997,557.96,84.5475,85.02,85.3575,82.4025,83.46,81.93,50.7698,537.72,20.3358,491.69
78.9008,33.5,9.591,5.438,12.349,44.64,25.3795,14.9785,0.1951,0.2109,0.1996,558.2,84.5625,84.9825,85.3725,82.4025,83.4825,81.915,50.8739,537.93,20.3357,491.75
79.0645,33.51,9.59,5.453,12.35,44.64,25.4015,14.9802,0.1953,0.2109,0.1996,558.44,84.5475,84.9975,85.38,82.3575,83.4525,81.915,50.9735,538.17,20.3356,491.84
79.1789,33.515,9.59,5.471,12.351,44.652,25.4235,14.9819,0.1955,0.2108,0.1996,558.72,84.5925,85.0275,85.3875,82.3875,83.475,81.93,51.0682,538.44,20.3355,491.93
79.3445,33.525,9.589,5.489,12.354,44.67,25.429,14.9835,0.1957,0.2109,0.1996,558.96,84.585,85.0425,85.41,82.3425,83.475,81.915,51.1657,538.68,20.3354,492.02
79.4608,33.53,9.588,5.506,12.356,44.67,25.4345,14.9852,0.196,0.2109,0.1996,559.24,84.5475,85.065,85.44,82.38,83.5125,81.9525,51.2622,538.92,20.3354,492.11
79.6283,33.54,9.587,5.524,12.357,44.652,25.451,14.9869,0.1962,0.2109,0.1997,559.48,84.51,85.0425,85.4475,82.335,83.5425,81.9525,51.3577,539.16,20.3353,492.2
79.7464,33.545,9.587,5.544,12.358,44.622,25.4565,14.9886,0.1964,0.2109,0.1997,559.72,84.4875,85.0875,85.395,82.3725,83.565,81.9225,51.4485,539.43,20.3352,492.29
79.9158,33.555,9.586,5.563,12.36,44.622,25.451,14.9902,0.1967,0.2109,0.1997,560,84.465,85.08,85.4025,82.41,83.565,81.9225,51.5419,539.67,20.3351,492.38
80.0358,33.56,9.586,5.579,12.361,44.616,25.4455,14.9919,0.1969,0.211,0.1997,560.24,84.465,85.0575,85.4025,82.365,83.595,81.9675,51.6344,539.91,20.3351,492.47
80.207,33.57,9.585,5.596,12.362,44.586,25.451,15.0022,0.1971,0.2109,0.1997,560.48,84.495,85.08,85.395,82.4025,83.5425,81.9975,51.7222,540.18,20.335,492.56
80.3289,33.575,9.585,5.614,12.364,44.586,25.4455,15.0041,0.1973,0.211,0.1997,560.76,84.5175,85.0575,85.3725,82.365,83.58,82.02,51.8126,540.42,20.3349,492.65
80.4514,33.58,9.585,5.63,12.365,44.568,25.44,15.0061,0.1975,0.211,0.1997,561.04,84.5475,85.11,85.3725,82.38,83.5875,81.9825,51.9096,540.6,20.3348,492.74
80.6252,33.59,9.584,5.646,12.367,44.508,25.4345,15.008,0.1978,0.211,0.1998,561.24,84.5775,85.1025,85.335,82.32,83.535,81.99,51.9983,540.84,20.3348,492.83
80.7495,33.595,9.585,5.664,12.368,44.46,25.4235,15.0099,0.198,0.2111,0.1999,561.48,84.555,85.1475,85.365,82.2975,83.4975,81.9825,52.0898,541.05,20.3347,492.92
80.9252,33.605,9.585,5.681,12.37,44.418,25.4015,15.0119,0.1982,0.2111,0.1999,561.72,84.6075,85.1025,85.335,82.335,83.5125,82.0125,52.173,541.32,20.3346,493.04
81.0514,33.61,9.585,5.697,12.371,44.388,25.3795,15.0138,0.1984,0.2112,0.2,561.96,84.6075,85.065,85.3575,82.38,83.5275,82.05,52.2663,541.5,20.3345,493.13
81.1783,33.615,9.586,5.705,12.372,44.346,25.363,15.0158,0.1984,0.2112,0.2,562.16,84.6,85.0875,85.395,82.3875,83.4975,82.0125,52.3552,541.71,20.3345,493.22
81.3564,33.625,9.586,5.708,12.373,44.286,25.3465,15.0177,0.1985,0.2114,0.2001,562.4,84.5775,85.125,85.4175,82.3575,83.46,81.9825,52.4469,541.89,20.3344,493.34
81.4851,33.63,9.587,5.711,12.374,44.184,25.319,15.0197,0.1986,0.2114,0.2002,562.56,84.54,85.1325,85.38,82.395,83.4675,81.99,52.5417,542.04,20.3343,493.43
81.6145,33.635,9.589,5.716,12.376,44.064,25.286,15.0216,0.1987,0.2116,0.2003,562.72,84.5775,85.1175,85.395,82.365,83.505,81.975,52.6359,542.19,20.3342,493.52
81.7445,33.64,9.591,5.722,12.377,43.932,25.2365,15.0236,0.1989,0.2116,0.2004,562.88,84.5475,85.1475,85.3725,82.3725,83.4525,82.005,52.7257,542.37,20.3342,493.61
81.8752,33.645,9.593,5.728,12.377,43.842,25.176,15.0255,0.199,0.2118,0.2005,563.08,84.5175,85.1175,85.395,82.335,83.4675,81.9975,52.8148,542.55,20.3341,493.73
82.0064,33.65,9.595,5.73,12.379,43.752,25.1045,15.0274,0.1991,0.2118,0.2006,563.24,84.555,85.1175,85.41,82.29,83.4225,81.9825,52.9069,542.7,20.334,493.82
82.1383,33.655,9.598,5.734,12.38,43.662,25.055,15.0294,0.1992,0.2119,0.2007,563.4,84.5175,85.0725,85.4325,82.3125,83.475,81.945,52.9984,542.85,20.3339,493.94
82.2708,33.66,9.601,5.737,12.382,43.602,25,15.0313,0.1992,0.2119,0.2008,563.56,84.5325,85.065,85.4175,82.3275,83.445,81.915,53.0856,543.03,20.3338,494.03
82.4039,33.665,9.603,5.739,12.383,43.572,24.956,15.0333,0.1993,0.2121,0.2008,563.76,84.51,85.1025,85.4025,82.3425,83.475,81.915,53.1758,543.18,20.3338,494.12
82.4871,33.665,9.604,5.74,12.384,43.536,24.923,15.0438,0.1993,0.2121,0.2009,563.92,84.4875,85.14,85.4175,82.3725,83.4675,81.8775,53.2653,543.33,20.3337,494.24
82.6208,33.67,9.606,5.742,12.385,43.512,24.901,15.0461,0.1994,0.2121,0.2009,564.08,84.495,85.1025,85.4475,82.3725,83.4375,81.915,53.3505,543.51,20.3336,494.33
82.7552,33.675,9.607,5.743,12.386,43.53,24.879,15.0483,0.1994,0.212,0.2009,564.24,84.5475,85.0575,85.455,82.41,83.4,81.945,53.4313,543.72,20.3335,494.45
82.8395,33.675,9.608,5.742,12.389,43.572,24.8625,15.0505,0.1994,0.2121,0.2008,564.48,84.5175,85.05,85.395,82.4475,83.43,81.96,53.5187,543.87,20.3335,494.54
82.9745,33.68,9.607,5.741,12.391,43.584,24.868,15.0441,0.1994,0.2121,0.2008,564.64,84.555,85.005,85.41,82.4775,83.385,81.9375,53.6055,544.02,20.3334,494.63
83.0595,33.68,9.607,5.742,12.391,43.572,24.879,15.0461,0.1994,0.2121,0.2009,564.8,84.585,85.0275,85.3875,82.47,83.4075,81.9075,53.6879,544.2,20.3333,494.75
83.1951,33.685,9.607,5.745,12.393,43.578,24.8845,15.048,0.1994,0.2121,0.2009,564.96,84.63,85.05,85.395,82.425,83.4225,81.9675,53.7696,544.38,20.3332,494.84
83.2808,33.685,9.606,5.746,12.391,43.578,24.89,15.0586,0.1994,0.2121,0.2009,565.16,84.585,85.08,85.425,82.4475,83.4,81.96,53.8505,544.56,20.3332,494.96
83.417,33.69,9.606,5.747,12.393,43.572,24.901,15.0608,0.1995,0.2121,0.2009,565.32,84.5325,85.0875,85.425,82.4175,83.4225,81.975,53.9308,544.74,20.3331,495.05
83.5033,33.69,9.605,5.749,12.394,43.56,24.901,15.063,0.1995,0.2122,0.2009,565.52,84.5475,85.0875,85.4175,82.4325,83.4525,81.99,54.0141,544.89,20.333,495.17
83.5895,33.69,9.605,5.751,12.397,43.518,24.8955,15.0652,0.1995,0.2122,0.2009,565.68,84.585,85.05,85.4475,82.3725,83.4375,81.99,54.093,545.07,20.3329,495.26
83.7264,33.695,9.605,5.755,12.398,43.488,24.879,15.0674,0.1996,0.2122,0.2009,565.84,84.5925,85.02,85.4775,82.38,83.415,81.99,54.1749,545.22,20.3329,495.38
83.8133,33.695,9.605,5.757,12.399,43.434,24.8625,15.0697,0.1997,0.2122,0.201,566,84.6375,84.9825,85.485,82.3275,83.46,81.945,54.2562,545.37,20.3328,495.5
83.9002,33.695,9.606,5.761,12.4,43.374,24.8405,15.0719,0.1997,0.2123,0.2011,566.16,84.645,84.945,85.4775,82.2825,83.43,81.945,54.3332,545.55,20.3327,495.59
83.987,33.695,9.606,5.765,12.401,43.338,24.813,15.0741,0.1998,0.2123,0.2011,566.36,84.6075,84.96,85.485,82.2675,83.4675,81.9825,54.4132,545.7,20.3326,495.71
84.0739,33.695,9.607,5.767,12.401,43.308,24.7855,15.0763,0.1998,0.2124,0.2011,566.52,84.6225,84.9975,85.44,82.2825,83.505,81.96,54.4926,545.85,20.3325,495.8
84.1608,33.695,9.607,5.769,12.403,43.242,24.7635,15.0786,0.1999,0.2125,0.2012,566.68,84.585,85.05,85.38,82.2375,83.49,81.9675,54.5752,545.97,20.3325,495.92
84.2477,33.695,9.608,5.774,12.403,43.158,24.736,15.0808,0.2,0.2126,0.2013,566.8,84.615,85.065,85.35,82.26,83.535,81.93,54.6572,546.09,20.3324,496.01
84.3345,33.695,9.61,5.779,12.405,43.062,24.6975,15.083,0.2001,0.2126,0.2014,566.92,84.6525,85.0725,85.3875,82.275,83.52,81.8925,54.735,546.24,20.3323,496.13
84.4214,33.695,9.611,5.784,12.405,43.02,24.6535,15.0852,0.2002,0.2126,0.2014,567.08,84.6675,85.1175,85.3725,82.275,83.475,81.8775,54.8085,546.42,20.3322,496.25
84.5083,33.695,9.612,5.785,12.407,43.002,24.604,15.0874,0.2002,0.2126,0.2015,567.24,84.66,85.1025,85.32,82.23,83.43,81.885,54.885,546.57,20.3322,496.34
84.5952,33.695,9.613,5.786,12.407,42.996,24.582,15.0897,0.2003,0.2127,0.2015,567.4,84.6825,85.0725,85.2975,82.1925,83.445,81.9,54.9646,546.69,20.3321,496.46
84.682,33.695,9.614,5.787,12.408,42.966,24.5655,15.0919,0.2003,0.2128,0.2015,567.56,84.645,85.1175,85.2675,82.185,83.4675,81.885,55.0438,546.81,20.332,496.55
84.7689,33.695,9.614,5.79,12.408,42.918,24.5545,15.0855,0.2004,0.2128,0.2015,567.68,84.6525,85.095,85.23,82.1775,83.5125,81.9375,55.1224,546.93,20.3319,496.67
84.8558,33.695,9.615,5.794,12.409,42.882,24.538,15.0874,0.2004,0.2128,0.2016,567.8,84.615,85.0725,85.2375,82.2,83.505,81.9675,55.2006,547.05,20.3319,496.79
84.9427,33.695,9.616,5.797,12.41,42.846,24.516,15.0894,0.2005,0.2128,0.2016,567.92,84.63,85.1025,85.245,82.215,83.5275,81.9525,55.2745,547.2,20.3318,496.88
84.9789,33.69,9.616,5.8,12.409,42.822,24.494,15.0913,0.2005,0.2128,0.2016,568.08,84.6075,85.1475,85.26,82.2225,83.5575,81.96,55.3479,547.35,20.3317,497
85.0652,33.69,9.617,5.802,12.41,42.822,24.4775,15.1019,0.2006,0.2128,0.2016,568.24,84.5625,85.1025,85.2975,82.2075,83.505,81.9825,55.4168,547.53,20.3316,497.12
85.1514,33.69,9.617,5.803,12.41,42.864,24.4665,15.1041,0.2005,0.2127,0.2016,568.44,84.5325,85.095,85.3125,82.1925,83.5275,81.9825,55.4851,547.71,20.3316,497.21
85.187,33.685,9.616,5.802,12.411,42.936,24.4665,15.1063,0.2005,0.2127,0.2015,568.64,84.495,85.1325,85.3425,82.17,83.475,81.9825,55.5526,547.89,20.3315,497.33
85.2727,33.685,9.615,5.8,12.414,43.002,24.483,15.0999,0.2005,0.2126,0.2015,568.8,84.4725,85.155,85.335,82.1925,83.46,81.9975,55.6194,548.07,20.3314,497.42
85.3583,33.685,9.613,5.8,12.413,43.062,24.516,15.1019,0.2004,0.2126,0.2014,568.96,84.48,85.11,85.35,82.245,83.4525,82.005,55.6892,548.22,20.3313,497.54
85.3933,33.68,9.61,5.8,12.415,43.11,24.549,15.1038,0.2004,0.2126,0.2013,569.16,84.4725,85.1475,85.35,82.29,83.4825,82.05,55.7547,548.4,20.3313,497.66
85.4783,33.68,9.608,5.801,12.412,43.146,24.593,15.1058,0.2004,0.2124,0.2013,569.32,84.465,85.14,85.32,82.26,83.445,82.0575,55.8156,548.61,20.3312,497.78
85.5127,33.675,9.606,5.803,12.414,43.218,24.6205,15.1077,0.2004,0.2124,0.2012,569.56,84.4875,85.1025,85.305,82.3125,83.4525,82.0125,55.8758,548.82,20.3311,497.87
85.597,33.675,9.603,5.802,12.414,43.29,24.648,15.1097,0.2003,0.2124,0.2012,569.76,84.5325,85.1025,85.26,82.2675,83.49,82.0425,55.9425,548.97,20.331,497.99
85.6308,33.67,9.601,5.802,12.415,43.302,24.681,15.1116,0.2004,0.2124,0.2011,569.92,84.5175,85.1025,85.275,82.2375,83.445,82.065,56.005,549.15,20.3309,498.11
85.7145,33.67,9.599,5.806,12.415,43.296,24.714,15.1136,0.2004,0.2124,0.2011,570.12,84.5625,85.08,85.245,82.245,83.43,82.0725,56.0704,549.3,20.3309,498.2
85.7477,33.665,9.597,5.809,12.415,43.26,24.725,15.1155,0.2004,0.2124,0.2012,570.28,84.5325,85.1175,85.2825,82.29,83.4825,82.095,56.1353,549.45,20.3308,498.32
85.8308,33.665,9.595,5.814,12.416,43.206,24.7195,15.1174,0.2005,0.2123,0.2012,570.44,84.495,85.125,85.2675,82.29,83.5275,82.1025,56.192,549.66,20.3307,498.44
85.8633,33.66,9.595,5.819,12.416,43.188,24.7085,15.1108,0.2005,0.2125,0.2012,570.64,84.555,85.1625,85.23,82.2975,83.535,82.095,56.2592,549.78,20.3306,498.56
85.9458,33.66,9.594,5.822,12.417,43.122,24.6865,15.1124,0.2006,0.2125,0.2013,570.76,84.5925,85.155,85.29,82.32,83.505,82.08,56.3221,549.93,20.3306,498.68
85.9776,33.655,9.594,5.827,12.416,43.044,24.6645,15.1141,0.2007,0.2126,0.2013,570.92,84.5925,85.1325,85.3275,82.275,83.535,82.08,56.3881,550.05,20.3305,498.77
86.0595,33.655,9.594,5.833,12.415,42.948,24.6315,15.1158,0.2009,0.2126,0.2015,571.04,84.555,85.08,85.305,82.26,83.5275,82.08,56.4499,550.2,20.3304,498.89
86.0908,33.65,9.595,5.839,12.415,42.894,24.593,15.1174,0.2009,0.2127,0.2015,571.2,84.54,85.125,85.305,82.29,83.5275,82.035,56.5112,550.35,20.3303,499.01
86.1214,33.645,9.596,5.842,12.415,42.846,24.549,15.1191,0.201,0.2126,0.2015,571.36,84.5025,85.1025,85.3275,82.335,83.535,82.0725,56.5718,550.5,20.3303,499.13
86.202,33.645,9.597,5.845,12.416,42.834,24.516,15.1208,0.201,0.2128,0.2015,571.52,84.5475,85.14,85.3125,82.3425,83.4825,82.0875,56.6393,550.59,20.3302,499.25
86.232,33.64,9.597,5.847,12.415,42.768,24.4885,15.1224,0.2012,0.2128,0.2016,571.6,84.54,85.155,85.305,82.3875,83.4525,82.08,56.7027,550.71,20.3301,499.34
86.2614,33.635,9.598,5.853,12.415,42.72,24.472,15.1241,0.2012,0.2129,0.2016,571.72,84.5625,85.1925,85.2825,82.365,83.4675,82.0425,56.7693,550.8,20.33,499.46
86.3408,33.635,9.598,5.856,12.416,42.648,24.439,15.1172,0.2013,0.2129,0.2017,571.84,84.6075,85.2075,85.2675,82.3875,83.505,82.035,56.8319,550.92,20.33,499.58
86.3695,33.63,9.599,5.862,12.416,42.6,24.406,15.1186,0.2014,0.213,0.2018,571.96,84.6225,85.2225,85.2375,82.365,83.49,82.05,56.8977,551.01,20.3299,499.7
86.3977,33.625,9.6,5.865,12.415,42.564,24.373,15.1199,0.2014,0.213,0.2018,572.08,84.57,85.2075,85.23,82.38,83.505,82.0575,56.9632,551.1,20.3298,499.82
86.4758,33.625,9.601,5.868,12.414,42.504,24.3455,15.1213,0.2015,0.213,0.2018,572.16,84.57,85.1775,85.2825,82.3875,83.535,82.0125,57.0282,551.19,20.3297,499.94
86.5033,33.62,9.602,5.873,12.414,42.462,24.3235,15.1227,0.2016,0.213,0.2019,572.24,84.57,85.125,85.3125,82.38,83.5425,82.0425,57.0892,551.31,20.3296,500.03
86.5302,33.615,9.602,5.876,12.414,42.444,24.296,15.1241,0.2016,0.213,0.2019,572.36,84.5775,85.1625,85.365,82.35,83.49,82.0125,57.1497,551.43,20.3296,500.15
86.607,33.615,9.603,5.879,12.415,42.462,24.2685,15.1255,0.2017,0.213,0.2019,572.48,84.5775,85.17,85.3125,82.32,83.4975,81.9825,57.2059,551.58,20.3295,500.27
86.6333,33.61,9.602,5.879,12.414,42.498,24.263,15.1269,0.2017,0.213,0.2018,572.64,84.615,85.17,85.32,82.275,83.5425,81.9525,57.2691,551.67,20.3294,500.39
86.6589,33.605,9.602,5.88,12.414,42.504,24.2685,15.1283,0.2017,0.213,0.2018,572.72,84.615,85.1925,85.29,82.245,83.52,81.9075,57.3319,551.76,20.3293,500.51
86.6839,33.6,9.601,5.883,12.415,42.498,24.2795,15.1211,0.2017,0.213,0.2018,572.84,84.5625,85.17,85.275,82.2975,83.475,81.87,57.3943,551.85,20.3293,500.6
86.7589,33.6,9.6,5.886,12.414,42.462,24.285,15.1222,0.2018,0.2131,0.2018,572.92,84.555,85.155,85.305,82.275,83.5275,81.93,57.4564,551.94,20.3292,500.72
86.7833,33.595,9.6,5.891,12.414,42.414,24.2795,15.1233,0.2018,0.213,0.2019,573,84.5175,85.1175,85.305,82.23,83.4975,81.9675,57.5143,552.06,20.3291,500.84
86.807,33.59,9.6,5.895,12.412,42.39,24.263,15.1244,0.2019,0.2132,0.2019,573.12,84.5025,85.0725,85.3425,82.185,83.505,81.9525,57.5793,552.12,20.329,500.96
86.8302,33.585,9.599,5.898,12.412,42.33,24.2355,15.1255,0.202,0.2132,0.2019,573.2,84.4725,85.0725,85.35,82.215,83.475,81.9375,57.6403,552.21,20.329,501.08
86.9033,33.585,9.6,5.903,12.412,42.258,24.2135,15.1266,0.2021,0.2133,0.202,573.28,84.45,85.0575,85.32,82.2675,83.505,81.9675,57.7009,552.3,20.3289,501.17
86.9258,33.58,9.601,5.908,12.412,42.186,24.1805,15.1277,0.2022,0.2133,0.2021,573.4,84.465,85.0125,85.3425,82.2975,83.535,81.9825,57.7611,552.39,20.3288,501.29
86.9477,33.575,9.602,5.913,12.412,42.126,24.1365,15.1288,0.2023,0.2134,0.2021,573.48,84.5175,85.0575,85.29,82.2975,83.5725,82.02,57.8247,552.45,20.3287,501.41
86.9689,33.57,9.603,5.917,12.412,42.048,24.0925,15.1213,0.2024,0.2134,0.2022,573.56,84.5625,85.035,85.26,82.305,83.55,82.065,57.8844,552.54,20.3287,501.53
86.9895,33.565,9.605,5.923,12.411,41.982,24.054,15.1222,0.2025,0.2134,0.2023,573.64,84.54,85.0575,85.2675,82.32,83.565,82.0275,57.9436,552.63,20.3286,501.62
87.0602,33.565,9.606,5.926,12.411,41.952,24.01,15.123,0.2025,0.2134,0.2023,573.72,84.495,85.095,85.2975,82.305,83.5425,81.9975,58.0026,552.72,20.3285,501.74
87.0801,33.56,9.607,5.929,12.41,41.94,23.9825,15.1238,0.2026,0.2135,0.2023,573.84,84.5475,85.1325,85.305,82.2675,83.535,81.9675,58.0649,552.78,20.3284,501.86
87.0995,33.555,9.607,5.931,12.409,41.91,23.9605,15.1247,0.2026,0.2136,0.2023,573.88,84.525,85.11,85.32,82.2975,83.4975,81.975,58.1269,552.84,20.3284,501.98
87.1183,33.55,9.608,5.935,12.409,41.868,23.9495,15.1255,0.2027,0.2135,0.2024,573.96,84.5325,85.155,85.3575,82.305,83.5275,81.96,58.185,552.93,20.3283,502.07
87.1364,33.545,9.608,5.94,12.409,41.844,23.933,15.1263,0.2028,0.2137,0.2024,574.04,84.525,85.17,85.3275,82.26,83.535,81.975,58.2464,552.99,20.3282,502.19
87.2045,33.545,9.608,5.942,12.408,41.808,23.911,15.1272,0.2028,0.2135,0.2024,574.12,84.495,85.1325,85.3725,82.2225,83.535,81.9375,58.3001,553.11,20.3281,502.31
87.222,33.54,9.609,5.946,12.409,41.826,23.889,15.128,0.2028,0.2135,0.2024,574.24,84.5475,85.1625,85.3425,82.2225,83.4825,81.9,58.3533,553.23,20.328,502.4
87.2389,33.535,9.608,5.947,12.408,41.868,23.878,15.1202,0.2028,0.2136,0.2023,574.36,84.5025,85.1175,85.2975,82.2375,83.52,81.87,58.4136,553.29,20.328,502.52
87.2551,33.53,9.608,5.947,12.408,41.88,23.878,15.1208,0.2029,0.2135,0.2023,574.44,84.5475,85.155,85.2675,82.2,83.565,81.9225,58.4661,553.41,20.3279,502.64
87.2708,33.525,9.607,5.95,12.407,41.91,23.8945,15.1213,0.2029,0.2135,0.2023,574.52,84.57,85.1625,85.3125,82.1775,83.535,81.9525,58.5256,553.47,20.3278,502.76
87.3364,33.525,9.606,5.952,12.406,41.886,23.911,15.1219,0.2029,0.2135,0.2023,574.6,84.585,85.2,85.29,82.17,83.565,81.9825,58.5811,553.56,20.3277,502.85
87.3514,33.52,9.605,5.956,12.406,41.862,23.9165,15.1224,0.203,0.2136,0.2023,574.68,84.5925,85.2375,85.305,82.2225,83.535,81.9975,58.64,553.62,20.3277,502.97
87.3658,33.515,9.604,5.96,12.405,41.808,23.911,15.123,0.2031,0.2136,0.2024,574.76,84.5775,85.275,85.2975,82.245,83.5725,81.9525,58.6949,553.71,20.3276,503.09
87.3795,33.51,9.604,5.966,12.405,41.754,23.889,15.1235,0.2031,0.2136,0.2024,574.84,84.615,85.2825,85.305,82.2525,83.565,82.005,58.7495,553.8,20.3275,503.18
87.3926,33.505,9.605,5.97,12.404,41.718,23.856,15.1241,0.2032,0.2136,0.2024,574.96,84.63,85.2525,85.335,82.2225,83.595,82.0275,58.8036,553.89,20.3274,503.3
87.4052,33.5,9.605,5.973,12.404,41.694,23.823,15.1247,0.2033,0.2136,0.2024,575.04,84.6225,85.2675,85.32,82.2675,83.565,82.005,58.8575,553.98,20.3274,503.42
87.4677,33.5,9.605,5.976,12.403,41.676,23.801,15.1166,0.2033,0.2137,0.2024,575.16,84.6525,85.2825,85.3125,82.275,83.6025,82.05,58.9109,554.07,20.3273,503.51
87.4795,33.495,9.605,5.979,12.403,41.646,23.7845,15.1169,0.2034,0.2136,0.2025,575.24,84.6825,85.2225,85.2825,82.2675,83.6175,82.005,58.964,554.16,20.3272,503.63
87.4908,33.49,9.606,5.983,12.402,41.646,23.768,15.1172,0.2034,0.2137,0.2024,575.32,84.6525,85.245,85.2675,82.32,83.5725,82.0125,59.013,554.28,20.3271,503.75
87.5014,33.485,9.605,5.985,12.401,41.658,23.7625,15.1174,0.2034,0.2137,0.2024,575.44,84.69,85.245,85.26,82.2675,83.52,81.99,59.069,554.34,20.3271,503.84
87.5114,33.48,9.605,5.987,12.401,41.64,23.7625,15.1177,0.2035,0.2136,0.2024,575.52,84.6525,85.2075,85.2525,82.245,83.4975,82.02,59.1172,554.46,20.327,503.96
87.5208,33.475,9.604,5.991,12.4,41.664,23.7625,15.118,0.2035,0.2137,0.2024,575.64,84.6675,85.1925,85.2375,82.215,83.535,82.02,59.1725,554.52,20.3269,504.08
87.5801,33.475,9.603,5.993,12.4,41.64,23.7625,15.1183,0.2036,0.2136,0.2024,575.68,84.66,85.185,85.2375,82.2675,83.565,82.035,59.2238,554.61,20.3268,504.17
87.5889,33.47,9.603,5.997,12.399,41.634,23.7625,15.1185,0.2036,0.2137,0.2024,575.8,84.63,85.1625,85.275,82.23,83.6025,82.0575,59.2747,554.7,20.3267,504.29
87.597,33.465,9.602,6,12.399,41.598,23.7515,15.1188,0.2037,0.2138,0.2025,575.88,84.675,85.155,85.245,82.2675,83.625,82.0275,59.329,554.76,20.3267,504.41
87.6045,33.46,9.602,6.005,12.398,41.55,23.7405,15.1191,0.2038,0.2138,0.2025,575.96,84.63,85.1475,85.2075,82.2825,83.6475,82.02,59.3793,554.85,20.3266,504.5
87.6114,33.455,9.602,6.01,12.398,41.508,23.7185,15.1108,0.2039,0.2138,0.2025,576.04,84.6,85.125,85.26,82.2675,83.655,82.02,59.433,554.91,20.3265,504.62
87.6683,33.455,9.603,6.014,12.397,41.46,23.691,15.1108,0.2039,0.2137,0.2026,576.12,84.6375,85.11,85.2225,82.29,83.64,82.02,59.4789,555.03,20.3264,504.71
87.6745,33.45,9.603,6.019,12.397,41.472,23.6635,15.1108,0.2039,0.2138,0.2026,576.24,84.6675,85.0875,85.185,82.26,83.595,82.0425,59.5319,555.09,20.3264,504.83
87.6802,33.445,9.603,6.019,12.395,41.436,23.647,15.1108,0.204,0.2137,0.2026,576.28,84.6825,85.125,85.155,82.2525,83.58,82.0125,59.5771,555.21,20.3263,504.95
87.6852,33.44,9.603,6.025,12.395,41.466,23.6415,15.1108,0.204,0.2138,0.2026,576.4,84.66,85.11,85.1325,82.305,83.6175,82.005,59.6293,555.27,20.3262,505.04
87.7402,33.44,9.602,6.025,12.394,41.442,23.636,15.1108,0.2041,0.2138,0.2026,576.48,84.615,85.1175,85.1175,82.3275,83.64,81.96,59.6776,555.36,20.3261,505.16
87.7445,33.435,9.602,6.03,12.394,41.43,23.636,15.1108,0.2041,0.2138,0.2026,576.56,84.6375,85.11,85.1475,82.3575,83.64,81.9525,59.7255,555.45,20.3261,505.25
87.7483,33.43,9.602,6.034,12.393,41.448,23.6305,15.1108,0.2042,0.2138,0.2025,576.68,84.6,85.1175,85.1775,82.3575,83.6025,81.9225,59.773,555.54,20.326,505.37
87.7514,33.425,9.601,6.035,12.393,41.454,23.625,15.1108,0.2042,0.2138,0.2025,576.76,84.6375,85.0725,85.2225,82.3425,83.625,81.93,59.8201,555.63,20.3259,505.49
87.7539,33.42,9.6,6.038,12.392,41.46,23.625,15.1108,0.2042,0.2138,0.2025,576.84,84.6075,85.1025,85.1925,82.3875,83.625,81.93,59.8669,555.72,20.3258,505.58
87.7558,33.415,9.599,6.041,12.392,43.23,23.6305,15.1022,0.2026,0.212,0.2007,576.92,84.615,85.1025,85.2,82.38,83.6025,81.8925,59.8946,555.96,20.3258,505.7
87.757,33.41,9.573,5.957,12.391,44.7,24.197,15.1019,0.2012,0.2106,0.1993,577.2,84.63,85.0875,85.1925,82.3875,83.61,81.855,59.91,556.29,20.3257,505.79
87.7576,33.405,9.541,5.905,12.39,45.978,24.9285,15.1016,0.1999,0.2092,0.198,577.52,84.6525,85.0875,85.1775,82.4025,83.61,81.9075,59.909,556.74,20.3256,505.91
87.7576,33.4,9.505,5.867,12.388,47.124,25.6875,15.1013,0.1988,0.208,0.1968,578,84.675,85.1325,85.17,82.3575,83.6025,81.885,59.8949,557.28,20.3255,506
87.757,33.395,9.469,5.835,12.387,48.126,26.3915,15.101,0.1978,0.207,0.1958,578.56,84.66,85.1025,85.1625,82.3125,83.6175,81.855,59.8749,557.85,20.3255,506.12
87.7558,33.39,9.434,5.808,12.386,48.936,27.0295,15.1008,0.197,0.2062,0.1949,579.16,84.6975,85.08,85.1325,82.2975,83.61,81.84,59.8489,558.45,20.3254,506.24
87.7539,33.385,9.402,5.789,12.385,49.548,27.5795,15.1005,0.1964,0.2055,0.1943,579.76,84.6525,85.0875,85.1475,82.3125,83.5575,81.8925,59.8166,559.08,20.3253,506.33
87.7514,33.38,9.373,5.776,12.384,50.01,28.025,15.0916,0.1959,0.2051,0.1938,580.44,84.6375,85.1175,85.1325,82.2675,83.595,81.8625,59.7893,559.65,20.3252,506.45
87.6976,33.37,9.347,5.766,12.383,50.322,28.366,15.091,0.1956,0.2048,0.1935,581.04,84.645,85.1625,85.125,82.2825,83.5875,81.855,59.7598,560.22,20.3251,506.57
87.6933,33.365,9.325,5.764,12.382,50.52,28.652,15.0905,0.1953,0.2045,0.1933,581.64,84.6075,85.1925,85.095,82.275,83.565,81.8325,59.7279,560.79,20.3251,506.69
87.6883,33.36,9.306,5.764,12.379,50.64,28.8775,15.0899,0.1952,0.2044,0.1931,582.24,84.5625,85.185,85.125,82.2825,83.5125,81.8625,59.7012,561.3,20.325,506.81
87.6826,33.355,9.289,5.766,12.378,50.634,29.037,15.0808,0.1952,0.2043,0.1931,582.72,84.525,85.155,85.1625,82.275,83.4825,81.8625,59.6763,561.78,20.3249,506.96
87.6764,33.35,9.277,5.773,12.377,50.574,29.1415,15.0799,0.1952,0.2044,0.1931,583.24,84.54,85.185,85.1625,82.2525,83.5125,81.8775,59.6569,562.2,20.3248,507.08
87.6695,33.345,9.267,5.779,12.374,50.424,29.18,15.0791,0.1953,0.2046,0.1933,583.68,84.51,85.1925,85.1925,82.215,83.5425,81.93,59.6433,562.56,20.3248,507.2
87.662,33.34,9.261,5.788,12.372,50.202,29.18,15.0697,0.1955,0.2048,0.1935,584.04,84.57,85.1775,85.155,82.2,83.5275,81.99,59.632,562.89,20.3247,507.35
87.6539,33.335,9.258,5.799,12.37,49.926,29.125,15.0685,0.1958,0.205,0.1937,584.4,84.5325,85.17,85.1775,82.2525,83.55,81.99,59.6269,563.16,20.3246,507.47
87.6958,33.335,9.257,5.811,12.369,49.626,29.026,15.0674,0.196,0.2052,0.194,584.68,84.54,85.1175,85.2,82.2225,83.505,81.9975,59.6207,563.43,20.3245,507.62
87.687,33.33,9.259,5.822,12.366,49.308,28.8995,15.0663,0.1963,0.2055,0.1943,584.96,84.5175,85.1625,85.215,82.23,83.49,81.9675,59.621,563.64,20.3245,507.74
87.6777,33.325,9.262,5.832,12.365,48.954,28.74,15.0652,0.1966,0.2058,0.1946,585.2,84.54,85.17,85.1925,82.275,83.49,82.0125,59.6204,563.85,20.3244,507.89
87.6677,33.32,9.268,5.844,12.364,48.6,28.564,15.0641,0.197,0.2062,0.195,585.4,84.5475,85.1925,85.2075,82.26,83.4675,81.99,59.6302,563.97,20.3243,508.01
87.657,33.315,9.274,5.855,12.362,48.21,28.3715,15.063,0.1973,0.2066,0.1954,585.52,84.5175,85.215,85.215,82.23,83.46,82.005,59.6433,564.06,20.3242,508.16
87.6458,33.31,9.283,5.868,12.361,47.796,28.1735,15.0533,0.1977,0.207,0.1958,585.6,84.5325,85.2,85.26,82.245,83.505,82.05,59.6635,564.09,20.3242,508.28
87.6845,33.31,9.293,5.881,12.359,47.358,27.9535,15.0519,0.1981,0.2074,0.1962,585.64,84.5775,85.1775,85.26,82.275,83.46,82.0425,59.6874,564.09,20.3241,508.43
87.6727,33.305,9.303,5.895,12.359,46.938,27.717,15.0505,0.1985,0.2078,0.1966,585.64,84.54,85.125,85.215,82.305,83.445,82.0425,59.715,564.06,20.324,508.58
87.6601,33.3,9.315,5.907,12.356,46.542,27.4805,15.0491,0.1989,0.2082,0.197,585.64,84.525,85.11,85.245,82.3125,83.49,82.0725,59.7466,564,20.3239,508.7
87.647,33.295,9.327,5.918,12.355,46.122,27.2385,15.0563,0.1993,0.2086,0.1974,585.56,84.54,85.125,85.2075,82.35,83.475,82.11,59.7783,563.94,20.3239,508.85
87.6839,33.295,9.339,5.931,12.355,45.738,27.0075,15.0552,0.1997,0.209,0.1978,585.48,84.5625,85.1025,85.185,82.3275,83.4675,82.125,59.8178,563.82,20.3238,508.97
87.6702,33.29,9.352,5.941,12.353,45.372,26.782,15.0541,0.2,0.2094,0.1982,585.36,84.6,85.08,85.1475,82.3425,83.4525,82.14,59.8578,563.7,20.3237,509.12
87.6558,33.285,9.364,5.951,12.355,45.036,26.5565,15.053,0.2004,0.2097,0.1985,585.24,84.63,85.05,85.1625,82.365,83.4075,82.125,59.8946,563.61,20.3236,509.24
87.6914,33.285,9.376,5.96,12.354,44.742,26.3475,15.0519,0.2006,0.21,0.1988,585.12,84.63,85.0125,85.1625,82.395,83.385,82.065,59.9392,563.46,20.3235,509.36
87.6764,33.28,9.387,5.967,12.353,44.442,26.155,15.0508,0.2009,0.2102,0.1991,585,84.6225,84.9975,85.1925,82.41,83.4375,82.0875,59.9844,563.31,20.3235,509.51
87.6607,33.275,9.398,5.976,12.352,44.196,25.9845,15.0497,0.2012,0.2106,0.1993,584.84,84.6525,85.005,85.1925,82.3875,83.4075,82.0725,60.034,563.13,20.3234,509.63
87.6951,33.275,9.407,5.981,12.352,43.932,25.8195,15.0485,0.2014,0.2108,0.1996,584.64,84.6225,84.9975,85.215,82.3875,83.4,82.095,60.0805,562.98,20.3233,509.75
87.6789,33.27,9.417,5.989,12.352,43.716,25.671,15.0474,0.2016,0.211,0.1998,584.48,84.6225,85.0575,85.185,82.4325,83.415,82.0425,60.1277,562.83,20.3232,509.87
87.662,33.265,9.426,5.993,12.35,43.518,25.528,15.0463,0.2018,0.2112,0.2,584.32,84.6375,85.0575,85.23,82.3875,83.43,82.0725,60.1792,562.65,20.3232,509.99
87.6951,33.265,9.435,5.998,12.35,43.32,25.396,15.0452,0.202,0.2114,0.2002,584.16,84.6525,85.0875,85.215,82.395,83.4825,82.0875,60.2276,562.5,20.3231,510.11
87.6776,33.26,9.443,6.003,12.35,43.14,25.275,15.0441,0.2022,0.2116,0.2004,584,84.66,85.125,85.2375,82.3875,83.4675,82.095,60.2805,562.32,20.323,510.23
87.6595,33.255,9.45,6.007,12.35,42.954,25.1595,15.043,0.2023,0.2118,0.2006,583.8,84.6825,85.1175,85.2375,82.35,83.52,82.035,60.3303,562.17,20.3229,510.35
87.6914,33.255,9.458,6.012,12.35,42.792,25.044,15.0419,0.2025,0.2119,0.2007,583.64,84.645,85.095,85.2525,82.3425,83.55,81.9975,60.3807,562.02,20.3229,510.47
87.6727,33.25,9.464,6.016,12.348,42.63,24.9395,15.0408,0.2027,0.2121,0.2009,583.48,84.6,85.1175,85.29,82.3725,83.52,82.02,60.4318,561.87,20.3228,510.59
87.6533,33.245,9.471,6.02,12.348,42.48,24.835,15.0483,0.2028,0.2122,0.201,583.32,84.6075,85.125,85.2675,82.32,83.4975,81.9975,60.4834,561.72,20.3227,510.71
87.6839,33.245,9.477,6.022,12.348,42.318,24.7305,15.0474,0.203,0.2124,0.2012,583.16,84.6525,85.1175,85.23,82.32,83.5425,82.005,60.5356,561.57,20.3226,510.83
87.7145,33.245,9.477,6.022,12.348,42.318,24.7305,15.0466,0.203,0.2124,0.2012,583.16,84.6525,85.1175,85.23,82.32,83.5425,82.005,60.5697,561.57,20.3226,510.83
87.7451,33.245,9.477,6.022,12.348,42.318,24.7305,15.0458,0.203,0.2124,0.2012,583.16,84.6525,85.1175,85.23,82.32,83.5425,82.005,60.6038,561.57,20.3225,510.83
87.7758,33.245,9.477,6.022,12.348,42.318,24.7305,15.0449,0.203,0.2124,0.2012,583.16,84.6525,85.1175,85.23,82.32,83.5425,82.005,60.6378,561.57,20.3224,510.83
87.7558,33.24,9.484,6.027,12.348,42.168,24.6315,15.0441,0.2031,0.2126,0.2013,583.04,84.6525,85.0875,85.26,82.2825,83.565,81.99,60.6907,561.42,20.3223,510.92
87.7352,33.235,9.49,6.03,12.349,42,24.5215,15.0433,0.2033,0.2127,0.2015,582.88,84.6525,85.05,85.2375,82.305,83.5575,81.9675,60.7404,561.3,20.3222,511.04
87.7645,33.235,9.496,6.034,12.348,41.838,24.4225,15.0424,0.2034,0.2129,0.2017,582.72,84.6525,85.095,85.2675,82.335,83.5425,82.0125,60.7943,561.15,20.3222,511.13
87.7433,33.23,9.502,6.038,12.347,41.682,24.318,15.0416,0.2036,0.213,0.2018,582.6,84.6525,85.125,85.3125,82.305,83.5575,81.975,60.8489,561,20.3221,511.25
87.7214,33.225,9.508,6.041,12.347,41.526,24.2135,15.0408,0.2565,0.2708,0.2601,582.44,84.66,85.1325,85.29,82.2675,83.505,81.93,60.8965,560.91,20.322,511.34
88.4582,33.295,9.514,10.227,12.347,0,25.2585,15.0399,0.241,0.253,0.2421,574.12,84.6075,85.08,85.3125,82.275,83.4675,81.9,61.9215,553.02,20.3219,511.46
88.5458,33.3,10.257,7.535,12.348,0.012,5.519,15.0477,0.1815,0.253,0.2421,565.24,84.585,85.1325,85.335,82.2675,83.475,81.9375,63.0647,544.44,20.3371,511.58
87.7732,33.22,10.514,2.435,12.325,0.288,-1.631,14.8835,0.1503,0.251,0.2401,556.68,84.585,85.1475,85.3275,82.2375,83.49,81.9075,64.1976,536.22,20.3376,511.64
85.7251,33.015,10.514,0,12.284,0.81,-2.753,14.6194,0.1503,0.2493,0.2384,548.6,84.6225,85.155,85.3125,82.23,83.5275,81.885,65.3035,528.48,20.338,511.64
83.6514,32.81,10.626,0,12.242,2.622,-2.753,14.3383,0.1717,0.2466,0.2295,548.6,84.615,85.1775,85.3425,82.2675,83.5275,81.915,66.2454,522.3,20.3384,511.64
82.7164,32.72,10.632,2.026,12.166,8.112,0.855,14.1088,0.2002,0.2406,0.2172,542.16,84.66,85.2075,85.32,82.305,83.535,81.9525,66.8777,518.79,20.3541,511.61
82.3776,32.69,10.567,4.657,12.079,20.184,6.256,13.976,0.1857,0.2103,0.199,538.56,84.6075,85.245,85.29,82.3125,83.5425,81.9375,67.0959,518.7,20.355,511.52
82.0351,32.66,10.041,4.201,12.002,38.682,14.9955,13.9174,0.1683,0.1894,0.1777,538.44,84.615,85.215,85.26,82.335,83.5125,81.9525,66.8823,522.06,20.3559,511.37
81.6889,32.63,9.559,3.696,11.95,60.456,26.3035,13.9441,0.158,0.1691,0.1573,541.92,84.645,85.1775,85.2225,82.3275,83.535,81.96,66.3358,527.97,20.3568,511.25
81.3895,32.605,8.994,3.696,11.93,81.552,38.552,14.033,0.1445,0.1521,0.1402,548.08,84.615,85.155,85.2675,82.35,83.505,81.9675,65.5963,535.23,20.3577,511.13
81.1376,32.585,8.418,3.802,11.933,99.372,50.047,14.1516,0.1305,0.1521,0.1254,555.64,84.615,85.125,85.245,82.3875,83.535,81.93,64.7936,542.76,20.3586,511.07
80.8832,32.565,7.856,3.289,11.958,114.738,60.3265,14.2749,0.1198,0.1373,0.1144,563.44,84.5775,85.125,85.2075,82.365,83.5425,81.8925,63.9793,550.14,20.3595,511.01
80.6264,32.545,7.36,3.076,11.997,126.21,68.6315,14.3858,0.1123,0.1264,0.1068,571.12,84.5325,85.1175,85.215,82.395,83.58,81.9525,63.1765,557.19,20.3452,511.01
80.4176,32.53,6.951,3.076,12.039,132,74.8465,14.4663,0.1123,0.1188,0.1068,578.48,84.555,85.1325,85.2075,82.35,83.6025,81.9675,62.4166,563.67,20.3456,511.04
80.207,32.515,6.633,2.958,12.078,132,79.098,14.5241,0.1076,0.1138,0.102,585.2,84.5175,85.155,85.2375,82.2975,83.5575,81.9825,61.7095,569.52,20.346,511.07
0,32.5,6.395,2.911,12.112,132,81.8315,14.5583,0.105,0.1114,0.0994,591.32,84.525,85.1175,85.2375,82.2525,83.6025,81.975,0,574.68,0,511.16
0,32.49,6.395,2.916,12.136,132,83.663,14.5852,0.1039,0.1102,0.0983,596.68,84.57,85.08,85.2,82.29,83.6175,81.975,0,579.15,0,511.25
0,32.48,6.21,2.963,12.151,132,83.663,14.596,0.1245,1.409,0.1213,601.32,84.5925,85.1325,85.23,82.29,83.595,81.9375,0,583.02,0,511.37
0,32.63,6.397,4.06,12.16,120.366,77.294,14.5988,0.087,1.409,0.0807,605.32,84.615,85.0875,85.23,82.245,83.6025,81.9,0,582.84,0,511.52
0,32.7,4.961,0.799,12.166,132,72.509,14.6019,0.0639,1.4093,0.0592,605.16,84.57,85.095,85.275,82.215,83.6025,81.9075,0,582.66,0,511.7
0,32.755,4.501,0.588,12.147,132,91,14.5449,0.0408,1.4094,0.0375,604.96,84.5625,85.125,85.245,82.245,83.58,81.885,0,582.48,0,511.76
0,32.805,3.553,0.588,12.119,132,91,14.4691,0.0236,1.4095,0.0224,604.8,84.585,85.1325,85.2525,82.2375,83.5275,81.885,0,582.3,0,511.82
0,32.845,2.677,0.428,12.089,132,91,14.3824,0.0137,1.4096,0.0142,604.6,84.63,85.095,85.2825,82.2,83.5425,81.9375,0,582.12,0,511.85
0,32.865,2.056,0.237,12.043,132,91,14.2847,0.0137,1.4097,0.0142,604.4,84.5925,85.1325,85.2375,82.215,83.58,81.9525,0,581.94,0,511.88
0,32.87,1.68,0.071,11.989,132,91,14.1583,0.0093,1.4098,0.0104,604.2,84.6225,85.1325,85.2075,82.245,83.5575,81.99,0,581.73,0,511.88
0,32.875,1.68,0.009,11.93,132,91,14.0024,0.0079,1.4098,0.0089,604,84.63,85.1175,85.2,82.245,83.565,82.0125,0,581.55,0,511.85
0,32.89,1.487,0.006,11.864,132,91,13.8508,0.0084,1.4099,0.0092,603.8,84.6,85.095,85.2075,82.2225,83.5425,82.02,0,581.34,0,511.85
0,32.915,1.422,0.039,11.793,132,91,13.6863,0.0096,1.4101,0.0098,603.6,84.63,85.14,85.17,82.2,83.58,81.99,0,581.16,0,511.85
0,32.94,1.399,0.096,11.716,132,91,13.5347,0.0104,1.4102,0.0106,603.4,84.6375,85.1625,85.2225,82.215,83.565,81.945,0,580.95,0,511.85
0,32.965,1.387,0.115,11.642,132,91,13.3963,0.0107,1.4102,0.0114,603.2,84.585,85.14,85.2375,82.2225,83.5275,81.945,0,580.77,0,511.85
0,32.98,1.383,0.088,11.568,132,91,13.2805,0.0108,1.4103,0.0122,603,84.5775,85.1775,85.215,82.2,83.5425,81.915,0,580.56,0,511.85
0,32.995,1.382,0.05,11.5,132,91,13.1794,0.0111,1.4104,0.013,602.76,84.5475,85.155,85.245,82.17,83.535,81.885,0,580.35,0,511.85
0,33.005,1.383,0.029,11.44,132,91,13.0849,0.0117,1.4105,0.0137,602.56,84.57,85.1325,85.2675,82.1775,83.5125,81.8625,0,580.17,0,511.85
0,33.02,1.387,0.028,11.388,132,91,13.0147,0.0124,1.4106,0.0144,602.36,84.6,85.1775,85.305,82.1475,83.5425,81.8475,0,579.96,0,511.85
0,33.04,1.391,0.042,11.342,132,91,12.9522,0.013,1.4106,0.015,602.16,84.6225,85.215,85.2975,82.1325,83.5275,81.8925,0,579.75,0,511.85
0,33.055,1.396,0.057,11.302,132,91,12.9063,0.0135,1.4107,0.0155,601.92,84.66,85.2075,85.335,82.1475,83.5125,81.9,0,579.54,0,511.82
0,33.075,1.402,0.059,11.271,132,91,12.8691,0.0137,1.4108,0.016,601.72,84.6375,85.23,85.2975,82.1625,83.475,81.915,0,579.36,0,511.82
0,33.085,1.407,0.047,11.245,132,91,12.8408,0.0139,1.4109,0.0164,601.52,84.63,85.2,85.3125,82.1475,83.505,81.93,0,579.15,0,511.82
0,33.1,1.412,0.034,11.225,132,91,12.8216,0.0141,1.411,0.0168,601.32,84.675,85.17,85.35,82.1475,83.4675,81.96,0,578.94,0,511.82
0,33.115,1.417,0.028,11.21,132,91,12.8033,0.0143,1.4111,0.0171,601.08,84.6975,85.1775,85.3725,82.1325,83.445,81.96,0,578.73,0,511.82
0,33.125,1.422,0.029,11.199,132,91,12.7944,0.0146,1.4112,0.0174,600.88,84.69,85.14,85.3875,82.1175,83.4825,81.945,0,578.52,0,511.79
0,33.14,1.426,0.036,11.192,132,91,12.7952,0.0148,1.4113,0.0176,600.64,84.6975,85.14,85.38,82.095,83.46,81.9675,0,578.31,0,511.79
0,33.155,1.43,0.039,11.186,132,91,12.7974,0.015,1.4114,0.0178,600.44,84.72,85.185,85.3425,82.1025,83.4375,81.93,0,578.1,0,511.79
0,33.17,1.434,0.036,11.184,132,91,12.7924,0.015,1.4114,0.018,600.24,84.7425,85.155,85.3575,82.125,83.4375,81.9525,0,577.89,0,511.79
0,33.18,1.438,0.03,11.187,132,91,12.7972,0.0151,1.4115,0.0182,600,84.6825,85.14,85.38,82.1925,83.49,81.99,0,577.68,0,511.79
0,33.195,1.441,0.025,11.189,132,91,12.8033,0.0151,1.4116,0.0183,599.8,84.63,85.1025,85.4025,82.1775,83.4825,82.005,0,577.47,0,511.76
0,33.205,1.444,0.024,11.19,132,91,12.8022,0.0153,1.4117,0.0184,599.56,84.6225,85.0875,85.35,82.1925,83.49,82.0575,0,577.26,0,511.76
0,33.22,1.447,0.025,11.194,132,91,12.8022,0.0154,1.4118,0.0185,599.36,84.585,85.0425,85.32,82.215,83.49,82.08,0,577.05,0,511.76
0,33.23,1.45,0.028,11.199,132,91,12.8033,0.0154,1.4118,0.0187,599.12,84.6,85.005,85.3575,82.245,83.475,82.1175,0,576.84,0,511.73
0,33.24,1.453,0.027,11.203,132,91,12.8055,0.0155,1.4119,0.0188,598.92,84.6,84.975,85.35,82.2075,83.4675,82.1475,0,576.63,0,511.73
0,33.255,1.456,0.024,11.207,132,91,12.8088,0.0155,1.4119,0.0188,598.68,84.615,84.9825,85.32,82.2225,83.4975,82.1025,0,576.39,0,511.73
0,33.265,1.458,0.021,11.211,132,91,12.8047,0.0155,1.412,0.0189,598.44,84.6525,85.005,85.335,82.185,83.4525,82.0725,0,576.18,0,511.7
0,33.275,1.46,0.019,11.216,132,91,12.8013,0.0156,1.4121,0.019,598.24,84.63,85.035,85.29,82.2075,83.4525,82.08,0,575.97,0,511.7
0,33.285,1.463,0.019,11.22,132,91,12.7988,0.0157,1.4122,0.0191,598,84.6675,85.02,85.3125,82.23,83.4975,82.1175,0,575.76,0,511.7
0,33.295,1.465,0.02,11.224,132,91,12.8058,0.0157,1.4122,0.0192,597.76,84.675,84.99,85.3125,82.2075,83.5425,82.1175,0,575.52,0,511.67
0,33.305,1.467,0.02,11.228,132,91,12.8052,0.0158,1.4123,0.0192,597.56,84.675,84.9975,85.3275,82.2525,83.535,82.1475,0,575.31,0,511.67
0,33.315,1.469,0.019,11.232,132,91,12.8055,0.0158,1.4124,0.0193,597.32,84.6525,84.9825,85.2975,82.2525,83.4975,82.0875,0,575.1,0,511.67
0,33.325,1.471,0.017,11.238,132,91,12.798,0.0158,1.4125,0.0194,597.08,84.6075,84.975,85.3125,82.2975,83.475,82.1025,0,574.86,0,511.64
0,33.335,1.473,0.016,11.243,132,91,12.7997,0.0158,1.4125,0.0194,596.88,84.5925,85.005,85.3125,82.245,83.52,82.14,0,574.65,0,511.64
0,33.345,1.475,0.015,11.247,132,91,12.7935,0.0159,1.4126,0.0195,596.64,84.5475,84.9825,85.3425,82.23,83.5125,82.1475,0,574.44,0,511.61
0,33.355,1.477,0.015,11.249,132,91,12.7966,0.0159,1.4126,0.0196,596.4,84.54,85.035,85.3425,82.2825,83.505,82.095,0,574.2,0,511.61
0,33.365,1.479,0.015,11.254,132,91,12.7919,0.0159,1.4127,0.0196,596.16,84.5475,84.9975,85.29,82.2675,83.505,82.0725,0,573.99,0,511.61
0,33.37,1.48,0.015,11.257,132,91,12.7963,0.0159,1.4128,0.0197,595.92,84.54,84.9675,85.32,82.32,83.49,82.02,0,573.75,0,511.58
0,33.38,1.482,0.014,11.262,132,91,12.793,0.016,1.4129,0.0197,595.72,84.54,84.99,85.2975,82.29,83.5275,82.0125,0,573.54,0,511.58
0,33.39,1.484,0.013,11.265,132,91,12.7902,0.016,1.4129,0.0198,595.48,84.585,84.9675,85.3125,82.26,83.5725,81.9975,0,573.3,0,511.55
0,33.4,1.485,0.012,11.27,132,91,12.788,0.016,1.413,0.0198,595.24,84.615,84.9525,85.2825,82.23,83.55,81.9825,0,573.09,0,511.55
0,33.405,1.487,0.012,11.272,132,91,12.7863,0.016,1.413,0.0199,595,84.6075,84.9375,85.32,82.26,83.55,82.005,0,572.85,0,511.52
0,33.415,1.488,0.012,11.276,132,91,12.7852,0.0161,1.4131,0.0199,594.76,84.6525,84.915,85.35,82.2825,83.5725,81.975,0,572.64,0,511.52
0,33.42,1.49,0.011,11.279,132,91,12.7847,0.0161,1.4131,0.02,594.52,84.63,84.8925,85.3725,82.305,83.58,81.945,0,572.4,0,511.52
0,33.43,1.491,0.011,11.282,132,91,12.7847,0.0161,1.4132,0.02,594.28,84.66,84.93,85.38,82.305,83.595,81.9225,0,572.16,0,511.49
0,33.435,1.493,0.01,11.286,132,91,12.7766,0.0161,1.4133,0.0201,594.04,84.6675,84.945,85.38,82.32,83.535,81.885,0,571.95,0,511.49
0,33.445,1.494,0.009,11.288,132,91,12.7774,0.0162,1.4134,0.0201,593.8,84.615,84.945,85.335,82.365,83.5275,81.9225,0,571.71,0,511.46
0,33.45,1.495,0.009,11.292,132,91,12.7788,0.0162,1.4134,0.0201,593.56,84.57,84.9525,85.3725,82.3875,83.5725,81.8925,0,571.47,0,511.46
0,33.46,1.496,0.009,11.294,132,91,12.7808,0.0162,1.4134,0.0202,593.32,84.5925,84.99,85.3425,82.35,83.595,81.915,0,571.26,0,511.43
0,33.465,1.498,0.009,11.297,132,91,12.7747,0.0162,1.4135,0.0202,593.08,84.615,85.005,85.365,82.2975,83.5575,81.8925,0,571.02,0,511.43
0,33.475,1.499,0.008,11.301,132,91,12.7774,0.0162,1.4136,0.0203,592.84,84.6675,85.0125,85.305,82.26,83.6025,81.8775,0,570.78,0,511.4
0,33.48,1.5,0.008,11.305,132,91,12.7722,0.0163,1.4137,0.0203,592.6,84.6825,85.02,85.275,82.2375,83.64,81.87,0,570.54,0,511.4
0,33.485,1.501,0.007,11.306,132,91,12.7758,0.0163,1.4137,0.0203,592.36,84.6975,85.05,85.305,82.26,83.595,81.9225,0,570.33,0,511.37
0,33.49,1.502,0.007,11.31,132,91,12.7713,0.0163,1.4138,0.0204,592.12,84.72,85.095,85.3275,82.275,83.5725,81.9,0,570.09,0,511.37
0,33.5,1.503,0.007,11.312,132,91,12.7758,0.0163,1.4138,0.0204,591.88,84.6675,85.0875,85.35,82.2375,83.535,81.9525,0,569.85,0,511.34
0,33.505,1.504,0.007,11.316,132,91,12.7722,0.0163,1.4138,0.0204,591.64,84.6225,85.0425,85.3275,82.2675,83.58,81.975,0,569.61,0,511.34
0,33.51,1.505,0.006,11.317,132,91,12.7774,0.0163,1.4139,0.0205,591.4,84.6375,85.0125,85.3425,82.245,83.61,82.0125,0,569.37,0,511.31
0,33.515,1.506,0.006,11.321,132,91,12.7747,0.0164,1.414,0.0205,591.16,84.6225,85.035,85.3425,82.2225,83.58,82.05,0,569.16,0,511.28
0,33.52,1.507,0.006,11.323,132,91,12.7722,0.0164,1.4141,0.0205,590.92,84.5925,84.9975,85.3125,82.2,83.6175,82.065,0,568.92,0,511.28
0,33.53,1.508,0.005,11.326,132,91,12.7699,0.0164,1.4141,0.0205,590.68,84.615,85.005,85.3125,82.245,83.6475,82.0125,0,568.68,0,511.25
0,33.535,1.508,0.005,11.328,132,91,12.7766,0.0164,1.4142,0.0205,590.4,84.5775,84.9825,85.35,82.275,83.67,82.0425,0,568.44,0,511.25
0,33.54,1.509,0.005,11.331,132,91,12.7752,0.0164,1.4142,0.0206,590.16,84.5775,84.96,85.38,82.32,83.61,82.0725,0,568.2,0,511.22
0,33.545,1.51,0.005,11.332,132,91,12.7741,0.0164,1.4142,0.0206,589.92,84.5925,84.9375,85.35,82.365,83.565,82.0875,0,567.96,0,511.22
0,33.55,1.511,0.005,11.337,132,91,12.7733,0.0164,1.4143,0.0206,589.68,84.5775,84.9225,85.365,82.3125,83.565,82.065,0,567.72,0,511.19
0,33.555,1.512,0.004,11.339,132,91,12.7727,0.0165,1.4144,0.0207,589.44,84.5325,84.96,85.365,82.2975,83.52,82.0875,0,567.48,0,511.19
0,33.56,1.512,0.004,11.34,132,91,12.7724,0.0165,1.4144,0.0207,589.2,84.5175,84.93,85.395,82.3425,83.505,82.095,0,567.24,0,511.16
0,33.565,1.513,0.004,11.343,132,91,12.781,0.0165,1.4145,0.0207,588.92,84.57,84.915,85.395,82.35,83.5125,82.08,0,567,0,511.13
0,33.57,1.514,0.004,11.345,132,91,12.7816,0.0165,1.4146,0.0207,588.68,84.5325,84.9375,85.4025,82.335,83.4975,82.0275,0,566.76,0,511.13
0,33.575,1.514,0.004,11.347,132,91,12.7824,0.0165,1.4146,0.0207,588.44,84.57,84.945,85.4175,82.32,83.535,82.0725,0,566.52,0,511.1
0,33.58,1.515,0.004,11.351,132,91,12.7835,0.0165,1.4146,0.0208,588.2,84.525,84.99,85.3575,82.35,83.565,82.11,0,566.28,0,511.1
0,33.585,1.515,0.003,11.353,132,91,12.7763,0.0165,1.4147,0.0208,587.96,84.57,85.0125,85.3275,82.3725,83.5875,82.0575,0,566.04,0,511.07
0,33.59,1.516,0.003,11.355,132,91,12.7777,0.0165,1.4147,0.0208,587.68,84.5775,85.0275,85.365,82.3275,83.5725,82.08,0,565.8,0,511.04
0,33.59,1.516,0.003,11.357,132,91,12.7794,0.0165,1.4148,0.0208,587.44,84.54,85.0575,85.3875,82.32,83.5425,82.0725,0,565.56,0,511.04
0,33.595,1.517,0.003,11.358,132,91,12.7813,0.0166,1.4149,0.0208,587.2,84.57,85.05,85.4175,82.365,83.55,82.02,0,565.32,0,511.01
0,33.6,1.517,0.003,11.36,132,91,12.7835,0.0166,1.4149,0.0209,586.96,84.57,85.0875,85.455,82.395,83.55,81.99,0,565.08,0,511.01
0,33.605,1.518,0.003,11.362,132,91,12.786,0.0166,1.415,0.0209,586.68,84.5925,85.08,85.4625,82.3425,83.4975,82.0125,0,564.84,0,510.98
0,33.61,1.518,0.003,11.365,132,91,12.7888,0.0166,1.415,0.0209,586.44,84.6375,85.0575,85.4175,82.38,83.52,81.9675,0,564.6,0,510.95
0,33.615,1.519,0.002,11.367,132,91,12.7919,0.0166,1.415,0.0209,586.2,84.6825,85.065,85.3875,82.335,83.4825,81.9975,0,564.36,0,510.95
0,33.615,1.519,0.002,11.37,132,91,12.7952,0.0166,1.4151,0.0209,585.92,84.63,85.11,85.335,82.3275,83.46,81.99,0,564.12,0,510.92
0,33.62,1.52,0.002,11.372,132,91,12.7988,0.0166,1.4151,0.0209,585.68,84.6,85.1475,85.32,82.35,83.505,81.945,0,563.88,0,510.92
0,33.625,1.52,0.002,11.374,132,91,12.7941,0.0166,1.4152,0.0209,585.44,84.585,85.1625,85.29,82.3425,83.5125,81.99,0,563.64,0,510.89
0,33.63,1.52,0.002,11.377,132,91,12.798,0.0166,1.4153,0.0209,585.16,84.555,85.1175,85.3275,82.38,83.4825,81.9675,0,563.4,0,510.86
0,33.63,1.521,0.002,11.379,132,91,12.7935,0.0166,1.4153,0.0209,584.92,84.57,85.0725,85.275,82.4025,83.505,81.9675,0,563.16,0,510.86
0,33.635,1.521,0.002,11.379,132,91,12.7977,0.0166,1.4154,0.0209,584.68,84.5325,85.0275,85.29,82.4025,83.4975,81.9525,0,562.89,0,510.83
0,33.64,1.521,0.002,11.382,132,91,12.8021,0.0166,1.4154,0.0209,584.4,84.495,85.0425,85.2675,82.3875,83.4825,81.9225,0,562.65,0,510.83
0,33.64,1.522,0.002,11.382,132,91,12.8069,0.0166,1.4154,0.021,584.16,84.4575,85.0275,85.23,82.35,83.46,81.9225,0,562.41,0,510.8
0,33.645,1.522,0.002,11.385,132,91,12.8119,0.0166,1.4155,0.021,583.92,84.4275,85.05,85.215,82.3875,83.4675,81.975,0,562.17,0,510.77
0,33.65,1.522,0.001,11.387,132,91,12.8085,0.0166,1.4155,0.021,583.64,84.48,85.0125,85.185,82.4025,83.5125,81.96,0,561.93,0,510.77
0,33.65,1.522,0.001,11.39,132,91,12.8138,0.0166,1.4156,0.021,583.4,84.4725,84.9975,85.1775,82.3875,83.5275,81.9825,0,561.69,0,510.74
0,33.655,1.523,0.001,11.392,132,91,12.8108,0.0166,1.4156,0.021,583.16,84.5025,85.02,85.185,82.4025,83.5575,82.005,0,561.45,0,510.71
0,33.66,1.523,0.001,11.392,132,91,12.8163,0.0166,1.4157,0.021,582.88,84.495,84.99,85.2,82.3725,83.565,81.9975,0,561.18,0,510.71
0,33.66,1.523,0.001,11.395,132,91,12.8135,0.0166,1.4157,0.021,582.64,84.465,84.99,85.23,82.395,83.565,81.99,0,560.94,0,510.68
0,33.665,1.523,0.001,11.396,132,91,12.8194,0.0167,1.4158,0.021,582.36,84.4575,84.9975,85.2,82.425,83.595,81.975,0,560.7,0,510.65
0,33.665,1.523,0.001,11.398,132,91,12.8169,0.0167,1.4158,0.021,582.12,84.4275,84.975,85.1775,82.41,83.55,81.9675,0,560.46,0,510.65
0,33.67,1.524,0.001,11.399,132,91,12.823,0.0167,1.4158,0.021,581.88,84.4725,85.0275,85.1925,82.38,83.5275,81.9225,0,560.22,0,510.62
0,33.67,1.524,0.001,11.401,132,91,12.8208,0.0167,1.4158,0.021,581.6,84.525,85.05,85.2,82.35,83.5425,81.945,0,559.95,0,510.59
0,33.675,1.524,0.001,11.402,132,91,12.8271,0.0167,1.4159,0.021,581.36,84.555,85.1025,85.2,82.335,83.5725,81.99,0,559.71,0,510.59
0,33.675,1.524,0.001,11.404,132,91,12.8252,0.0167,1.416,0.021,581.12,84.525,85.0725,85.185,82.3125,83.5425,81.975,0,559.47,0,510.56
0,33.68,1.524,0.001,11.406,132,91,12.8319,0.0167,1.416,0.021,580.84,84.4875,85.1025,85.215,82.3275,83.5575,81.9825,0,559.23,0,510.56
0,33.68,1.524,0.001,11.408,132,91,12.8302,0.0167,1.4161,0.021,580.6,84.51,85.0725,85.23,82.2975,83.52,82.0125,0,558.99,0,510.53
0,33.685,1.524,0.001,11.409,132,91,12.8371,0.0167,1.4161,0.021,580.32,84.5475,85.0425,85.26,82.335,83.565,82.035,0,558.72,0,510.5
0,33.685,1.524,0.001,11.411,132,91,12.8358,0.0167,1.4162,0.021,580.08,84.51,85.0725,85.29,82.305,83.5275,82.0275,0,558.48,0,510.5
0,33.69,1.524,0.001,11.412,132,91,12.8344,0.0167,1.4162,0.021,579.8,84.5175,85.11,85.2675,82.2675,83.475,82.0125,0,558.24,0,510.47
0,33.69,1.524,0.001,11.414,132,91,12.8416,0.0167,1.4162,0.021,579.56,84.5625,85.1475,85.2825,82.2825,83.4525,81.9975,0,558,0,510.44
0,33.695,1.525,0,11.415,132,91,12.8405,0.0167,1.4162,0.021,579.32,84.525,85.14,85.2675,82.2375,83.4525,82.02,0,557.73,0,510.44
0,33.695,1.525,0,11.415,132,91,12.848,0.0167,1.4163,0.021,579.04,84.5625,85.1025,85.2375,82.2225,83.445,82.005,0,557.49,0,510.41
0,33.7,1.525,0,11.418,132,91,12.8471,0.0167,1.4163,0.021,578.8,84.615,85.05,85.29,82.26,83.43,82.005,0,557.25,0,510.38
0,33.7,1.525,0,11.419,132,91,12.8463,0.0167,1.4164,0.021,578.52,84.6375,85.065,85.29,82.215,83.4075,81.975,0,557.01,0,510.38
0,33.705,1.525,0,11.421,132,91,12.8455,0.0167,1.4164,0.021,578.28,84.645,85.1025,85.26,82.2225,83.4075,81.9525,0,556.74,0,510.35
0,33.705,1.525,0,11.422,132,91,12.8533,0.0167,1.4165,0.021,578,84.645,85.1175,85.215,82.2525,83.445,81.99,0,556.5,0,510.32
0,33.705,1.525,0,11.423,132,91,12.8527,0.0167,1.4165,0.021,577.76,84.6525,85.095,85.2225,82.305,83.4375,81.9975,0,556.26,0,510.29
0,33.71,1.525,0,11.424,132,91,12.8521,0.0167,1.4165,0.021,577.52,84.66,85.0575,85.185,82.26,83.4825,81.96,0,556.02,0,510.29
0,33.71,1.525,0,11.426,132,91,12.8602,0.0167,1.4166,0.021,577.24,84.6525,85.0725,85.185,82.2225,83.49,81.9375,0,555.75,0,510.26
0,33.715,1.525,0,11.427,132,91,12.8599,0.0167,1.4166,0.021,577,84.6825,85.05,85.155,82.2525,83.4675,81.9075,0,555.51,0,510.23
0,33.715,1.525,0,11.427,132,91,12.8596,0.0167,1.4166,0.021,576.72,84.69,85.1025,85.1625,82.275,83.5125,81.87,0,555.27,0,510.23
0,33.715,1.525,0,11.43,132,91,12.868,0.0167,1.4166,0.021,576.48,84.72,85.065,85.1925,82.29,83.5125,81.93,0,555.03,0,510.2
0,33.72,1.525,0,11.43,132,91,12.868,0.0167,1.4167,0.021,576.2,84.66,85.035,85.17,82.305,83.5275,81.915,0,554.76,0,510.17
0,33.72,1.525,0,11.431,132,91,12.868,0.0167,1.4167,0.021,575.96,84.6525,85.035,85.185,82.29,83.505,81.9525,0,554.52,0,510.17
0,33.72,1.525,0,11.434,132,91,12.868,0.0167,1.4168,0.021,575.68,84.69,85.065,85.2225,82.26,83.46,81.9225,0,554.28,0,510.14
0,33.725,1.524,0,11.434,132,91,12.8766,0.0167,1.4168,0.021,575.44,84.705,85.1025,85.215,82.2825,83.49,81.93,0,554.01,0,510.11
0,33.725,1.524,0,11.435,132,91,12.8769,0.0166,1.4169,0.021,575.16,84.6975,85.1175,85.2075,82.3275,83.4675,81.9225,0,553.77,0,510.11
0,33.725,1.524,0,11.436,132,91,12.8771,0.0166,1.4169,0.021,574.92,84.705,85.14,85.17,82.3425,83.4975,81.9075,0,553.53,0,510.08
0,33.73,1.524,0,11.439,132,91,12.8774,0.0166,1.4169,0.021,574.68,84.6825,85.1775,85.17,82.3275,83.535,81.8775,0,553.29,0,510.05
0,33.73,1.524,0,11.439,132,91,12.8777,0.0166,1.417,0.021,574.4,84.6375,85.2075,85.14,82.305,83.565,81.8475,0,553.02,0,510.05
0,33.73,1.524,0,11.44,132,91,12.878,0.0166,1.417,0.021,574.16,84.645,85.1925,85.125,82.32,83.595,81.8475,0,552.78,0,510.02
0,33.735,1.524,0,11.441,132,91,12.8869,0.0166,1.417,0.021,573.88,84.66,85.2225,85.1475,82.2825,83.595,81.825,0,552.54,0,509.99
0,33.735,1.524,0,11.441,132,91,12.8874,0.0166,1.417,0.021,573.64,84.6525,85.2,85.155,82.2825,83.55,81.8775,0,552.27,0,509.99
0,33.735,1.524,0,11.442,132,91,12.888,0.0166,1.4171,0.021,573.36,84.6525,85.17,85.1625,82.2675,83.5875,81.8925,0,552.03,0,509.96
0,33.735,1.524,0,11.445,132,91,12.8885,0.0166,1.4171,0.021,573.12,84.645,85.1325,85.1325,82.26,83.535,81.93,0,551.79,0,509.93
0,33.74,1.524,0,11.445,132,91,12.8891,0.0166,1.4171,0.0209,572.84,84.6825,85.1025,85.17,82.275,83.5275,81.9225,0,551.55,0,509.9
0,33.74,1.524,0,11.446,132,91,12.8983,0.0166,1.4172,0.0209,572.6,84.6975,85.095,85.23,82.32,83.49,81.93,0,551.28,0,509.9
0,33.74,1.523,0,11.446,132,91,12.8991,0.0166,1.4172,0.0209,572.32,84.6975,85.08,85.2675,82.305,83.46,81.8925,0,551.04,0,509.87
0,33.74,1.523,0,11.447,132,91,12.8999,0.0166,1.4173,0.0209,572.08,84.69,85.095,85.29,82.29,83.5125,81.9225,0,550.8,0,509.84
0,33.745,1.523,0,11.45,132,91,12.9008,0.0166,1.4173,0.0209,571.84,84.6525,85.1025,85.245,82.2675,83.475,81.8925,0,550.56,0,509.84
0,33.745,1.523,0,11.45,132,91,12.9016,0.0166,1.4174,0.0209,571.56,84.675,85.0875,85.2525,82.32,83.49,81.8775,0,550.29,0,509.81
0,33.745,1.523,0,11.451,132,91,12.9024,0.0166,1.4174,0.0209,571.32,84.6375,85.08,85.2375,82.3125,83.5275,81.9225,0,550.05,0,509.78
0,33.745,1.523,0,11.452,132,91,12.9033,0.0166,1.4174,0.0209,571.04,84.6,85.1325,85.215,82.3425,83.505,81.975,0,549.81,0,509.78
0,33.75,1.523,0,11.453,132,91,12.9041,0.0166,1.4174,0.0209,570.8,84.615,85.1325,85.23,82.2975,83.4525,82.0275,0,549.54,0,509.75
0,33.75,1.523,0,11.453,132,91,12.9049,0.0166,1.4174,0.0209,570.52,84.5625,85.1175,85.2,82.335,83.4675,81.99,0,549.3,0,509.72
0,33.75,1.523,0,11.454,132,91,12.9144,0.0166,1.4175,0.0209,570.28,84.585,85.155,85.26,82.305,83.445,82.0125,0,549.06,0,509.69
0,33.75,1.522,0,11.454,132,91,12.9155,0.0166,1.4175,0.0209,570,84.6075,85.1475,85.245,82.26,83.4825,82.0425,0,548.82,0,509.69
0,33.755,1.522,0,11.455,132,91,12.9166,0.0166,1.4176,0.0209,569.76,84.63,85.185,85.2,82.26,83.505,82.02,0,548.55,0,509.66
0,33.755,1.522,0,11.458,132,91,12.9177,0.0166,1.4176,0.0209,569.48,84.5775,85.1325,85.1625,82.29,83.49,81.975,0,548.31,0,509.63
0,33.755,1.522,0,11.459,132,91,12.9188,0.0166,1.4176,0.0209,569.24,84.5925,85.0875,85.1775,82.26,83.475,81.9525,0,548.07,0,509.63
0,33.755,1.522,0,11.459,132,91,12.9199,0.0166,1.4177,0.0209,569,84.645,85.1325,85.17,82.245,83.49,81.9975,0,547.8,0,509.6
0,33.755,1.522,0,11.46,132,91,12.921,0.0166,1.4177,0.0209,568.72,84.6225,85.125,85.2,82.2525,83.5275,82.0425,0,547.56,0,509.57
0,33.76,1.522,0,11.46,132,91,12.9221,0.0166,1.4178,0.0209,568.48,84.6,85.08,85.1625,82.29,83.5575,81.9975,0,547.32,0,509.54
0,33.76,1.521,0,11.461,132,91,12.9233,0.0166,1.4178,0.0209,568.2,84.555,85.125,85.1625,82.2675,83.565,81.9825,0,547.08,0,509.54
0,33.76,1.521,0,11.462,132,91,12.9244,0.0166,1.4178,0.0209,567.96,84.585,85.0875,85.23,82.3125,83.5575,81.9525,0,546.81,0,509.51
0,33.76,1.521,0,11.463,132,91,12.9255,0.0166,1.4178,0.0209,567.68,84.585,85.095,85.1925,82.2675,83.58,81.9525,0,546.57,0,509.48
0,33.76,1.521,0,11.463,132,91,12.9266,0.0166,1.4178,0.0208,567.44,84.585,85.0575,85.1625,82.245,83.58,81.9975,0,546.33,0,509.48
0,33.765,1.521,0,11.464,132,91,12.9363,0.0166,1.4179,0.0208,567.16,84.615,85.095,85.1475,82.215,83.6025,82.0275,0,546.09,0,509.45
0,33.765,1.521,0,11.465,132,91,12.9377,0.0166,1.4179,0.0208,566.92,84.6075,85.05,85.185,82.23,83.58,82.0575,0,545.82,0,509.42
0,33.765,1.521,0,11.465,132,91,12.9391,0.0165,1.418,0.0208,566.68,84.6,85.08,85.1625,82.2675,83.61,82.05,0,545.58,0,509.39
0,33.765,1.52,0,11.468,132,91,12.9319,0.0165,1.418,0.0208,566.4,84.6075,85.0725,85.14,82.3125,83.6325,82.0425,0,545.34,0,509.39
0,33.765,1.52,0,11.468,132,91,12.933,0.0165,1.4181,0.0208,566.16,84.6225,85.0575,85.185,82.32,83.6475,82.0425,0,545.1,0,509.36
0,33.765,1.52,0,11.468,132,91,12.9341,0.0165,1.4181,0.0208,565.88,84.645,85.065,85.1625,82.275,83.6775,82.035,0,544.83,0,509.33
0,33.77,1.52,0,11.468,132,91,12.9438,0.0165,1.4181,0.0208,565.64,84.69,85.11,85.1475,82.2975,83.6625,81.99,0,544.59,0,509.33
0,33.77,1.52,0,11.468,132,91,12.9452,0.0165,1.4182,0.0208,565.36,84.6525,85.1025,85.125,82.3425,83.6475,81.9975,0,544.35,0,509.3
0,33.77,1.52,0,11.469,132,91,12.9466,0.0165,1.4182,0.0208,565.12,84.6525,85.1475,85.1175,82.3125,83.67,82.0425,0,544.11,0,509.27
0,33.77,1.52,0,11.471,132,91,12.948,0.0165,1.4182,0.0208,564.88,84.6525,85.1775,85.095,82.2675,83.6175,81.99,0,543.84,0,509.24
0,33.77,1.519,0,11.472,132,91,12.9494,0.0165,1.4182,0.0208,564.6,84.675,85.1925,85.14,82.305,83.595,82.02,0,543.6,0,509.24
0,33.77,1.519,0,11.473,132,91,12.9508,0.0165,1.4183,0.0208,564.36,84.63,85.14,85.125,82.335,83.565,81.99,0,543.36,0,509.21
0,33.77,1.519,0,11.473,132,91,12.9521,0.0165,1.4183,0.0208,564.08,84.66,85.14,85.125,82.3575,83.5275,81.99,0,543.12,0,509.18
0,33.775,1.519,0,11.473,132,91,12.9535,0.0165,1.4183,0.0207,563.84,84.6675,85.14,85.14,82.3275,83.5425,82.0125,0,542.88,0,509.18
0,33.775,1.519,0,11.475,132,91,12.9463,0.0165,1.4184,0.0207,563.56,84.6525,85.1775,85.1925,82.3425,83.505,81.9675,0,542.61,0,509.15
0,33.775,1.519,0,11.475,132,91,12.9474,0.0165,1.4184,0.0207,563.32,84.6675,85.14,85.2,82.3275,83.5125,82.005,0,542.37,0,509.12
0,33.775,1.518,0,11.475,132,91,12.9485,0.0165,1.4185,0.0207,563.08,84.6825,85.14,85.2525,82.3575,83.49,82.02,0,542.13,0,509.09
0,33.775,1.518,0,11.475,132,91,12.9582,0.0165,1.4185,0.0207,562.8,84.6975,85.11,85.2525,82.3425,83.5125,81.9975,0,541.89,0,509.09
0,33.775,1.518,0,11.475,132,91,12.9596,0.0165,1.4186,0.0207,562.56,84.6675,85.065,85.26,82.3275,83.475,81.9975,0,541.65,0,509.06
0,33.775,1.518,0,11.476,132,91,12.961,0.0165,1.4186,0.0207,562.28,84.66,85.08,85.245,82.2975,83.5125,82.05,0,541.38,0,509.03
0,33.775,1.518,0,11.478,132,91,12.9624,0.0165,1.4186,0.0207,562.04,84.63,85.05,85.215,82.29,83.55,82.0725,0,541.14,0,509
0,33.775,1.518,0,11.478,132,91,12.9638,0.0165,1.4186,0.0207,561.8,84.6675,85.05,85.2225,82.2825,83.5875,82.0275,0,540.9,0,509
0,33.78,1.518,0,11.479,132,91,12.9652,0.0165,1.4186,0.0207,561.52,84.6525,85.02,85.1925,82.335,83.55,82.0275,0,540.66,0,508.97
0,33.78,1.517,0,11.48,132,91,12.9666,0.0165,1.4187,0.0207,561.28,84.66,85.0275,85.2375,82.305,83.5725,81.975,0,540.42,0,508.94
0,33.78,1.517,0,11.48,132,91,12.968,0.0165,1.4187,0.0206,561,84.63,84.99,85.215,82.32,83.595,81.975,0,540.15,0,508.94
0,33.78,1.517,0,11.481,132,91,12.9607,0.0165,1.4188,0.0206,560.76,84.6225,84.99,85.2225,82.3425,83.5875,81.9675,0,539.91,0,508.91
0,33.78,1.516,0,11.481,132,91,12.9619,0.0164,1.4188,0.0206,560.52,84.6,84.9675,85.26,82.335,83.5875,82.0125,0,539.67,0,508.88
0,33.78,1.516,0,11.482,132,91,12.963,0.0164,1.4189,0.0206,560.24,84.615,85.005,85.29,82.365,83.5425,82.0425,0,539.43,0,508.85
0,33.78,1.516,0,11.481,132,91,12.9727,0.0164,1.4189,0.0206,560,84.6525,85.0125,85.305,82.35,83.565,82.02,0,539.19,0,508.85
0,33.78,1.515,0,11.481,132,91,12.9741,0.0164,1.4189,0.0206,559.76,84.66,85.02,85.32,82.35,83.6025,82.035,0,538.92,0,508.82
0,33.78,1.515,0,11.482,132,91,12.9755,0.0164,1.419,0.0206,559.48,84.63,84.9825,85.305,82.3275,83.6025,82.0575,0,538.68,0,508.79
0,33.785,1.515,0,11.484,132,91,12.9769,0.0164,1.419,0.0206,559.24,84.615,85.0125,85.2975,82.305,83.58,82.0575,0,538.44,0,508.76
0,33.785,1.515,0,11.484,132,91,12.9696,0.0164,1.419,0.0205,558.96,84.5625,84.9975,85.3425,82.26,83.5725,82.095,0,538.2,0,508.76
0,33.785,1.514,0,11.486,132,91,12.9707,0.0164,1.419,0.0205,558.72,84.585,84.99,85.3575,82.2375,83.55,82.1175,0,537.96,0,508.73
0,33.785,1.514,0,11.486,132,91,12.9719,0.0164,1.4191,0.0205,558.48,84.57,84.975,85.35,82.2525,83.595,82.065,0,537.72,0,508.7
0,33.785,1.514,0,11.484,132,91,12.973,0.0164,1.4191,0.0205,558.2,84.6075,85.005,85.32,82.23,83.61,82.0425,0,537.48,0,508.7
0,33.785,1.514,0,11.485,132,91,12.9741,0.0164,1.4192,0.0205,557.96,84.57,85.005,85.365,82.215,83.565,82.05,0,537.21,0,508.67
0,33.785,1.513,0,11.486,132,91,12.9752,0.0164,1.4192,0.0205,557.72,84.5925,84.9975,85.3575,82.185,83.595,82.095,0,536.97,0,508.64
0,33.785,1.513,0,11.486,132,91,12.9849,0.0164,1.4193,0.0205,557.44,84.6375,85.05,85.305,82.1775,83.6025,82.0725,0,536.73,0,508.61
0,33.785,1.513,0,11.486,132,91,12.9863,0.0164,1.4193,0.0205,557.2,84.615,85.0875,85.2525,82.1475,83.64,82.0575,0,536.49,0,508.61
0,33.785,1.513,0,11.488,132,91,12.9791,0.0164,1.4193,0.0205,556.96,84.57,85.05,85.2975,82.185,83.5875,82.0575,0,536.25,0,508.58
0,33.785,1.512,0,11.489,132,91,12.9802,0.0164,1.4194,0.0205,556.68,84.6,85.065,85.26,82.2075,83.565,82.0275,0,536.01,0,508.55
0,33.785,1.512,0,11.49,132,91,12.9813,0.0163,1.4194,0.0205,556.44,84.585,85.1175,85.2975,82.26,83.6025,82.0725,0,535.77,0,508.52
0,33.79,1.512,0,11.488,132,91,12.9824,0.0163,1.4194,0.0205,556.2,84.5925,85.155,85.2525,82.305,83.595,82.035,0,535.53,0,508.52
0,33.79,1.512,0,11.49,132,91,12.9835,0.0163,1.4194,0.0205,555.92,84.555,85.1175,85.26,82.35,83.5875,82.035,0,535.26,0,508.49
0,33.79,1.512,0,11.49,132,91,12.9846,0.0163,1.4195,0.0204,555.68,84.57,85.1475,85.305,82.35,83.5575,82.0725,0,535.02,0,508.46
0,33.79,1.511,0,11.49,132,91,12.9857,0.0163,1.4195,0.0204,555.44,84.585,85.1175,85.335,82.3725,83.535,82.0425,0,534.78,0,508.43
0,33.79,1.511,0,11.49,132,91,12.9869,0.0163,1.4196,0.0204,555.16,84.555,85.08,85.3725,82.3875,83.535,82.0725,0,534.54,0,508.43
0,33.79,1.511,0,11.491,132,91,12.988,0.0163,1.4196,0.0204,554.92,84.5775,85.1325,85.32,82.365,83.505,82.1025,0,534.3,0,508.4
0,33.79,1.511,0,11.492,132,91,12.9891,0.0163,1.4197,0.0204,554.68,84.6,85.095,85.3425,82.335,83.475,82.1175,0,534.06,0,508.37
0,33.79,1.51,0,11.492,132,91,12.9902,0.0163,1.4197,0.0204,554.4,84.6525,85.095,85.29,82.3275,83.4525,82.125,0,533.82,0,508.37
0,33.79,1.51,0,11.492,132,91,12.9913,0.0163,1.4197,0.0204,554.16,84.675,85.1025,85.2825,82.35,83.4225,82.0725,0,533.58,0,508.34
0,33.79,1.51,0,11.493,132,91,12.9935,0.0163,1.4198,0.0204,553.92,84.69,85.0725,85.3275,82.38,83.43,82.095,0,533.1,0,508.31
0,33.79,1.51,0,11.494,132,91,12.9935,0.0163,1.4198,0.0204,553.68,84.705,85.0275,85.3275,82.395,83.4075,82.1175,0,533.1,0,508.28
0,33.79,1.51,0,11.494,132,91,12.9946,0.0163,1.4198,0.0204,553.4,84.6825,84.99,85.335,82.3875,83.415,82.095,0,532.86,0,508.28
0,33.79,1.51,0,11.494,132,91,12.9957,0.0163,1.4198,0.0204,553.16,84.6225,84.99,85.3425,82.35,83.43,82.035,0,532.38,0,508.25
0,33.79,1.509,0,11.494,132,91,12.9969,0.0163,1.4199,0.0204,552.92,84.63,85.005,85.3425,82.3725,83.475,82.065,0,532.38,0,508.22
0,33.79,1.509,0,11.495,132,91,12.998,0.0163,1.4199,0.0203,552.64,84.585,85.005,85.3425,82.3425,83.46,82.095,0,532.11,0,508.19
0,33.795,1.509,0,11.496,132,91,12.9913,0.0163,1.42,0.0203,552.4,84.5925,84.975,85.32,82.335,83.4225,82.035,0,531.63,0,508.19
0,33.795,1.509,0,11.496,132,91,12.9913,0.0163,1.42,0.0203,552.16,84.63,84.9975,85.35,82.3725,83.46,81.9975,0,531.63,0,508.16
0,33.795,1.509,0,11.496,132,91,12.9921,0.0163,1.4201,0.0203,551.92,84.66,84.975,85.32,82.3425,83.445,81.9825,0,531.15,0,508.13
0,33.795,1.509,0,11.495,132,91,12.9938,0.0163,1.4201,0.0203,551.64,84.645,85.0125,85.335,82.38,83.4375,81.93,0,530.91,0,508.1
0,33.795,1.509,0,11.496,132,91,12.9938,0.0163,1.4202,0.0203,551.4,84.645,85.0125,85.335,82.38,83.4375,81.93,0,530.91,0,508.1
0,33.795,1.508,0,11.496,132,91,12.9955,0.0163,1.4202,0.0203,551.16,84.6225,85.0275,85.3125,82.4025,83.4,81.9225,0,530.43,0,508.07
0,33.795,1.508,0,11.497,132,91,13.0049,0.0163,1.4202,0.0203,550.64,84.6,85.05,85.2975,82.4325,83.3625,81.9075,0,530.19,0,508.01
0,33.795,1.508,0,11.497,132,91,13.0049,0.0163,1.4202,0.0203,550.64,84.6,85.05,85.2975,82.4325,83.3625,81.9075,0,530.19,0,508.01
0,33.795,1.508,0,11.497,132,91,12.9985,0.0162,1.4202,0.0203,550.4,84.6,85.065,85.275,82.44,83.3475,81.8775,0,529.71,0,508.01
0,33.795,1.508,0,11.5,132,91,12.9994,0.0162,1.4203,0.0203,549.92,84.54,85.0875,85.29,82.4775,83.3625,81.96,0,529.47,0,507.95
0,33.795,1.508,0,11.5,132,91,13.0002,0.0162,1.4203,0.0203,549.92,84.54,85.0875,85.29,82.4775,83.3625,81.96,0,529.23,0,507.95
0,33.795,1.507,0,11.501,132,91,13.001,0.0162,1.4204,0.0203,549.64,84.5175,85.08,85.3275,82.4325,83.4,81.9375,0,528.99,0,507.92
0,33.795,1.507,0,11.499,132,91,13.0019,0.0162,1.4204,0.0203,549.4,84.495,85.0875,85.35,82.3875,83.385,81.9075,0,528.75,0,507.92
0,33.795,1.507,0,11.499,132,91,13.0019,0.0162,1.4205,0.0203,549.16,84.5475,85.11,85.3875,82.395,83.355,81.945,0,528.51,0,507.89
0,33.795,1.507,0,11.5,132,91,13.0035,0.0162,1.4205,0.0203,548.92,84.5625,85.0875,85.3575,82.3425,83.385,81.945,0,528.27,0,507.86
0,33.795,1.507,0,11.5,132,91,13.0035,0.0162,1.4206,0.0203,548.64,84.54,85.1175,85.365,82.365,83.3625,81.915,0,528.03,0,507.83
0,33.795,1.507,0,11.501,132,91,13.0052,0.0162,1.4206,0.0203,548.4,84.5625,85.155,85.29,82.38,83.4375,81.9075,0,527.79,0,507.83
0,33.795,1.507,0,11.501,132,91,13.006,0.0162,1.4206,0.0203,547.92,84.5925,85.11,85.2825,82.335,83.4,81.915,0,527.58,0,507.77
0,33.795,1.507,0,11.501,132,91,13.006,0.0162,1.4206,0.0203,547.92,84.5925,85.11,85.2825,82.335,83.4,81.915,0,527.58,0,507.77
0,33.795,1.507,0,11.501,132,91,13.0077,0.0162,1.4207,0.0202,547.68,84.6,85.1625,85.23,82.2825,83.385,81.9525,0,527.1,0,507.74
0,33.795,1.506,0,11.503,132,91,12.9999,0.0162,1.4207,0.0202,547.4,84.6,85.1625,85.23,82.2825,83.385,81.9525,0,526.86,0,507.74
0,33.795,1.506,0,11.503,132,91,13.0005,0.0162,1.4208,0.0202,547.16,84.5475,85.17,85.2,82.29,83.4225,81.9225,0,526.62,0,507.71
0,33.795,1.506,0,11.503,132,91,13.001,0.0162,1.4209,0.0202,546.68,84.5925,85.1625,85.1925,82.2675,83.4075,81.9675,0,526.38,0,507.65
0,33.795,1.506,0,11.501,132,91,13.0016,0.0162,1.4209,0.0202,546.44,84.6,85.14,85.1925,82.275,83.37,81.975,0,526.14,0,507.65
0,33.8,1.506,0,11.501,132,91,13.0021,0.0162,1.4209,0.0202,546.44,84.6,85.14,85.1925,82.275,83.37,81.975,0,525.9,0,507.65
0,33.8,1.506,0,11.503,132,91,13.0027,0.0162,1.421,0.0202,545.92,84.615,85.1625,85.275,82.2975,83.385,81.93,0,525.66,0,507.62
0,33.8,1.506,0,11.503,132,91,13.0032,0.0162,1.421,0.0202,545.68,84.5775,85.11,85.2675,82.26,83.4375,81.93,0,525.42,0,507.56
0,33.8,1.506,0,11.503,132,91,13.0038,0.0162,1.421,0.0202,545.44,84.5925,85.14,85.275,82.2525,83.415,81.9225,0,525.18,0,507.56
0,33.8,1.506,0,11.504,132,91,13.0044,0.0162,1.421,0.0202,545.2,84.57,85.185,85.2825,82.2975,83.46,81.975,0,524.94,0,507.53
