x0,x1,x2,x3,x4,x5,x6,x7
-0.133,-0.084,0.06,0.112,-0.012,-0.184,-0.005,0.056
-0.207,-0.061,-0.07,-0.027,-0.065,-0.219,-0.114,-0.187
0.139,-0.11,-0.115,-0.097,-0.122,-0.202,-0.173,-0.166
0.046,0.145,-0.057,-0.028,-0.016,-0.024,-0.118,-0.07
-0.055,-0.014,-0.071,0.033,-0.071,-0.114,0.11,-0.04
-0.01,-0.134,-0.054,0.087,-0.051,-0.093,-0.086,0.123
0.026,-0.089,0.097,-0.112,0.157,-0.072,-0.334,-0.098
0.109,-0.058,0.034,-0.036,0.134,-0.011,-0.036,-0.119
0.018,-0.087,-0.219,0.046,0.035,-0.181,-0.176,-0.186
-0.043,-0.07,-0.015,-0.016,-0.085,-0.215,-0.03,-0.199
0.12,-0.195,-0.131,-0.114,-0.189,-0.209,-0.124,-0.016
0.062,-0.115,-0.045,0.069,0.002,-0.267,-0.204,-0.174
0.132,-0.084,-0.265,-0.051,0.164,-0.142,-0.235,-0.16
-0.029,0.053,-0.039,-0.064,-0.079,-0.129,-0.225,-0.237
0.135,0.091,-0.354,-0.122,0.17,-0.193,-0.172,-0.304
0.037,-0.067,0.074,0.149,-0.046,-0.1,-0.112,-0.089
-0.065,-0.048,-0.099,0.07,0.04,0.002,-0.219,-0.136
-0.086,0.067,-0.256,-0.048,-0.08,-0.063,-0.102,-0.105
-0.103,0.102,-0.214,0.069,-0.01,0.036,0.055,-0.103
-0.206,0.016,0.032,-0.039,-0.029,-0.115,0.027,-0.181
0.021,-0.106,-0.151,-0.145,-0.009,-0.054,0.041,0.013
-0.136,-0.193,-0.097,-0.193,0.003,-0.114,0.011,0.032
-0.231,-0.279,-0.165,-0.045,-0.186,0.015,-0.081,-0.076
-0.011,-0.265,-0.119,-0.051,-0.129,-0.281,-0.004,-0.097
0.011,-0.109,0.134,-0.164,0.038,-0.064,-0.228,-0.194
-0.179,-0.13,-0.167,-0.105,-0.012,-0.05,-0.159,-0.037
-0.347,-0.051,-0.027,0.091,-0.198,-0.233,-0.14,0.065
-0.147,-0.18,0.101,0.042,-0.155,-0.02,-0.392,-0.101
-0.018,0.008,-0.11,0.106,-0.253,0.049,-0.356,-0.049
-0.107,0.07,-0.087,0.105,-0.219,0.083,-0.137,-0.136
0.008,0.096,0.149,0.037,-0.172,-0.161,-0.074,0.128
-0.024,0.024,-0.02,0.117,0.052,0.021,0.025,-0.073
0.035,0.075,0.097,0.076,0.087,0.153,0.135,0.263
-0.039,0.164,0.142,0.191,0.018,0.015,0.142,-0.161
0.048,-0.047,0.148,0.157,0.131,0.216,0.031,0.185
0.122,0.15,0.216,0.033,0.054,0.258,0.029,-0.016
0.148,0.097,0.14,0.065,-0.013,-0.025,0.227,0.026
0.001,-0.119,0.02,-0.009,-0.024,0.006,0.247,0.216
0.004,0.154,0.12,0.074,0.045,0.019,0.229,0.08
0.116,0.109,-0.03,0.044,-0.079,-0.028,0.146,-0.055
0.118,0.046,0.007,0.012,-0.097,-0.082,0.02,0.124
-0.073,-0.04,0.09,0.021,0.128,-0.15,0.154,0.117
0.134,-0.0,-0.151,0.025,0.051,-0.071,0.083,0.0
0.104,-0.017,0.017,0.062,0.067,0.031,-0.065,-0.044
-0.059,0.047,-0.088,0.029,-0.136,-0.107,0.077,-0.021
0.136,0.072,0.015,-0.027,-0.055,-0.114,-0.192,-0.126
-0.014,0.109,-0.2,0.058,0.056,0.012,0.038,-0.271
-0.091,0.051,-0.017,-0.064,0.221,0.115,-0.08,0.088
-0.077,0.019,0.026,-0.129,0.019,-0.114,0.183,-0.039
-0.01,0.119,0.037,0.047,0.073,-0.05,0.257,0.162
-0.061,0.066,0.153,-0.063,-0.057,0.112,0.013,0.049
-0.008,-0.0,-0.042,-0.11,-0.041,-0.249,-0.196,-0.038
-0.005,-0.043,0.058,0.003,-0.038,-0.018,-0.173,0.125
0.091,0.02,0.075,0.149,0.082,-0.072,-0.159,-0.038
0.106,-0.066,-0.063,-0.096,0.001,-0.067,-0.228,0.015
0.133,-0.028,-0.127,0.002,0.01,-0.175,-0.008,-0.102
-0.093,0.029,-0.108,0.1,0.152,0.024,-0.04,-0.028
0.013,0.034,-0.085,-0.116,0.006,-0.049,-0.049,-0.021
-0.082,0.011,-0.078,0.052,0.092,-0.068,0.145,-0.005
-0.02,0.006,-0.136,-0.031,0.005,-0.184,0.011,0.135
-0.132,-0.128,-0.042,-0.16,0.201,-0.18,-0.03,-0.07
0.117,-0.013,-0.357,-0.15,0.135,0.148,-0.119,0.187
0.064,0.017,-0.175,-0.022,0.059,0.012,-0.021,0.088
-0.104,-0.032,-0.024,-0.124,-0.013,-0.033,-0.026,0.003
0.092,-0.039,0.01,-0.013,0.213,-0.021,0.157,-0.068
0.112,0.081,-0.195,-0.021,0.086,0.023,-0.052,-0.056
-0.014,0.007,0.179,-0.086,0.103,-0.028,0.019,0.112
0.205,0.242,-0.029,-0.194,0.005,-0.162,0.109,0.017
0.038,-0.056,0.089,-0.098,0.18,0.038,-0.141,0.109
0.241,-0.121,-0.001,0.089,0.054,-0.135,-0.022,0.072
0.068,-0.043,-0.217,-0.137,0.233,0.159,-0.086,0.103
0.196,-0.18,0.1,-0.072,-0.106,-0.05,0.079,-0.06
0.073,-0.258,-0.204,-0.358,0.035,0.068,-0.177,-0.116
0.091,-0.127,0.317,-0.08,-0.073,-0.268,-0.1,0.042
-0.039,-0.35,-0.003,-0.071,-0.061,0.062,-0.234,-0.07
-0.062,-0.018,-0.078,0.092,-0.011,-0.052,-0.227,-0.105
-0.173,-0.169,-0.042,0.018,0.051,0.019,-0.143,-0.227
-0.253,-0.039,-0.127,-0.171,-0.161,0.128,-0.073,-0.029
-0.162,-0.108,0.019,0.004,-0.132,-0.188,-0.127,-0.13
-0.211,0.056,-0.029,-0.025,-0.163,-0.029,-0.132,-0.054
-0.124,-0.121,-0.148,-0.141,-0.05,-0.121,-0.274,-0.176
-0.107,-0.133,0.126,0.113,-0.299,-0.215,-0.253,-0.037
-0.056,-0.1,-0.155,0.177,-0.045,0.004,-0.335,0.04
-0.244,-0.044,0.062,0.092,0.143,-0.08,-0.223,-0.08
0.026,-0.081,-0.045,-0.017,0.042,-0.03,-0.09,0.03
-0.075,-0.133,-0.139,0.03,-0.046,0.055,-0.086,-0.114
0.082,0.015,-0.198,0.196,0.129,-0.172,-0.066,0.062
-0.119,0.179,-0.063,0.147,-0.108,-0.021,-0.102,-0.022
-0.19,0.112,-0.171,0.141,-0.133,-0.21,-0.001,-0.017
0.077,0.135,-0.127,0.146,0.121,0.283,-0.013,-0.009
-0.106,0.175,-0.061,0.042,-0.115,0.093,-0.017,-0.134
-0.067,0.192,0.1,-0.066,-0.068,0.193,0.128,-0.051
0.019,0.117,0.158,0.09,0.078,0.177,0.178,-0.067
-0.237,0.06,0.127,-0.018,0.075,0.054,0.12,0.047
-0.01,0.176,-0.057,0.086,0.184,-0.18,0.27,-0.003
-0.063,-0.078,0.21,-0.018,-0.196,0.109,0.041,0.062
0.026,0.192,0.05,0.126,0.084,0.242,0.09,-0.005
0.101,0.068,-0.107,0.122,0.009,0.259,0.182,0.037
0.076,0.022,0.014,-0.04,-0.05,0.054,0.24,-0.081
0.174,0.13,0.066,-0.126,0.196,0.026,0.204,-0.099
-0.016,0.168,-0.051,0.033,0.077,0.146,0.219,0.062
-0.027,-0.128,-0.063,-0.028,-0.028,0.019,0.174,-0.054
0.117,0.138,-0.036,-0.118,0.173,0.04,0.17,0.034
-0.011,0.044,-0.034,0.006,0.065,0.143,0.104,0.251
-0.005,-0.13,-0.079,-0.056,0.157,0.022,0.242,0.14
-0.003,0.048,0.077,-0.122,-0.008,0.113,0.163,0.056
0.299,-0.01,0.104,-0.07,0.089,0.07,0.0,-0.033
-0.247,-0.05,0.039,-0.116,0.035,-0.036,0.232,0.266
-0.048,-0.042,0.084,0.061,0.044,0.127,-0.001,0.043
-0.233,-0.062,0.034,-0.087,-0.087,0.084,-0.011,0.099
0.096,-0.15,-0.179,0.158,0.021,-0.008,0.027,-0.08
-0.036,-0.185,-0.051,-0.074,-0.086,-0.172,-0.107,0.018
0.097,-0.112,-0.07,-0.039,-0.103,0.174,-0.146,-0.021
0.013,-0.226,0.008,-0.092,0.114,0.111,0.054,0.207
0.163,-0.168,-0.006,0.144,0.225,-0.168,-0.18,0.102
0.091,-0.111,0.064,-0.236,0.093,0.012,-0.098,0.119
0.017,-0.102,0.068,0.123,-0.263,-0.041,-0.24,-0.245
0.077,-0.17,-0.047,0.127,0.044,-0.008,0.072,-0.051
-0.038,-0.02,-0.097,0.103,-0.04,0.127,-0.12,-0.121
-0.138,0.042,0.123,0.111,-0.062,0.123,-0.068,-0.068
0.014,0.079,0.277,-0.007,0.004,-0.031,-0.163,-0.071
-0.057,0.161,0.115,0.169,-0.009,-0.108,0.072,-0.042
0.141,0.011,0.01,0.078,0.065,-0.061,-0.121,0.119
0.115,0.091,-0.025,0.058,0.113,-0.134,-0.104,0.056
0.031,0.003,0.061,0.12,0.22,-0.156,-0.008,0.201
-0.185,-0.172,-0.033,0.062,0.003,0.056,0.112,-0.019
-0.013,0.189,0.053,0.185,-0.15,0.054,-0.035,-0.082
-0.018,0.347,0.14,-0.136,-0.151,-0.028,-0.146,-0.245
-0.196,0.309,-0.022,-0.11,-0.0,-0.016,0.014,-0.091
-0.047,0.068,-0.026,-0.176,0.024,-0.056,0.005,0.131
0.09,-0.221,0.084,0.085,-0.026,0.172,-0.138,-0.041
-0.036,0.175,0.222,-0.082,-0.158,-0.154,0.12,0.028
-0.002,-0.073,0.002,0.061,-0.013,-0.006,-0.034,0.047
0.065,-0.234,-0.068,0.059,-0.075,0.145,0.06,-0.029
0.218,0.0,0.124,-0.157,-0.042,-0.016,0.111,-0.067
-0.06,0.021,0.005,0.107,0.198,-0.031,0.019,-0.134
-0.043,-0.149,-0.057,-0.097,-0.051,-0.173,0.071,-0.111
-0.107,0.022,-0.093,-0.099,-0.133,-0.012,-0.094,-0.1
-0.049,-0.163,-0.078,-0.014,0.004,-0.064,-0.054,-0.113
-0.031,-0.031,0.062,-0.119,-0.124,-0.264,-0.146,-0.244
-0.051,0.023,-0.261,0.035,-0.33,-0.048,-0.201,-0.04
-0.077,0.087,-0.181,-0.041,-0.125,-0.089,-0.227,-0.156
-0.156,-0.124,-0.286,0.023,-0.063,-0.251,-0.206,-0.174
0.176,-0.126,-0.131,0.031,-0.103,-0.085,-0.147,-0.122
-0.144,-0.158,-0.164,0.027,-0.092,-0.136,-0.257,-0.249
0.011,-0.217,-0.251,-0.173,-0.127,-0.155,-0.262,-0.114
0.026,-0.304,0.132,0.004,-0.026,-0.082,-0.41,-0.206
-0.076,-0.359,-0.248,0.006,-0.164,-0.029,-0.185,-0.262
-0.23,-0.072,-0.113,-0.115,-0.156,-0.196,-0.294,-0.013
-0.082,-0.103,-0.168,-0.113,-0.125,0.087,-0.338,-0.151
-0.037,-0.025,-0.204,-0.16,-0.322,-0.223,-0.446,-0.269
-0.068,-0.152,-0.112,-0.292,-0.064,-0.195,-0.143,-0.133
-0.166,-0.103,-0.114,-0.069,-0.135,-0.168,-0.127,-0.159
-0.103,-0.143,-0.041,0.022,-0.137,-0.372,-0.247,-0.208
-0.092,-0.03,-0.154,0.024,-0.153,-0.2,-0.174,-0.234
-0.088,-0.035,0.083,0.002,-0.101,-0.039,-0.148,-0.087
-0.17,0.052,-0.024,-0.101,-0.096,-0.101,-0.121,-0.159
0.073,0.011,-0.103,0.064,0.041,0.06,-0.007,0.102
-0.078,-0.014,-0.238,0.056,0.019,-0.028,-0.029,0.072
-0.105,0.032,0.104,-0.137,0.017,-0.04,-0.066,-0.021
0.113,0.023,-0.019,-0.005,0.053,-0.167,-0.099,-0.028
-0.021,0.042,-0.019,-0.067,0.092,-0.104,-0.094,-0.057
-0.115,-0.189,0.042,0.009,0.028,-0.098,-0.103,-0.037
0.052,0.165,0.061,0.15,-0.07,-0.014,-0.096,-0.219
-0.28,-0.083,-0.041,0.074,-0.099,-0.153,-0.144,-0.052
-0.064,0.156,-0.098,0.133,0.008,-0.037,-0.12,-0.13
0.039,0.129,-0.162,0.138,-0.016,-0.07,-0.159,-0.019
0.036,0.28,-0.136,-0.095,-0.009,0.006,-0.221,0.079
0.152,0.277,-0.234,-0.014,-0.054,0.052,-0.088,0.117
0.109,-0.044,-0.138,-0.431,0.083,-0.136,0.189,0.016
0.012,-0.002,-0.023,-0.304,0.212,-0.099,-0.053,0.13
0.237,0.09,-0.062,-0.218,0.18,-0.022,0.064,-0.025
0.354,-0.264,0.031,-0.05,0.066,-0.277,-0.047,0.049
0.152,-0.252,-0.173,-0.106,0.119,-0.144,-0.067,0.029
0.302,-0.231,-0.117,-0.078,0.123,-0.251,-0.17,-0.144
0.097,-0.357,-0.293,-0.067,-0.011,-0.28,-0.125,-0.153
-0.01,-0.245,-0.081,-0.168,0.041,-0.154,-0.02,-0.177
-0.068,-0.309,-0.138,0.02,0.085,-0.162,-0.276,-0.162
0.076,-0.263,-0.294,-0.055,-0.068,-0.219,-0.351,-0.096
-0.012,-0.186,-0.18,0.002,-0.092,-0.211,-0.202,-0.355
-0.072,-0.245,-0.262,-0.035,-0.38,-0.042,-0.359,-0.395
-0.165,-0.165,-0.102,-0.127,-0.26,-0.279,-0.355,-0.153
-0.269,-0.038,-0.234,0.008,-0.292,-0.181,-0.095,-0.109
-0.146,-0.072,-0.225,-0.128,-0.329,-0.13,-0.266,-0.007
-0.123,-0.166,-0.146,-0.169,-0.289,-0.212,-0.517,-0.152
-0.052,-0.133,-0.169,-0.131,-0.049,-0.168,-0.293,-0.05
-0.016,-0.09,-0.289,-0.075,-0.202,-0.414,-0.415,-0.05
-0.186,-0.237,-0.359,-0.104,-0.022,-0.147,-0.296,-0.03
0.097,-0.161,-0.054,-0.188,-0.101,-0.242,-0.278,-0.219
0.052,-0.311,-0.177,-0.167,-0.157,-0.143,-0.326,-0.149
-0.112,-0.385,0.067,0.026,-0.258,-0.119,-0.286,-0.001
-0.018,-0.096,-0.141,0.008,-0.131,-0.216,-0.265,-0.171
-0.094,-0.164,-0.083,0.034,-0.076,-0.166,-0.286,-0.081
0.095,-0.147,-0.072,-0.116,-0.187,-0.097,-0.366,-0.122
-0.18,-0.21,-0.317,-0.29,-0.007,-0.237,-0.272,-0.193
-0.345,0.066,-0.078,-0.08,0.003,-0.175,-0.173,-0.341
-0.136,-0.147,-0.175,-0.045,-0.223,-0.189,-0.284,-0.278
-0.117,-0.123,-0.221,-0.186,-0.214,-0.242,-0.056,-0.187
-0.089,-0.216,-0.212,0.021,-0.185,-0.356,-0.1,-0.033
-0.051,-0.191,-0.171,-0.014,-0.294,-0.031,-0.272,-0.17
-0.081,-0.12,-0.107,0.219,-0.214,-0.107,-0.066,-0.134
-0.19,-0.036,0.012,-0.031,-0.149,0.165,-0.328,-0.001
-0.24,-0.006,0.057,-0.115,-0.11,0.007,-0.156,-0.023
-0.115,-0.074,0.047,0.026,-0.225,0.054,-0.174,-0.139
0.082,0.005,-0.088,0.074,-0.162,0.018,-0.006,0.029
0.103,-0.002,-0.095,0.127,-0.085,-0.198,0.006,-0.026
-0.098,0.181,0.049,-0.033,-0.112,0.007,-0.193,-0.034
-0.071,0.047,-0.025,0.046,0.123,0.033,-0.135,0.061
-0.082,-0.056,0.087,0.058,0.082,-0.092,-0.043,-0.044
0.067,-0.016,0.119,-0.078,-0.065,-0.094,0.067,-0.032
-0.015,0.022,-0.001,-0.11,0.208,0.089,-0.065,0.092
-0.128,-0.106,-0.062,-0.048,-0.01,0.129,-0.011,0.071
-0.15,-0.073,0.097,0.034,-0.079,-0.108,-0.003,-0.057
-0.117,-0.062,-0.01,0.223,0.034,0.015,-0.132,0.042
-0.007,-0.138,-0.041,0.179,0.176,0.109,0.045,-0.316
-0.22,0.118,-0.041,0.193,-0.165,0.123,-0.137,-0.034
-0.184,0.229,-0.043,-0.051,-0.138,0.267,-0.081,0.031
0.017,0.151,0.059,0.029,-0.095,0.09,-0.101,0.13
0.032,0.14,-0.016,-0.021,-0.035,0.059,-0.077,0.124
-0.173,0.176,0.124,-0.029,-0.072,0.11,0.029,0.13
0.033,0.069,0.089,0.062,0.181,-0.024,-0.025,0.042
-0.01,-0.02,-0.001,0.001,0.098,-0.069,0.004,0.182
0.105,-0.147,0.059,0.078,-0.126,0.208,-0.01,0.017
0.081,0.179,-0.046,0.188,0.146,0.117,0.034,-0.055
0.202,-0.089,0.049,0.078,0.151,0.195,0.168,0.104
0.077,0.147,0.188,-0.01,0.258,0.239,0.09,0.069
-0.083,0.177,0.364,0.026,-0.02,0.11,0.196,0.049
-0.167,0.147,0.091,-0.116,0.069,0.243,0.246,0.091
0.031,0.189,0.381,-0.133,0.086,-0.089,0.202,0.293
0.064,0.034,0.135,-0.051,0.111,0.299,0.072,0.109
-0.023,-0.017,0.228,-0.027,0.011,0.018,0.317,0.12
0.151,-0.064,0.004,0.092,-0.024,-0.117,0.286,0.031
0.205,-0.018,0.062,-0.108,0.282,0.147,0.122,0.095
0.009,-0.086,-0.054,0.065,-0.025,-0.017,0.104,0.004
0.252,-0.045,0.052,0.048,0.202,0.005,0.128,0.132
-0.01,-0.012,0.14,-0.065,0.026,-0.024,-0.02,0.167
0.215,-0.134,-0.095,-0.043,-0.083,0.028,0.085,-0.038
0.002,0.034,0.098,-0.148,0.016,-0.002,-0.047,0.091
-0.02,-0.009,-0.142,-0.296,-0.123,-0.023,-0.092,-0.111
0.054,-0.035,0.068,-0.21,-0.115,-0.111,-0.119,-0.082
-0.001,-0.095,-0.041,-0.204,-0.239,-0.265,-0.036,-0.132
-0.136,-0.295,-0.014,-0.048,-0.004,-0.218,-0.074,-0.17
0.042,-0.287,-0.079,-0.085,-0.101,-0.147,-0.369,-0.063
-0.203,-0.307,-0.13,-0.075,-0.328,-0.104,-0.281,0.042
0.052,-0.267,-0.106,0.057,-0.036,-0.243,-0.43,-0.181
-0.065,-0.182,-0.041,-0.155,-0.075,-0.187,-0.438,-0.255
-0.003,-0.246,-0.236,-0.253,0.012,-0.076,-0.419,-0.194
-0.072,-0.258,-0.256,-0.172,-0.195,-0.24,-0.272,-0.197
0.008,-0.143,0.062,0.009,-0.232,-0.354,-0.351,0.003
-0.295,-0.15,-0.092,-0.2,-0.313,-0.128,-0.326,-0.027
-0.046,-0.13,-0.176,-0.167,-0.125,-0.426,-0.336,-0.322
-0.012,-0.2,-0.122,-0.038,-0.439,0.02,-0.322,0.024
-0.075,-0.18,-0.051,-0.05,-0.066,-0.161,-0.137,-0.138
-0.035,-0.09,-0.291,-0.241,-0.306,-0.182,-0.467,-0.058
0.036,-0.137,-0.068,-0.028,-0.149,-0.091,-0.498,-0.052
0.035,-0.202,-0.006,-0.078,-0.084,-0.283,-0.362,0.008
0.201,-0.206,-0.108,-0.086,-0.044,-0.301,-0.194,-0.189
-0.065,-0.086,-0.191,-0.087,-0.064,-0.079,-0.417,-0.322
-0.083,-0.188,-0.254,0.025,-0.105,-0.129,-0.472,-0.238
-0.043,-0.158,-0.139,0.091,-0.102,-0.262,-0.367,-0.127
-0.005,0.064,-0.159,-0.05,0.006,0.056,-0.4,-0.179
-0.116,0.074,-0.298,0.128,-0.098,-0.052,-0.137,-0.037
-0.245,0.109,-0.105,0.045,-0.216,-0.026,0.007,0.028
-0.06,0.238,0.019,-0.126,0.088,0.141,-0.106,0.028
-0.089,0.118,-0.063,-0.085,-0.022,0.057,0.092,0.132
-0.021,0.184,-0.035,-0.146,0.012,-0.027,0.087,0.012
-0.227,0.119,0.04,-0.013,0.124,-0.02,0.059,0.044
-0.043,0.033,0.058,0.088,-0.159,0.103,-0.183,0.073
-0.135,-0.006,0.07,0.01,0.175,0.108,0.126,0.021
-0.062,-0.087,0.08,0.19,0.334,-0.149,0.202,-0.004
-0.074,0.05,-0.034,0.172,0.001,0.103,-0.076,-0.118
0.131,0.17,-0.043,-0.042,-0.003,0.161,0.217,-0.161
-0.003,-0.061,-0.095,-0.098,0.003,-0.069,0.031,-0.11
-0.173,0.071,-0.068,0.044,-0.148,-0.008,0.052,-0.1
-0.103,0.088,0.039,-0.04,-0.219,0.087,-0.016,0.148
0.005,-0.237,-0.24,-0.081,-0.075,-0.01,0.092,-0.067
-0.039,-0.025,0.102,-0.014,-0.045,0.165,-0.051,0.269
-0.044,-0.065,-0.096,-0.126,0.055,0.137,0.003,0.017
0.208,-0.11,0.11,-0.079,-0.009,-0.065,-0.148,-0.038
0.152,-0.094,0.151,0.01,-0.089,0.046,0.115,0.029
0.173,-0.004,0.08,-0.116,-0.055,-0.018,-0.326,-0.117
0.073,-0.008,0.052,0.061,-0.09,-0.209,-0.074,0.043
0.044,-0.056,0.085,-0.194,-0.095,-0.029,-0.261,0.103
0.159,0.174,-0.051,-0.038,0.012,0.089,-0.3,0.065
0.011,-0.086,-0.141,0.223,0.058,-0.171,0.05,-0.051
0.168,-0.032,-0.082,-0.021,0.224,-0.154,-0.064,0.015
0.029,0.044,-0.087,-0.009,0.278,-0.119,0.01,0.159
0.139,-0.099,-0.013,0.036,0.037,0.035,0.154,0.05
0.076,-0.021,0.072,-0.199,0.005,-0.022,-0.076,0.057
0.025,0.176,0.027,-0.097,0.033,-0.025,0.149,0.077
0.128,0.058,0.042,-0.176,-0.085,-0.099,0.009,0.026
0.151,-0.289,0.066,-0.002,-0.071,-0.086,0.16,-0.009
-0.179,-0.006,-0.051,-0.064,0.041,0.043,-0.223,0.194
-0.109,-0.136,0.022,-0.11,-0.022,0.211,-0.1,-0.104
0.14,0.007,-0.057,0.009,0.076,-0.018,-0.092,-0.118
-0.124,-0.062,0.131,0.0,0.034,0.012,0.163,0.192
-0.003,0.126,-0.019,-0.014,-0.147,-0.226,-0.03,0.044
-0.101,0.047,-0.027,-0.029,0.01,0.016,-0.025,0.166
0.118,0.05,-0.13,-0.121,-0.039,-0.092,0.066,-0.0
-0.006,0.027,-0.034,-0.023,0.039,-0.07,0.039,0.014
-0.046,0.063,-0.131,-0.23,-0.006,0.024,-0.082,0.222
0.074,0.01,0.04,0.006,0.267,0.082,-0.198,-0.037
-0.131,0.038,0.042,-0.05,0.134,-0.005,0.053,0.251
0.055,-0.093,-0.069,-0.006,0.076,-0.204,0.065,0.09
0.12,0.117,-0.064,0.118,0.064,-0.046,-0.057,0.014
-0.096,0.054,-0.091,0.119,0.188,-0.065,0.063,0.021
0.077,-0.016,0.024,-0.067,0.033,-0.054,-0.119,0.088
-0.084,0.115,0.012,-0.105,-0.192,0.092,0.157,-0.058
0.019,-0.007,-0.018,0.02,0.1,0.166,0.202,0.082
0.128,0.023,-0.048,0.049,-0.103,0.028,0.048,-0.015
-0.141,0.255,0.03,-0.188,-0.073,0.037,-0.046,-0.039
0.075,0.16,0.158,-0.122,0.116,-0.063,-0.01,-0.123
-0.037,0.246,0.111,0.096,-0.038,-0.033,0.182,0.143
-0.032,0.078,0.214,-0.022,0.01,0.141,0.067,-0.081
0.095,-0.028,0.036,0.111,0.178,-0.079,0.101,-0.087
-0.274,0.116,0.133,0.009,0.046,0.115,0.228,0.08
0.155,0.019,0.053,-0.008,-0.027,-0.036,0.191,0.167
-0.011,0.018,-0.048,-0.032,0.073,0.141,-0.018,0.135
-0.101,0.013,0.144,-0.064,0.095,-0.029,0.08,0.127
0.114,-0.197,0.208,-0.07,0.082,0.019,0.04,-0.0
-0.056,0.054,0.036,-0.225,-0.022,-0.04,0.006,0.064
-0.183,-0.11,0.2,0.057,0.126,-0.031,0.005,-0.224
-0.008,-0.025,0.321,0.011,-0.001,0.047,-0.0,0.055
-0.037,0.011,0.108,-0.104,-0.19,0.145,0.127,-0.04
-0.039,-0.055,0.201,0.07,-0.076,0.132,0.109,0.042
-0.096,-0.039,0.121,-0.082,0.0,0.09,-0.01,-0.067
-0.092,-0.076,0.126,0.001,-0.005,-0.069,-0.059,0.155
-0.034,0.107,0.103,0.164,-0.049,0.172,-0.037,-0.017
0.03,-0.151,-0.061,0.223,-0.017,0.064,0.112,0.065
0.183,-0.074,0.303,0.002,-0.119,0.202,0.145,0.077
-0.088,0.027,0.144,0.088,-0.034,0.205,0.169,-0.163
-0.004,0.376,0.058,-0.027,0.061,0.212,0.218,0.02
0.098,-0.02,0.087,-0.09,0.019,0.08,0.149,0.114
0.013,0.09,0.243,0.036,0.01,0.181,0.134,0.025
0.102,0.098,0.047,0.09,-0.044,-0.019,0.206,0.098
0.248,0.108,0.188,0.03,0.044,0.003,0.083,0.269
-0.055,0.012,0.209,0.193,0.093,0.035,0.152,0.122
0.227,0.194,-0.021,0.031,0.077,0.111,0.166,0.105
-0.017,-0.006,-0.121,-0.189,0.015,0.05,0.096,0.138
0.166,-0.019,-0.014,0.005,0.02,0.125,0.282,0.333
0.162,-0.014,-0.072,-0.027,0.19,0.157,0.016,0.082
0.055,0.107,0.074,-0.029,-0.05,0.109,0.229,-0.005
0.084,0.091,0.148,0.045,0.253,0.126,0.16,0.149
0.059,0.223,0.138,0.174,-0.045,-0.043,0.147,0.021
0.074,0.01,0.056,-0.034,0.303,0.271,0.002,0.243
0.092,0.283,-0.121,-0.017,0.069,-0.058,-0.085,-0.026
0.101,0.214,-0.109,-0.12,0.26,0.039,0.287,0.167
0.121,-0.024,-0.06,0.098,0.181,0.034,0.135,0.136
-0.095,-0.204,-0.128,0.001,0.218,0.047,0.022,0.122
0.026,0.038,-0.128,-0.145,0.17,0.112,0.173,0.065
0.023,0.107,0.069,0.012,-0.026,0.09,0.078,0.066
-0.017,0.285,-0.005,-0.097,-0.004,0.122,0.095,-0.174
-0.064,0.111,0.212,-0.166,0.047,-0.028,0.263,-0.095
-0.049,0.088,0.046,0.093,0.121,0.119,0.107,0.248
0.003,0.126,-0.011,-0.005,0.011,0.096,0.319,0.036
-0.176,0.11,0.022,0.022,-0.194,0.054,0.291,0.166
-0.045,0.021,0.079,0.01,-0.002,0.06,0.393,0.019
0.067,-0.075,-0.092,-0.062,0.027,0.108,-0.045,-0.085
0.006,0.082,0.037,0.106,0.054,0.126,-0.022,0.001
0.086,-0.124,0.058,-0.001,0.082,-0.027,0.032,0.125
0.046,0.02,0.111,0.039,-0.177,0.154,0.145,-0.028
-0.039,-0.051,0.087,0.077,-0.166,0.081,0.046,-0.221
0.062,0.127,-0.058,0.051,-0.124,-0.026,0.087,0.103
-0.077,0.157,0.173,0.06,-0.023,0.032,0.135,-0.066
0.03,0.074,-0.042,0.06,-0.025,0.053,0.027,-0.074
0.02,0.035,0.129,0.069,-0.037,0.043,-0.211,0.163
-0.077,0.119,0.135,-0.06,0.004,-0.048,0.118,-0.02
-0.075,0.097,0.119,-0.038,-0.102,-0.422,-0.012,0.163
-0.004,-0.01,-0.024,0.056,-0.039,-0.166,-0.094,0.073
-0.014,-0.132,-0.033,-0.007,0.019,-0.031,-0.17,-0.027
-0.162,-0.096,-0.101,0.15,-0.224,-0.27,-0.249,-0.061
0.112,-0.007,-0.022,0.224,0.036,-0.227,-0.21,-0.117
-0.358,-0.134,-0.093,-0.072,-0.048,-0.057,-0.169,-0.02
-0.074,-0.149,-0.038,-0.044,-0.239,0.067,-0.251,-0.163
-0.13,-0.086,-0.011,-0.071,-0.127,0.012,-0.214,-0.011
-0.246,0.008,-0.09,-0.014,-0.132,-0.143,-0.123,0.035
-0.095,-0.123,-0.228,-0.074,-0.072,0.091,-0.085,-0.096
-0.094,-0.079,-0.067,-0.007,0.013,0.018,-0.048,0.045
0.051,-0.035,-0.011,-0.07,-0.029,0.214,-0.148,-0.043
-0.051,-0.073,-0.091,-0.073,0.04,0.035,-0.097,-0.182
-0.038,0.005,0.091,-0.01,-0.036,-0.125,-0.025,0.017
0.121,-0.05,-0.071,-0.228,0.004,-0.012,-0.24,-0.051
-0.137,-0.102,0.001,0.095,-0.043,-0.106,0.127,-0.062
0.055,-0.066,0.1,0.051,-0.089,-0.139,-0.146,0.035
0.018,-0.076,0.02,0.107,-0.084,-0.062,0.103,0.043
-0.126,-0.104,0.0,-0.047,-0.153,0.005,-0.072,-0.018
0.118,-0.061,-0.01,-0.064,-0.165,0.015,-0.065,-0.021
0.093,-0.034,0.023,0.11,-0.169,-0.087,-0.036,-0.169
-0.064,0.079,-0.017,-0.024,-0.092,0.024,-0.196,-0.014
-0.08,0.044,-0.085,-0.13,-0.019,-0.037,0.049,-0.133
0.05,-0.217,-0.023,-0.107,-0.143,-0.047,-0.079,-0.272
-0.01,-0.115,0.091,-0.175,-0.221,-0.097,0.025,-0.111
0.108,-0.089,0.011,0.091,-0.029,-0.22,-0.175,-0.141
0.031,-0.097,-0.04,-0.023,-0.089,-0.409,-0.193,-0.147
-0.27,-0.013,-0.006,-0.133,-0.017,-0.109,-0.232,-0.013
-0.026,0.038,0.084,0.03,-0.016,0.032,-0.415,-0.106
-0.125,0.104,-0.154,0.024,-0.217,-0.172,-0.114,-0.006
0.005,-0.081,0.016,-0.08,-0.145,-0.213,0.004,-0.222
-0.024,-0.08,-0.195,0.049,-0.125,0.036,-0.085,-0.068
-0.008,-0.256,0.057,-0.038,-0.045,-0.0,-0.103,-0.114
0.006,-0.116,0.029,-0.02,-0.323,-0.137,-0.008,0.096
0.071,-0.022,-0.073,-0.071,-0.01,-0.1,-0.263,-0.082
0.136,-0.244,0.027,-0.081,-0.04,0.071,-0.081,-0.067
0.056,-0.078,0.038,-0.168,-0.188,-0.04,-0.224,-0.066
-0.183,-0.0,-0.091,0.087,0.047,-0.298,-0.243,-0.17
-0.187,-0.068,-0.033,0.107,-0.014,-0.071,-0.273,0.036
-0.053,0.005,-0.215,-0.107,-0.271,-0.193,-0.081,-0.045
-0.124,-0.04,-0.232,0.004,-0.078,-0.153,-0.173,0.03
-0.057,-0.039,-0.077,-0.0,0.039,0.077,-0.269,0.14
-0.044,-0.23,0.025,-0.048,-0.013,0.004,-0.204,0.141
0.08,0.053,-0.1,0.095,0.117,-0.027,-0.095,-0.07
-0.036,-0.048,-0.112,0.234,0.103,-0.033,0.033,0.032
0.181,0.186,-0.162,0.191,0.046,0.072,-0.048,-0.023
-0.023,0.021,0.021,-0.078,0.245,0.17,0.154,-0.168
-0.024,0.079,-0.072,0.043,0.004,0.167,0.072,-0.065
-0.2,0.236,-0.042,-0.045,0.101,0.119,0.067,0.165
-0.168,-0.054,-0.03,-0.057,0.149,0.248,0.103,0.178
-0.059,0.388,-0.073,0.039,0.04,0.02,0.348,-0.092
-0.122,0.24,0.039,-0.123,0.001,-0.004,0.154,0.052
-0.131,-0.064,-0.03,0.011,-0.098,-0.121,0.256,-0.149
-0.002,0.137,0.059,-0.039,0.082,0.152,0.165,0.106
-0.014,0.11,-0.084,0.08,0.091,-0.032,0.282,0.055
0.063,0.168,0.134,0.111,0.037,0.031,-0.128,0.026
0.237,0.029,0.208,0.152,0.062,-0.095,0.087,0.148
-0.004,0.08,-0.045,-0.087,0.104,0.103,0.112,0.106
0.102,0.048,-0.02,0.193,-0.082,0.014,0.03,0.179
-0.072,0.06,0.101,0.103,0.106,0.126,0.058,0.158
0.025,0.164,0.02,-0.072,0.246,0.133,-0.004,0.155
0.028,0.088,-0.071,0.117,0.132,0.041,0.091,0.042
-0.054,0.266,0.13,-0.08,0.074,-0.036,0.176,-0.012
0.025,0.125,-0.031,0.115,0.185,-0.017,0.319,-0.041
-0.033,0.222,-0.048,-0.13,-0.091,0.012,0.132,0.052
0.099,0.06,-0.096,-0.089,0.163,-0.065,0.05,0.082
0.068,0.021,0.108,0.047,0.074,-0.172,0.198,0.118
-0.1,0.015,0.002,0.028,-0.056,0.038,0.174,0.09
0.105,-0.036,0.026,0.009,0.126,0.092,0.251,0.03
0.18,-0.094,0.105,-0.145,0.113,0.06,-0.121,0.019
-0.083,-0.009,0.013,0.084,0.095,0.119,-0.045,-0.001
0.059,0.028,0.214,0.059,0.078,-0.042,0.08,-0.14
-0.156,-0.01,0.029,-0.026,-0.035,0.075,0.092,-0.17
0.044,-0.16,-0.002,0.061,-0.163,0.057,0.155,-0.094
-0.006,-0.037,0.118,0.091,-0.124,0.093,-0.053,-0.234
-0.03,-0.147,0.064,0.054,-0.212,0.051,0.063,-0.108
-0.218,0.153,-0.044,0.2,-0.023,0.048,-0.057,-0.062
-0.247,0.192,0.103,0.013,-0.235,0.044,0.006,-0.169
-0.085,-0.056,0.161,0.0,-0.212,0.204,-0.025,-0.136
-0.083,-0.041,0.061,-0.137,-0.093,-0.093,-0.159,0.068
-0.084,0.045,0.23,0.128,-0.194,-0.148,-0.068,0.116
-0.071,-0.02,-0.003,0.022,-0.106,-0.2,-0.127,0.117
0.194,0.052,-0.1,0.031,-0.22,-0.145,-0.235,-0.124
0.116,-0.081,0.048,0.073,-0.004,-0.077,0.001,-0.158
0.152,-0.026,0.037,-0.014,0.016,-0.022,-0.142,-0.078
-0.102,-0.139,-0.06,0.135,0.005,0.042,-0.148,-0.051
0.132,-0.117,-0.01,0.014,-0.043,0.106,-0.002,0.03
0.048,0.04,0.063,0.018,-0.054,-0.149,0.021,0.002
-0.013,0.171,-0.044,0.054,0.149,-0.213,-0.064,-0.01
0.108,0.042,-0.048,-0.133,0.008,0.029,0.091,0.052
-0.085,0.108,-0.042,-0.044,0.003,-0.01,0.064,0.218
0.105,0.148,-0.04,0.034,0.016,-0.088,0.028,0.038
0.204,0.036,0.076,0.105,0.038,-0.034,0.033,0.011
0.079,-0.056,0.108,-0.065,0.041,-0.023,0.032,0.222
0.164,0.031,0.026,-0.04,0.151,0.009,0.093,0.245
0.204,-0.11,-0.048,-0.053,0.093,0.1,-0.048,0.127
-0.018,-0.009,0.13,0.106,0.02,0.023,0.211,-0.041
0.072,0.096,0.105,-0.051,-0.05,0.036,-0.067,0.12
0.072,0.036,0.113,0.132,-0.031,0.192,-0.046,-0.193
-0.141,0.141,-0.114,0.102,0.01,0.071,-0.062,-0.008
0.032,-0.082,0.078,-0.013,0.028,0.059,0.055,-0.044
-0.038,-0.157,0.174,0.039,-0.184,-0.006,0.229,-0.033
-0.076,-0.064,0.212,0.081,0.111,0.165,-0.109,-0.03
-0.045,-0.164,0.27,-0.161,-0.032,0.141,0.068,-0.019
-0.099,-0.043,0.251,0.141,0.107,-0.097,0.151,-0.014
0.045,-0.042,0.214,-0.019,-0.076,0.068,0.051,-0.164
-0.044,-0.047,0.027,0.046,-0.166,-0.083,0.056,-0.122
-0.093,-0.012,0.084,0.101,-0.202,0.156,-0.063,-0.165
-0.081,0.009,0.28,0.097,-0.2,-0.136,-0.156,-0.084
0.032,0.183,-0.003,0.139,0.028,0.123,-0.079,0.102
-0.004,0.053,0.143,-0.038,-0.132,-0.052,0.069,0.132
-0.004,0.158,-0.012,0.075,0.047,0.024,-0.22,0.076
0.094,0.205,-0.119,-0.08,0.099,-0.0,0.081,0.004
0.17,0.004,0.061,0.088,0.37,0.041,-0.018,0.079
-0.061,0.129,-0.079,-0.047,0.198,0.142,0.089,0.156
0.122,-0.062,-0.11,0.009,0.335,0.281,0.216,0.111
0.088,0.202,0.047,-0.043,0.24,0.239,0.219,-0.047
0.089,0.087,-0.019,0.059,0.447,0.255,0.355,0.151
0.136,0.137,0.062,-0.082,0.111,0.34,0.452,0.105
0.223,0.256,0.286,-0.158,0.267,0.249,0.346,0.18
-0.121,0.251,0.078,-0.065,0.255,0.126,0.403,0.028
0.253,0.134,0.226,0.057,0.096,0.242,0.669,0.098
0.246,0.209,0.131,-0.038,0.277,0.111,0.475,0.187
0.191,0.313,0.167,-0.265,0.334,-0.004,0.409,0.137
0.28,0.123,0.013,0.021,0.084,0.244,0.293,0.094
0.022,0.055,0.191,0.077,0.255,-0.173,0.267,0.15
0.018,0.003,0.101,0.087,0.037,0.226,0.257,0.017
0.06,-0.062,0.152,0.073,0.282,0.095,0.309,0.195
0.04,0.233,0.046,0.007,0.098,0.018,0.28,0.234
0.057,-0.082,0.102,0.021,0.304,0.162,0.301,0.09
0.178,-0.054,0.122,0.102,0.152,0.183,0.294,0.062
-0.081,0.137,0.096,0.11,0.096,0.037,0.121,-0.094
0.164,0.156,-0.035,0.088,0.174,0.207,0.136,-0.101
-0.065,0.136,0.183,0.035,0.22,-0.133,0.258,0.113
-0.093,0.07,0.039,0.037,0.07,-0.013,-0.018,0.016
0.047,0.056,0.19,-0.063,0.155,0.153,0.181,-0.01
-0.082,0.078,0.022,0.115,0.083,0.167,0.091,0.095
-0.132,-0.105,0.114,0.067,-0.103,0.175,0.097,-0.102
-0.003,-0.148,0.12,0.059,0.061,0.092,0.164,-0.044
-0.111,-0.112,0.182,0.104,0.061,0.211,-0.012,-0.065
-0.132,0.101,0.06,-0.072,-0.196,0.025,0.228,-0.147
-0.01,0.047,0.058,-0.103,-0.095,-0.022,0.049,-0.06
0.065,-0.044,0.161,0.064,-0.09,0.12,-0.022,-0.051
-0.127,-0.107,0.072,0.043,-0.183,0.05,0.036,0.159
0.087,-0.107,-0.05,0.106,-0.072,0.054,0.046,0.017
0.059,-0.009,0.257,0.051,0.037,0.137,-0.064,0.056
-0.013,0.064,0.213,0.04,-0.033,0.034,-0.017,0.07
0.038,0.04,0.162,0.123,0.084,0.086,-0.008,-0.127
0.173,0.018,0.038,0.085,-0.139,0.309,-0.075,-0.023
0.025,0.214,0.028,0.116,-0.245,0.208,-0.139,-0.184
-0.015,0.186,0.145,0.151,-0.104,0.092,0.153,-0.011
-0.053,0.27,0.152,0.035,0.01,0.073,0.032,0.13
0.039,-0.01,0.189,-0.124,0.158,0.086,0.12,0.258
0.139,-0.118,0.22,-0.063,-0.043,0.121,0.067,0.14
0.302,0.115,-0.111,-0.103,-0.102,0.067,0.207,0.115
0.233,0.021,0.111,0.104,0.161,-0.06,0.019,0.173
0.147,-0.071,-0.026,-0.036,0.221,0.259,-0.115,-0.122
0.192,-0.206,0.02,-0.089,0.226,0.232,0.03,0.257
0.274,0.107,0.066,-0.15,0.069,0.137,0.107,0.003
0.024,0.151,0.226,0.08,-0.026,-0.021,0.119,0.162
0.128,0.07,0.139,0.117,0.21,0.079,0.016,0.046
0.069,0.111,-0.033,0.078,0.095,-0.002,0.123,0.205
-0.034,0.159,0.273,0.091,0.253,0.067,0.114,0.152
0.069,0.117,0.09,-0.036,0.246,0.113,0.281,0.253
-0.052,0.06,0.187,0.123,0.174,0.118,0.409,0.211
0.132,0.087,0.061,0.098,-0.037,0.118,0.442,0.069
0.224,0.139,-0.097,0.14,0.098,0.18,0.197,-0.02
0.164,0.131,-0.041,0.123,0.06,0.058,0.278,0.02
0.065,0.075,0.154,0.026,0.152,-0.068,0.292,0.152
-0.026,0.177,0.069,0.025,0.068,0.234,0.01,-0.038
-0.113,0.088,0.045,0.157,0.123,0.024,0.241,0.113
0.07,0.279,-0.021,-0.01,0.138,0.024,0.246,0.373
0.098,0.193,0.296,0.031,0.073,0.073,0.349,0.143
-0.038,0.208,-0.145,-0.027,0.197,0.307,0.356,0.215
0.031,-0.069,-0.02,-0.004,0.096,0.103,0.338,0.039
0.184,0.209,0.037,0.011,0.102,0.079,0.364,0.13
0.134,0.15,-0.013,0.068,0.15,0.263,0.147,0.031
0.229,0.02,-0.009,-0.012,0.168,0.213,0.292,0.146
0.047,0.16,0.223,0.091,0.189,0.24,0.298,0.192
0.149,0.141,-0.077,0.018,0.112,-0.064,0.132,0.222
0.05,0.055,0.177,0.028,0.22,0.066,0.264,0.149
0.178,0.272,0.027,-0.159,0.14,0.093,0.151,0.281
-0.111,-0.055,-0.162,-0.077,0.171,0.317,0.207,0.15
0.12,-0.026,0.056,0.099,0.104,0.143,0.242,-0.074
0.142,0.079,-0.02,-0.059,0.033,0.198,-0.011,0.18
-0.062,0.108,0.262,-0.029,0.014,0.113,0.145,0.029
0.061,-0.026,0.132,0.087,0.058,0.032,0.142,0.095
0.06,-0.12,0.136,-0.046,0.164,0.196,0.239,0.051
-0.016,0.034,0.11,-0.073,-0.0,-0.124,0.263,0.139
0.032,0.035,0.073,-0.004,0.132,-0.097,0.25,0.055
0.034,-0.148,0.026,0.081,-0.015,0.159,0.007,-0.025
-0.179,0.076,0.157,-0.15,0.052,-0.028,0.055,0.021
0.066,-0.097,-0.155,-0.019,-0.15,-0.194,0.231,-0.044
-0.023,-0.168,0.12,-0.051,-0.087,-0.028,0.099,-0.053
-0.102,-0.218,-0.035,0.062,-0.118,-0.18,0.056,-0.105
0.077,-0.137,-0.147,0.013,-0.148,-0.065,-0.259,-0.168
-0.01,-0.194,-0.113,0.099,-0.24,0.075,-0.095,-0.034
0.026,-0.106,0.001,-0.025,-0.182,-0.031,-0.118,-0.315
-0.219,0.044,-0.09,0.171,-0.124,-0.003,-0.1,-0.209
-0.115,-0.062,0.147,-0.072,0.047,0.085,-0.162,-0.112
-0.243,0.081,-0.07,0.165,-0.015,-0.004,-0.332,-0.187
-0.095,-0.037,-0.167,0.025,-0.109,0.083,-0.075,-0.149
-0.099,-0.074,-0.117,-0.061,-0.03,-0.018,0.027,-0.027
-0.09,0.055,0.12,0.136,-0.181,0.206,-0.238,-0.041
0.067,0.091,-0.057,0.061,-0.038,-0.06,-0.01,0.045
0.072,0.089,0.02,-0.05,-0.148,0.026,0.024,0.12
0.071,-0.031,-0.053,0.023,0.042,-0.037,0.045,-0.039
-0.029,0.123,0.019,0.011,-0.032,0.001,0.17,-0.004
-0.065,0.009,0.049,-0.071,-0.146,0.052,0.073,-0.006
-0.009,-0.037,-0.083,0.128,0.045,0.006,-0.05,0.071
0.141,0.04,-0.179,0.089,-0.086,0.036,-0.07,0.098
-0.046,0.043,-0.052,0.132,0.099,-0.089,0.224,-0.132
-0.159,0.082,0.152,-0.082,-0.021,0.092,0.139,0.056
0.065,-0.048,-0.186,0.052,-0.035,-0.117,0.134,0.149
-0.005,-0.04,0.062,-0.064,0.065,0.061,0.235,-0.187
0.011,-0.02,-0.087,-0.081,-0.078,-0.076,0.213,-0.006
0.012,0.044,0.016,-0.035,0.198,-0.084,-0.167,-0.073
0.036,-0.01,0.022,-0.147,0.039,-0.247,0.119,-0.055
-0.07,0.079,-0.017,-0.052,0.192,-0.002,0.069,-0.091
-0.019,-0.323,-0.07,-0.06,-0.036,-0.021,0.051,0.128
0.016,-0.117,0.055,-0.076,0.121,0.011,-0.038,0.113
-0.076,-0.094,0.016,0.056,-0.125,-0.018,0.087,-0.204
-0.095,0.062,0.005,0.065,-0.174,-0.068,-0.047,-0.011
0.051,0.062,-0.03,0.016,-0.106,0.026,-0.05,-0.278
-0.002,0.026,-0.097,-0.143,-0.126,0.05,0.014,0.018
-0.162,-0.177,-0.158,0.027,-0.053,0.031,-0.073,-0.122
0.067,-0.059,-0.094,0.071,0.072,-0.142,-0.049,-0.042
-0.117,-0.065,-0.051,0.113,-0.151,0.01,-0.092,-0.415
0.057,0.043,-0.005,0.01,-0.022,0.092,0.08,-0.037
-0.007,-0.041,-0.036,0.001,-0.153,0.07,0.045,-0.165
-0.07,-0.068,0.06,0.031,-0.284,0.237,0.126,-0.01
-0.032,-0.09,0.063,-0.068,-0.083,0.081,0.261,-0.002
0.079,0.016,0.019,0.084,-0.174,0.105,-0.075,-0.028
-0.003,0.061,0.192,0.183,-0.092,0.028,-0.058,-0.009
-0.123,0.035,-0.069,0.179,-0.294,0.084,0.122,0.003
-0.083,0.254,0.166,-0.098,-0.11,0.107,-0.144,-0.074
-0.282,0.03,0.104,0.269,-0.138,0.115,-0.122,-0.029
-0.061,0.094,-0.059,0.176,-0.089,-0.067,0.036,0.124
0.08,0.279,0.137,0.104,-0.102,0.02,0.064,0.281
-0.035,0.27,-0.082,0.124,-0.02,0.128,-0.131,0.112
-0.044,0.203,-0.037,0.037,0.136,0.027,0.228,0.233
0.189,0.331,0.086,0.196,0.169,-0.008,0.208,0.225
0.026,0.347,0.11,0.126,0.356,0.247,-0.02,0.101
0.264,0.179,0.064,0.022,0.346,0.28,0.215,0.263
0.187,0.134,0.261,0.078,0.285,0.245,0.505,0.218
0.015,0.214,0.31,0.081,0.326,0.119,0.422,0.123
0.184,0.23,0.047,0.043,0.294,0.128,0.481,0.238
0.257,0.23,0.17,0.162,0.309,0.149,0.331,0.187
0.014,0.194,0.204,0.318,0.322,0.308,0.545,0.215
0.127,0.269,0.087,0.214,0.556,0.202,0.526,0.143
0.106,0.248,0.319,0.209,0.208,0.269,0.577,0.347
0.261,0.41,0.297,0.205,0.177,0.591,0.404,0.273
0.147,0.378,0.266,0.216,0.33,0.425,0.497,0.289
0.22,0.349,0.44,0.154,0.518,0.388,0.5,0.159
0.141,0.354,0.377,0.096,0.522,0.251,0.619,0.415
0.126,0.477,0.335,-0.004,0.277,0.314,0.555,0.388
0.141,0.24,0.213,0.085,0.339,0.448,0.747,0.152
0.228,0.253,0.252,0.113,0.288,0.436,0.611,0.201
0.139,0.242,0.318,0.124,0.496,0.221,0.549,0.155
0.166,0.091,0.359,-0.107,0.274,0.256,0.695,0.098
0.238,0.175,0.277,0.017,0.336,0.316,0.418,0.114
0.052,0.033,0.158,0.039,0.384,-0.02,0.479,0.113
0.012,0.124,0.189,-0.085,0.343,-0.002,0.43,0.233
0.083,-0.075,0.1,0.092,0.195,0.261,0.402,0.176
0.126,0.055,0.144,0.182,0.045,0.161,0.553,-0.149
0.111,0.181,0.191,0.154,0.069,0.147,0.399,0.01
0.015,0.016,0.051,0.061,-0.062,0.347,0.223,0.172
0.035,0.251,0.179,0.208,0.11,0.203,0.162,-0.041
0.077,0.196,0.194,-0.018,0.075,0.228,0.231,0.039
-0.037,-0.025,0.144,0.26,-0.069,0.296,0.194,-0.057
0.167,0.351,0.238,0.152,0.152,0.218,0.249,0.077
0.107,0.426,0.439,0.058,0.111,0.354,0.401,-0.036
0.161,0.193,0.202,0.105,0.202,0.247,0.341,0.057
-0.081,0.208,0.099,0.007,0.08,0.34,0.458,-0.007
-0.173,0.339,0.424,0.152,0.209,0.227,0.317,0.203
-0.131,0.155,0.334,0.127,0.18,0.145,0.279,0.163
-0.049,0.082,0.321,0.093,0.14,0.193,0.328,0.244
0.02,0.23,0.306,-0.029,0.239,0.297,0.042,0.312
-0.039,0.178,0.112,0.088,0.035,0.189,0.224,0.038
0.136,0.128,0.235,-0.176,0.041,0.075,0.206,0.155
0.328,0.196,0.09,0.032,0.243,0.118,0.185,0.168
0.034,0.053,0.122,0.109,0.22,0.041,0.256,0.15
0.176,0.057,0.122,0.028,0.339,-0.15,0.12,0.097
0.093,0.085,0.048,0.028,0.142,0.152,0.209,0.262
0.32,0.162,-0.026,0.041,0.328,-0.064,0.226,-0.013
0.249,0.05,-0.14,-0.126,0.144,-0.084,0.052,0.003
0.057,-0.024,0.03,-0.17,0.206,0.015,0.137,0.053
0.045,-0.103,-0.206,0.13,0.217,-0.285,0.138,0.108
0.083,-0.183,-0.045,0.157,0.069,-0.093,0.114,0.048
-0.105,-0.054,0.04,-0.049,-0.069,-0.001,0.124,-0.218
0.026,-0.179,-0.142,-0.115,-0.042,0.19,0.04,-0.123
0.004,0.013,0.06,-0.081,-0.086,0.067,-0.268,-0.099
-0.128,0.008,0.128,-0.056,-0.137,0.075,-0.086,-0.166
0.015,-0.011,0.257,0.037,0.016,-0.077,-0.03,-0.102
0.114,-0.021,0.272,0.154,0.204,0.002,-0.005,-0.131
-0.053,0.008,0.01,0.055,0.036,0.039,0.008,-0.115
-0.078,0.071,0.131,0.205,-0.0,-0.162,0.002,0.078
0.037,0.074,0.23,0.23,0.063,0.156,0.166,0.091
0.075,0.247,-0.019,0.199,0.049,0.188,0.037,0.071
0.068,0.168,0.196,0.152,0.077,0.068,0.194,0.13
0.007,0.185,0.164,0.019,0.168,0.148,0.058,0.266
0.037,0.004,0.22,0.074,0.071,0.057,0.064,0.188
-0.046,0.169,0.009,-0.025,0.023,-0.102,-0.015,-0.025
-0.027,0.131,0.014,0.085,0.173,0.044,0.024,0.239
0.063,-0.013,-0.253,0.002,0.175,-0.06,-0.08,-0.038
-0.042,-0.043,-0.16,0.021,0.121,-0.087,0.091,0.017
-0.008,0.094,0.008,-0.099,-0.043,-0.026,0.131,-0.085
-0.172,-0.016,-0.24,-0.106,-0.186,0.034,0.186,0.029
0.012,-0.008,-0.075,-0.083,-0.042,-0.141,-0.2,0.081
-0.039,-0.101,-0.054,-0.013,-0.055,-0.035,-0.027,-0.04
0.087,0.0,-0.257,-0.157,-0.151,0.077,-0.17,0.005
-0.001,-0.026,0.054,-0.292,-0.071,-0.075,-0.133,0.063
0.013,-0.057,-0.112,-0.037,-0.181,0.051,-0.232,0.146
-0.023,-0.124,0.038,-0.14,-0.191,-0.092,-0.071,-0.111
-0.185,-0.114,-0.071,0.172,-0.017,-0.084,-0.201,0.04
-0.068,-0.003,0.017,0.051,-0.018,0.054,-0.062,-0.001
-0.147,-0.143,-0.147,-0.041,-0.082,0.092,-0.172,-0.155
-0.152,0.146,0.029,0.106,0.256,-0.082,-0.156,-0.036
-0.07,0.089,-0.147,0.016,0.043,0.002,0.057,-0.057
-0.215,0.176,0.23,0.031,0.149,0.021,0.19,-0.134
-0.209,0.029,0.047,-0.011,0.011,-0.037,-0.232,-0.15
-0.218,0.086,-0.128,-0.053,-0.039,0.002,0.09,-0.14
-0.143,0.089,0.021,0.207,-0.064,-0.041,0.347,-0.065
-0.028,0.132,-0.172,0.009,-0.327,0.157,-0.052,-0.248
-0.151,-0.085,-0.066,-0.035,-0.081,-0.05,0.008,-0.095
0.108,0.09,0.197,-0.13,-0.184,0.088,0.114,0.119
-0.04,-0.001,0.129,0.038,-0.055,-0.154,-0.026,-0.112
-0.126,-0.127,0.07,0.144,-0.161,-0.054,0.035,-0.005
-0.022,0.038,0.053,0.016,-0.11,-0.003,0.036,-0.013
-0.061,-0.046,0.141,0.04,0.036,0.041,-0.021,-0.077
-0.008,-0.068,0.136,0.061,-0.076,0.005,-0.041,-0.033
0.171,-0.026,-0.082,0.013,0.066,0.086,-0.049,-0.032
0.12,0.074,-0.041,0.039,-0.091,0.039,-0.092,0.011
0.046,-0.056,-0.155,0.193,-0.055,0.259,0.235,-0.065
0.159,-0.022,0.202,0.085,-0.131,0.059,-0.019,-0.055
0.164,0.341,0.096,0.011,-0.049,0.244,-0.104,0.04
0.177,0.15,0.066,0.075,0.007,0.073,0.22,0.133
0.018,0.018,-0.004,0.02,0.117,0.151,0.052,0.041
0.234,0.131,0.055,0.098,0.007,0.187,0.101,0.056
0.123,0.066,0.064,0.147,0.075,0.199,-0.036,0.184
0.041,0.107,0.013,-0.026,0.07,0.156,0.261,0.065
-0.046,-0.002,0.092,0.106,0.064,0.131,0.324,0.069
-0.113,0.192,0.105,-0.049,0.042,0.041,0.207,-0.017
-0.002,0.071,0.18,0.183,-0.095,-0.062,0.184,0.133
-0.023,-0.002,0.1,0.079,-0.006,0.152,0.103,0.029
0.092,0.067,0.191,0.046,0.149,0.002,0.007,0.131
0.029,-0.086,0.162,0.125,0.127,-0.014,0.077,0.073
0.06,0.171,0.192,0.118,0.153,0.119,0.237,0.129
0.104,0.053,0.118,0.041,0.078,0.052,0.169,0.142
0.011,0.15,0.22,0.189,0.203,0.241,0.047,0.114
0.036,0.042,0.023,0.077,0.177,0.202,0.1,0.097
-0.006,0.082,0.009,0.117,0.28,0.266,0.128,0.057
0.223,0.242,0.112,0.055,-0.046,0.261,0.254,0.131
0.087,0.014,0.214,0.169,0.146,0.092,0.301,0.211
-0.049,0.325,0.196,0.049,0.07,0.243,0.238,0.092
0.0,0.137,0.225,0.142,0.14,0.185,0.313,0.351
0.035,0.034,0.248,0.204,0.14,0.137,0.322,0.123
0.105,0.283,0.173,-0.059,0.034,0.0,0.255,0.098
0.114,0.245,0.209,-0.024,0.2,-0.168,0.1,0.202
0.123,0.033,0.149,0.08,0.13,-0.073,0.328,0.261
-0.026,-0.054,0.08,-0.105,0.115,0.026,0.206,0.207
0.335,0.011,-0.03,0.015,0.141,-0.026,0.15,0.133
0.218,-0.115,0.052,0.086,0.153,0.044,0.149,-0.003
0.098,0.008,0.11,0.065,0.074,0.137,0.091,0.265
0.071,0.103,0.27,0.078,0.379,0.251,0.151,0.076
-0.039,0.109,0.156,0.053,0.084,0.131,0.07,0.014
0.193,0.115,0.247,-0.071,0.143,0.138,0.141,-0.068
0.118,0.002,0.204,0.133,-0.153,0.068,0.177,0.016
-0.08,0.054,0.14,0.077,0.014,0.025,0.129,0.109
-0.028,-0.111,0.101,0.02,-0.061,0.066,-0.076,-0.015
-0.103,-0.039,0.111,-0.115,-0.009,0.015,0.086,-0.026
0.06,-0.084,-0.01,0.124,-0.099,0.048,0.088,0.083
0.106,-0.046,0.014,-0.015,0.06,-0.029,-0.198,0.099
-0.021,-0.155,-0.028,0.046,0.029,0.06,-0.146,-0.17
-0.063,-0.04,0.029,-0.077,-0.145,0.051,0.027,0.054
-0.139,0.002,-0.003,0.025,0.0,-0.095,0.079,0.036
0.042,-0.08,-0.025,0.084,0.123,0.037,-0.105,-0.102
0.084,0.223,0.058,0.032,0.017,0.076,-0.006,-0.119
-0.14,-0.065,-0.037,0.17,0.111,0.207,0.111,-0.138
-0.074,0.263,-0.152,0.085,0.163,0.005,0.026,-0.047
-0.033,0.057,0.065,0.066,-0.051,0.171,0.156,-0.042
0.036,0.239,-0.001,-0.03,-0.017,0.061,0.086,-0.115
-0.117,0.301,-0.159,0.049,0.064,0.068,0.191,0.149
-0.093,0.227,0.066,0.084,-0.016,0.078,0.011,-0.053
-0.24,-0.031,0.274,-0.088,0.113,0.118,0.03,0.192
-0.136,0.389,0.014,-0.093,-0.028,0.076,-0.002,0.18
-0.021,0.129,-0.04,-0.026,0.1,0.204,0.039,0.032
0.148,-0.037,0.008,0.13,0.218,0.036,0.278,0.105
-0.064,0.196,0.091,-0.01,-0.043,0.02,0.19,0.095
-0.02,0.291,-0.037,0.134,0.156,0.154,0.336,0.125
-0.005,0.039,-0.044,0.068,0.189,0.244,0.27,0.101
-0.038,-0.02,0.055,0.036,0.105,0.212,0.079,0.075
0.099,0.326,0.001,-0.042,0.249,0.206,0.371,0.07
-0.061,0.028,0.132,-0.085,-0.032,0.101,0.284,0.11
-0.035,-0.027,0.141,0.148,0.014,0.262,0.21,0.098
0.159,0.204,0.033,-0.003,-0.126,0.332,0.365,0.135
0.09,-0.061,0.19,0.075,-0.012,0.081,0.133,0.09
-0.038,0.248,0.219,0.098,0.176,0.141,0.387,0.084
0.113,0.044,0.177,-0.009,-0.083,0.058,0.22,0.001
0.02,0.081,0.235,0.037,0.012,0.257,0.018,0.072
0.053,0.2,0.137,0.044,0.017,0.158,0.155,0.139
-0.049,0.111,0.306,0.031,0.153,0.099,0.269,-0.076
-0.011,0.101,0.185,0.128,0.105,0.045,0.222,0.096
0.009,0.153,0.1,0.262,0.103,0.074,0.326,0.072
0.016,0.083,0.007,0.074,0.13,0.115,0.267,0.046
0.009,0.247,0.028,-0.054,0.127,0.06,0.216,-0.161
-0.042,0.134,0.257,0.197,0.062,0.107,0.244,-0.062
0.08,0.186,0.319,0.052,-0.036,0.183,0.322,0.018
-0.022,0.041,0.217,-0.115,0.067,0.136,0.165,0.135
-0.152,-0.022,0.081,0.198,0.012,0.106,0.262,0.0
0.042,0.123,0.19,0.062,-0.048,0.208,0.235,0.005
-0.105,-0.066,-0.087,0.119,-0.167,0.189,0.094,0.128
0.078,0.189,0.168,0.041,0.142,0.433,0.036,0.124
0.135,0.04,0.171,0.157,0.074,0.22,0.108,0.155
0.076,0.027,0.137,0.06,-0.07,-0.029,0.142,0.276
0.166,0.124,0.189,0.048,0.119,0.329,0.061,-0.102
0.235,0.116,0.158,0.005,0.275,0.345,-0.04,0.291
0.172,0.117,0.091,0.138,0.147,0.203,0.214,0.14
0.012,0.045,0.189,0.023,0.128,0.351,0.165,0.071
0.205,-0.07,0.248,0.236,0.321,0.026,0.211,0.151
0.141,0.319,0.151,0.034,0.065,0.235,0.241,0.124
0.124,-0.016,-0.069,0.061,0.117,0.088,0.189,0.283
0.075,0.098,0.238,0.176,0.199,-0.026,0.296,0.052
0.157,-0.082,0.11,0.004,0.117,-0.018,0.255,-0.039
0.131,0.033,0.051,0.097,-0.031,0.066,0.021,0.104
0.138,0.207,-0.291,0.104,0.22,0.093,0.004,0.106
0.188,0.157,-0.007,0.078,0.268,0.119,0.147,0.117
-0.026,0.017,0.167,0.085,0.348,0.06,0.12,0.188
0.188,0.061,-0.052,0.061,0.381,0.181,0.136,0.046
0.142,0.057,0.099,0.075,0.257,0.226,0.171,0.179
0.164,-0.024,0.101,0.114,0.199,-0.046,0.325,-0.036
0.261,-0.01,0.176,-0.056,0.28,0.073,0.164,0.023
0.037,0.139,-0.091,0.076,0.25,0.153,0.13,0.019
0.095,0.132,0.138,0.048,0.128,0.178,0.207,-0.085
0.146,0.104,0.176,-0.107,0.138,0.03,0.2,0.056
-0.049,0.044,0.059,0.144,0.27,0.01,0.247,-0.116
0.115,-0.013,-0.046,0.09,0.074,0.078,0.331,-0.054
-0.153,-0.022,0.116,0.05,0.034,0.057,-0.014,-0.006
-0.179,0.139,-0.09,0.248,0.054,0.041,-0.033,0.029
0.06,0.143,0.096,0.206,0.107,0.234,0.14,0.029
0.166,0.222,0.036,0.08,-0.003,-0.13,0.04,0.14
-0.012,0.198,0.158,0.097,0.089,0.143,0.239,0.167
0.13,0.258,-0.016,0.038,0.02,0.159,0.116,0.202
0.214,0.186,-0.021,-0.205,0.203,0.049,0.218,0.067
0.053,0.198,0.042,-0.099,0.145,0.182,0.195,0.187
0.091,0.066,-0.101,-0.1,0.142,0.003,0.233,0.094
0.101,-0.03,0.108,-0.138,0.239,-0.032,0.215,0.064
0.044,-0.114,0.053,0.016,0.045,0.057,0.182,0.206
0.073,-0.129,-0.035,-0.04,0.102,-0.078,0.044,-0.025
0.119,-0.118,0.06,-0.092,0.173,-0.126,0.133,0.047
0.055,-0.1,-0.044,0.051,0.158,-0.107,0.072,0.218
0.054,-0.201,0.025,0.059,-0.023,0.049,0.051,-0.102
0.05,0.021,-0.23,-0.073,-0.055,-0.049,-0.015,-0.02
0.029,-0.049,-0.025,-0.103,0.095,-0.006,-0.116,-0.114
-0.048,-0.045,-0.103,0.081,-0.041,-0.146,-0.097,-0.149
-0.194,0.059,-0.131,-0.113,-0.112,-0.073,-0.025,-0.012
-0.127,-0.016,-0.047,-0.062,-0.248,-0.109,-0.04,0.046
-0.1,-0.078,-0.182,-0.196,-0.201,-0.132,-0.103,0.044
0.05,-0.106,0.036,-0.059,0.019,-0.156,-0.066,-0.02
0.134,-0.153,-0.111,-0.14,-0.128,0.043,-0.068,-0.075
-0.006,-0.008,0.044,-0.068,-0.032,-0.047,-0.144,0.055
-0.025,-0.231,-0.095,-0.054,0.02,-0.055,0.117,-0.132
-0.208,-0.312,0.141,-0.112,0.08,0.035,-0.186,-0.1
0.029,-0.052,0.079,-0.11,0.006,0.155,-0.175,-0.106
-0.126,-0.125,-0.141,-0.242,0.025,0.189,-0.111,0.044
0.164,-0.099,0.046,-0.135,0.026,0.002,-0.213,-0.124
0.107,0.126,0.164,-0.221,-0.219,-0.041,0.043,-0.06
0.162,-0.147,0.281,0.01,0.045,-0.054,-0.061,-0.106
-0.041,0.094,0.148,-0.033,-0.006,-0.191,-0.119,-0.193
-0.123,0.008,-0.148,0.061,0.016,-0.004,-0.045,-0.131
-0.129,0.004,0.033,0.318,0.051,-0.234,-0.041,-0.104
-0.159,0.113,-0.131,-0.076,-0.184,-0.17,-0.106,-0.115
-0.061,-0.054,-0.114,0.012,-0.025,0.001,-0.089,0.073
-0.06,0.044,-0.047,0.061,-0.032,0.108,0.09,-0.081
-0.138,-0.004,-0.131,-0.002,-0.007,0.006,-0.084,-0.067
0.051,-0.026,-0.063,-0.073,0.081,0.083,-0.114,-0.138
-0.084,0.019,0.011,-0.065,0.004,-0.03,-0.043,-0.092
-0.094,0.015,0.025,-0.14,0.049,-0.056,0.0,-0.071
-0.05,-0.066,0.025,0.02,-0.063,0.056,0.196,0.045
-0.017,0.057,-0.115,-0.015,-0.113,0.024,-0.072,-0.016
-0.004,-0.19,-0.073,-0.0,-0.156,0.066,-0.017,-0.081
0.045,-0.034,-0.008,-0.032,-0.028,0.053,0.064,-0.022
-0.092,-0.14,0.049,0.245,-0.044,-0.087,-0.219,-0.061
-0.135,0.152,-0.044,-0.052,-0.009,0.002,-0.257,0.039
-0.103,-0.095,0.063,-0.031,0.006,-0.107,-0.051,0.059
-0.009,-0.131,0.06,-0.025,-0.202,0.011,-0.044,-0.139
-0.11,-0.161,0.048,-0.104,-0.085,-0.044,-0.171,0.149
-0.075,-0.314,0.057,0.104,0.097,-0.076,-0.281,-0.023
-0.13,-0.042,-0.059,0.025,-0.089,0.095,-0.287,0.021
0.016,-0.158,-0.079,0.192,0.007,-0.036,-0.221,-0.039
0.153,0.045,0.002,-0.013,-0.214,0.006,0.14,-0.046
-0.206,0.097,-0.169,0.001,-0.02,-0.139,0.028,-0.107
-0.099,-0.099,-0.151,-0.004,-0.032,-0.044,-0.083,-0.031
-0.112,-0.04,0.03,0.006,-0.076,-0.048,-0.126,0.013
-0.015,-0.041,-0.015,-0.084,-0.323,-0.016,-0.213,-0.074
-0.067,-0.04,-0.118,0.091,-0.003,0.061,0.056,-0.042
-0.138,0.052,-0.031,0.016,-0.131,-0.08,-0.173,-0.015
-0.024,-0.002,0.031,-0.189,0.051,0.043,-0.168,-0.016
-0.183,0.117,0.076,0.139,-0.129,0.069,0.035,-0.042
-0.175,-0.065,0.011,0.126,-0.022,-0.121,-0.072,-0.165
-0.308,0.138,-0.049,0.177,-0.081,0.087,-0.039,0.034
-0.167,0.318,0.062,-0.08,-0.204,-0.029,0.065,-0.063
-0.219,0.421,-0.027,0.036,0.006,-0.018,-0.037,-0.034
-0.234,-0.049,-0.17,0.023,-0.143,0.051,0.191,0.071
-0.037,-0.016,-0.044,0.056,-0.022,-0.004,0.051,0.058
0.029,0.043,-0.216,-0.06,-0.048,0.047,0.126,0.123
0.079,0.065,0.027,-0.113,-0.106,0.044,0.117,0.042
-0.074,-0.05,0.003,0.004,0.074,-0.049,-0.003,-0.051
-0.067,-0.047,0.003,-0.085,0.132,0.152,0.169,-0.197
0.049,0.028,0.095,-0.094,0.101,-0.005,0.013,-0.071
-0.215,-0.157,-0.107,-0.044,0.153,-0.039,-0.052,0.096
-0.041,0.064,-0.059,0.079,-0.015,0.109,0.118,-0.09
0.102,0.021,0.164,-0.128,0.07,-0.081,0.004,0.124
0.103,-0.027,0.116,-0.079,0.111,-0.112,-0.055,-0.116
0.016,-0.006,0.005,0.008,0.057,-0.148,-0.13,0.002
-0.03,-0.17,-0.023,-0.0,0.033,-0.039,-0.084,-0.028
0.089,-0.013,0.006,-0.001,0.209,-0.041,-0.196,-0.051
0.192,-0.216,-0.051,-0.083,0.058,0.037,-0.165,-0.184
-0.09,-0.034,-0.087,-0.042,-0.04,-0.25,-0.211,-0.02
-0.079,0.002,-0.161,0.022,0.027,-0.095,-0.171,0.021
0.027,-0.191,0.018,-0.043,-0.048,-0.051,-0.305,-0.14
-0.094,-0.069,-0.197,-0.237,0.016,-0.042,-0.157,-0.032
-0.01,-0.13,-0.111,-0.024,0.039,0.026,-0.277,-0.089
0.103,-0.184,0.12,-0.095,-0.025,-0.289,-0.079,-0.201
-0.256,-0.036,-0.047,-0.001,-0.001,-0.111,-0.1,-0.088
-0.012,-0.147,-0.02,0.183,-0.139,-0.048,0.014,-0.068
-0.09,0.285,-0.136,0.018,-0.163,-0.024,0.045,-0.107
-0.036,0.099,0.056,-0.045,-0.198,-0.18,0.019,-0.099
0.138,0.162,-0.012,0.12,-0.075,0.058,0.037,0.087
-0.104,0.108,-0.118,-0.037,-0.021,0.05,0.031,0.125
-0.148,-0.041,0.083,-0.025,-0.007,-0.038,0.006,-0.155
0.027,-0.055,0.087,-0.005,-0.036,0.025,-0.028,0.089
0.087,-0.085,-0.028,-0.186,-0.181,0.009,0.11,0.08
-0.068,-0.031,0.141,-0.169,0.004,0.006,0.195,-0.06
-0.134,-0.227,-0.117,-0.029,0.12,0.029,-0.269,-0.137
-0.02,-0.047,-0.095,-0.005,0.059,0.014,-0.006,-0.058
-0.041,-0.104,0.103,-0.232,-0.198,-0.027,0.166,-0.144
-0.219,-0.026,-0.03,-0.169,0.127,0.14,-0.217,-0.006
0.021,-0.075,0.056,-0.162,-0.129,0.082,0.134,0.055
-0.04,-0.22,-0.098,-0.187,-0.118,0.009,-0.021,-0.129
-0.179,-0.117,-0.063,0.012,0.15,-0.106,0.023,-0.062
-0.038,-0.116,0.177,-0.058,-0.16,-0.16,-0.3,0.093
0.014,-0.118,0.031,0.006,-0.118,-0.097,-0.17,-0.116
-0.297,-0.181,-0.21,0.053,-0.11,-0.11,-0.295,-0.237
-0.111,-0.047,-0.241,-0.038,-0.192,-0.077,-0.204,0.02
0.13,-0.111,-0.323,0.112,-0.211,-0.141,-0.332,-0.217
0.056,-0.108,-0.284,0.048,-0.173,0.036,-0.327,-0.138
0.032,-0.093,-0.194,-0.029,-0.21,-0.178,-0.23,-0.098
0.111,0.092,-0.118,-0.143,-0.019,-0.228,-0.159,-0.125
-0.183,0.07,-0.187,-0.224,-0.227,-0.053,-0.278,-0.169
0.126,-0.051,-0.163,-0.101,-0.059,-0.01,-0.229,0.135
-0.036,-0.09,-0.228,-0.048,0.053,-0.237,-0.048,0.156
0.104,-0.075,-0.228,-0.206,0.073,-0.256,-0.244,-0.097
0.052,-0.036,-0.128,0.033,0.069,-0.114,-0.147,0.082
0.067,-0.152,-0.338,-0.037,0.035,-0.268,-0.172,0.116
0.087,-0.222,-0.065,-0.012,-0.182,0.056,-0.124,-0.049
0.103,-0.232,-0.084,-0.058,-0.013,-0.035,-0.02,-0.086
0.094,-0.02,-0.262,-0.263,0.133,0.0,-0.039,-0.218
0.158,-0.063,-0.046,0.014,0.004,0.106,-0.131,0.013
0.06,-0.136,-0.221,0.055,0.028,-0.092,-0.2,-0.153
0.135,-0.199,0.004,-0.082,0.112,-0.047,-0.069,-0.007
0.005,-0.13,-0.284,0.012,-0.007,-0.149,-0.166,-0.107
0.053,-0.007,-0.006,-0.111,-0.129,-0.043,-0.272,-0.21
0.025,-0.079,-0.006,-0.014,0.027,-0.077,-0.114,-0.141
0.042,-0.111,-0.081,-0.051,-0.069,-0.188,-0.102,-0.038
-0.035,-0.143,-0.056,-0.079,-0.017,0.01,-0.001,-0.222
-0.222,-0.149,-0.026,0.3,-0.063,0.023,-0.039,-0.28
-0.27,-0.0,-0.059,-0.058,0.081,0.072,-0.077,-0.044
-0.341,0.051,0.047,0.172,-0.203,0.225,-0.139,-0.299
0.056,-0.087,0.049,-0.058,-0.251,-0.055,0.039,-0.05
-0.073,0.103,0.048,-0.037,-0.122,0.071,0.188,0.076
0.112,-0.22,0.013,0.166,-0.159,0.121,-0.013,0.072
0.223,-0.01,0.136,0.094,-0.198,0.168,0.029,0.072
0.107,0.163,-0.119,-0.143,-0.01,0.107,0.051,-0.001
-0.003,0.076,0.054,-0.074,-0.045,0.05,0.003,-0.024
0.048,0.009,0.153,-0.062,-0.06,-0.05,-0.089,-0.024
-0.047,-0.091,-0.037,-0.035,0.063,-0.038,0.003,-0.055
0.075,0.105,-0.109,-0.003,-0.194,-0.035,-0.044,-0.07
0.019,-0.17,-0.197,-0.004,-0.024,0.048,-0.068,-0.091
0.056,-0.037,-0.262,0.111,-0.142,-0.052,-0.039,0.028
-0.074,-0.007,-0.123,-0.03,-0.061,-0.104,-0.025,0.017
0.102,-0.051,-0.293,0.018,0.041,-0.015,-0.229,-0.155
0.04,-0.146,-0.242,-0.109,0.066,-0.045,-0.094,0.084
-0.096,0.023,-0.208,0.01,0.036,-0.142,-0.164,-0.04
-0.087,0.012,-0.119,0.051,-0.131,0.027,-0.017,-0.004
-0.2,0.171,-0.091,-0.109,0.085,-0.013,-0.041,-0.148
-0.185,0.047,-0.013,-0.052,0.089,-0.175,-0.029,-0.125
-0.086,-0.26,-0.085,0.021,-0.162,-0.307,-0.044,0.078
-0.186,0.023,-0.286,-0.105,-0.068,-0.059,-0.062,-0.026
-0.095,0.001,-0.224,-0.086,-0.105,-0.262,-0.101,-0.168
-0.165,-0.14,-0.102,-0.026,-0.025,-0.126,-0.226,0.072
-0.158,-0.073,-0.24,0.159,0.006,-0.057,-0.071,0.161
-0.026,-0.021,-0.132,0.019,-0.244,-0.028,-0.059,-0.031
0.137,0.064,-0.129,0.094,-0.113,0.188,0.041,0.272
-0.012,0.16,-0.038,-0.29,-0.011,0.208,-0.171,0.115
0.197,-0.085,0.059,-0.104,-0.006,-0.099,0.149,-0.025
0.096,-0.09,-0.07,-0.01,0.008,-0.191,0.142,0.195
0.034,-0.016,-0.12,-0.06,-0.057,-0.198,-0.018,0.04
-0.051,-0.101,-0.129,-0.055,-0.036,0.027,0.062,0.02
0.062,0.036,-0.177,0.024,-0.144,-0.032,-0.171,0.145
0.177,-0.024,0.093,0.113,-0.056,-0.02,-0.307,0.056
0.168,0.043,-0.071,0.061,-0.222,-0.066,-0.167,-0.218
0.04,-0.179,-0.092,0.084,0.106,-0.06,-0.357,0.011
0.095,0.085,-0.024,0.112,-0.008,-0.118,0.033,0.038
0.106,0.054,-0.104,0.073,-0.105,0.027,-0.0,0.117
0.051,0.077,-0.066,-0.005,0.138,0.097,0.011,0.296
-0.0,0.068,-0.034,0.021,0.141,0.147,-0.083,0.034
-0.018,0.223,0.085,-0.116,0.275,-0.028,0.265,-0.159
0.005,0.052,0.185,0.084,0.096,0.05,0.26,0.055
0.054,0.0,0.121,0.004,0.271,0.046,0.259,0.031
-0.072,0.038,0.292,-0.1,0.1,-0.077,0.18,0.123
0.139,0.131,0.16,0.199,0.116,0.1,0.24,0.073
-0.029,0.029,0.023,0.027,0.111,0.086,0.104,0.136
-0.06,0.228,0.11,-0.003,0.192,0.163,0.073,0.025
-0.12,0.063,0.221,-0.201,0.04,0.087,0.233,0.222
0.023,0.041,0.021,0.024,0.097,-0.041,0.382,0.019
-0.02,0.088,0.075,0.017,0.105,0.089,0.17,0.052
0.037,-0.027,0.106,0.061,0.155,-0.064,0.169,-0.011
0.224,-0.013,-0.007,0.101,-0.005,0.008,0.289,0.046
0.187,-0.143,-0.063,0.195,0.047,0.081,0.014,0.303
0.068,0.199,0.124,-0.019,0.022,0.092,-0.019,0.045
0.093,0.114,-0.034,0.023,0.252,0.025,0.206,0.108
0.021,0.062,-0.137,0.033,0.191,0.119,0.032,-0.047
0.036,0.065,0.227,-0.021,0.186,0.119,0.322,0.046
-0.018,0.102,0.068,-0.083,0.1,0.017,0.053,-0.06
-0.031,0.108,-0.108,0.059,0.192,-0.009,0.308,0.095
-0.082,-0.025,0.091,-0.164,0.107,-0.008,0.248,0.194
-0.052,0.037,0.056,-0.062,-0.003,0.101,0.163,0.029
-0.05,-0.266,-0.022,-0.052,-0.016,0.107,0.008,-0.059
0.096,-0.232,0.059,0.046,0.152,-0.039,0.046,0.126
0.034,0.025,0.065,-0.112,0.018,-0.056,-0.058,-0.097
0.014,-0.083,-0.012,-0.042,0.041,-0.11,0.013,0.034
0.094,-0.035,0.037,-0.041,-0.116,0.021,-0.135,-0.07
