x0,x1,x2,x3,x4,x5,x6,x7,x8,x9
0.027,0.047,0.014,-0.033,-0.031,-0.07,0.161,-0.048,-0.097,-0.119
0.219,-0.112,0.062,-0.104,0.052,0.171,0.139,-0.078,0.001,0.006
0.004,0.018,0.131,-0.115,0.03,0.073,-0.017,0.121,-0.018,-0.079
0.026,-0.196,0.307,0.074,0.023,0.079,0.115,0.056,-0.123,-0.036
-0.103,-0.069,0.058,0.128,-0.239,0.215,-0.15,-0.016,-0.095,-0.12
-0.106,-0.071,-0.159,-0.031,0.012,0.082,-0.0,0.021,0.093,-0.022
-0.166,-0.282,0.259,0.139,0.068,0.15,-0.013,0.053,-0.187,-0.004
-0.06,-0.116,-0.079,0.266,-0.071,0.091,-0.165,0.045,0.024,-0.089
-0.017,-0.049,0.033,0.089,0.137,-0.119,-0.144,0.182,-0.007,0.087
0.047,-0.02,-0.03,-0.07,0.104,0.086,0.1,0.08,0.028,0.112
0.187,0.046,-0.176,0.04,0.061,0.045,-0.04,0.03,0.201,0.029
0.123,0.045,-0.087,-0.107,0.005,0.05,-0.146,0.126,0.159,0.268
0.332,0.037,-0.068,-0.174,-0.054,0.181,-0.047,0.046,0.233,0.007
0.333,0.041,-0.042,-0.094,-0.045,-0.203,0.14,0.025,0.171,0.22
0.251,-0.134,0.009,0.027,-0.089,-0.071,0.044,-0.111,0.306,0.001
0.15,-0.131,0.038,-0.004,0.063,0.048,0.094,-0.16,0.036,-0.101
0.03,-0.15,0.045,-0.033,0.01,0.106,0.059,0.049,0.245,0.222
0.101,0.008,-0.036,0.041,0.197,-0.11,-0.03,-0.077,0.185,0.225
0.053,0.007,-0.106,-0.14,0.115,-0.083,-0.196,-0.006,-0.034,0.186
-0.062,0.081,0.041,0.139,0.013,-0.005,-0.244,-0.192,0.14,0.174
0.059,0.151,-0.144,0.091,0.09,0.184,-0.063,-0.032,0.139,0.219
-0.143,0.143,-0.091,0.078,-0.178,-0.085,-0.127,0.003,0.034,0.154
-0.033,0.06,-0.111,0.046,-0.17,-0.089,0.026,-0.127,0.204,0.062
-0.053,0.134,-0.127,0.107,-0.078,-0.077,0.178,0.079,0.155,0.076
0.166,-0.018,-0.029,-0.027,-0.004,-0.035,-0.104,-0.129,0.312,-0.169
0.12,-0.061,0.024,0.015,-0.154,-0.016,0.232,0.123,0.145,-0.075
0.071,0.036,0.136,-0.082,0.101,-0.085,-0.031,0.115,0.173,-0.111
0.334,-0.13,0.048,-0.131,-0.0,-0.166,-0.018,-0.02,0.112,0.029
-0.094,-0.107,0.104,0.013,-0.072,-0.056,-0.028,0.006,-0.046,-0.142
0.157,0.158,0.154,0.01,0.018,-0.03,0.037,-0.021,-0.039,0.006
-0.04,-0.024,0.061,0.025,0.057,0.012,0.061,0.123,0.025,-0.066
-0.088,0.0,0.093,0.148,0.069,0.034,-0.041,0.152,0.036,0.071
0.125,-0.048,-0.115,0.099,-0.073,0.105,0.058,0.212,-0.134,-0.071
0.122,0.091,0.026,-0.053,-0.049,0.214,0.04,0.306,0.118,-0.103
-0.159,0.169,-0.196,0.04,0.112,0.119,0.096,0.169,-0.069,-0.204
0.049,0.015,-0.007,-0.075,0.207,0.107,-0.02,0.242,0.047,0.154
0.131,0.047,-0.05,0.071,0.111,-0.085,0.163,0.283,-0.002,0.066
-0.051,0.108,0.029,-0.077,0.135,-0.262,0.154,0.141,0.019,0.128
0.096,0.196,0.103,0.079,0.104,-0.094,-0.061,0.225,0.01,0.019
-0.024,0.11,0.098,-0.219,0.09,-0.046,0.118,0.132,0.189,0.104
0.081,0.168,0.077,0.217,-0.054,-0.082,0.38,0.11,-0.213,0.046
0.039,0.065,0.063,0.009,0.022,0.113,0.067,-0.011,-0.07,-0.056
0.034,0.004,0.365,0.089,-0.049,0.155,0.071,-0.022,-0.078,0.002
-0.125,-0.011,0.152,0.117,0.169,0.031,-0.095,0.216,-0.105,-0.012
0.047,0.024,0.081,-0.09,0.011,-0.035,0.144,0.114,-0.165,0.043
-0.046,-0.012,0.018,-0.038,-0.062,0.328,0.024,0.008,-0.115,-0.005
-0.227,-0.236,0.005,-0.007,0.229,0.229,0.06,0.144,-0.112,0.017
-0.275,0.046,0.125,-0.114,0.175,0.061,0.073,0.033,-0.057,0.123
-0.231,-0.137,0.122,-0.228,-0.046,-0.022,-0.018,0.093,0.025,-0.098
-0.31,-0.071,-0.039,-0.009,0.185,0.052,-0.057,0.082,-0.122,0.113
-0.168,0.104,0.053,-0.102,0.049,0.049,-0.061,0.036,0.149,-0.086
0.004,0.152,-0.194,-0.074,-0.021,0.067,0.051,-0.039,-0.011,-0.166
-0.056,0.189,-0.053,-0.153,0.105,-0.097,-0.034,0.027,0.268,-0.081
0.024,0.078,-0.224,-0.121,-0.154,-0.008,-0.02,0.04,0.156,-0.013
-0.053,0.178,-0.055,0.038,0.039,-0.083,0.17,-0.071,0.086,-0.213
0.108,0.06,-0.034,-0.028,-0.031,-0.159,0.294,-0.073,0.157,0.014
0.0,-0.087,0.007,0.014,0.136,-0.098,0.093,0.083,0.101,-0.071
0.183,-0.077,0.158,-0.004,-0.051,-0.203,0.069,0.17,-0.018,-0.177
-0.118,-0.08,-0.076,0.078,0.0,-0.003,0.044,-0.012,-0.198,0.109
-0.027,-0.08,0.133,-0.034,0.039,-0.207,-0.016,0.033,0.038,0.056
-0.044,-0.078,0.036,0.143,-0.187,-0.108,-0.187,-0.017,-0.109,-0.126
-0.296,-0.166,0.052,-0.073,-0.13,-0.127,-0.132,0.036,0.015,0.018
-0.071,-0.073,-0.103,-0.126,-0.215,0.161,-0.265,-0.131,0.011,0.028
-0.036,-0.023,-0.018,-0.086,-0.187,-0.036,-0.032,-0.059,-0.087,-0.043
-0.049,-0.268,-0.172,-0.069,-0.142,-0.037,-0.235,-0.027,0.028,0.018
-0.021,0.06,-0.126,-0.178,-0.002,0.126,-0.173,-0.082,-0.1,-0.094
-0.123,-0.178,0.049,-0.085,-0.17,-0.04,-0.006,-0.04,0.135,-0.012
0.029,-0.114,-0.243,-0.269,-0.206,-0.012,-0.168,-0.136,0.057,-0.053
-0.001,0.04,-0.046,-0.161,-0.21,-0.12,0.133,0.009,-0.166,0.081
-0.104,-0.131,-0.142,-0.062,-0.022,-0.102,-0.066,-0.045,0.043,0.099
-0.096,-0.134,-0.092,-0.198,-0.128,-0.04,-0.107,-0.109,-0.184,-0.143
-0.051,-0.011,-0.155,-0.176,-0.021,0.073,-0.098,-0.156,0.064,-0.01
0.002,-0.125,-0.194,-0.073,-0.213,-0.076,0.035,-0.188,0.236,0.059
-0.092,-0.167,-0.017,-0.011,0.036,-0.101,-0.124,-0.184,-0.078,0.068
0.108,-0.176,-0.096,-0.048,-0.13,-0.099,-0.208,-0.101,0.166,-0.031
-0.017,-0.049,-0.123,-0.092,-0.098,-0.061,-0.207,-0.145,-0.149,-0.098
0.003,0.006,-0.23,-0.037,-0.054,-0.013,-0.285,-0.036,0.002,-0.121
0.069,0.095,-0.108,0.025,-0.188,-0.021,-0.156,-0.087,-0.082,-0.018
-0.032,0.006,-0.151,0.01,-0.123,-0.036,-0.018,-0.034,-0.131,-0.178
-0.055,-0.035,-0.155,-0.074,-0.055,-0.174,-0.129,0.042,-0.003,-0.148
0.049,-0.075,-0.19,0.051,-0.323,0.214,0.016,0.099,0.054,-0.109
0.026,-0.09,-0.237,-0.023,-0.006,0.094,-0.093,0.028,-0.098,-0.103
0.116,-0.065,-0.138,-0.096,-0.218,-0.028,0.262,-0.009,0.011,0.052
-0.015,-0.061,-0.127,-0.063,0.11,-0.117,0.155,0.082,-0.083,-0.185
0.063,-0.148,-0.244,0.036,0.062,-0.1,0.092,-0.111,0.161,0.053
0.07,-0.085,0.118,-0.003,0.13,-0.098,0.004,0.057,0.114,-0.083
0.141,-0.05,0.003,-0.096,-0.121,-0.109,0.051,-0.22,-0.023,-0.04
0.04,-0.024,-0.165,-0.12,0.09,-0.168,-0.079,-0.15,0.113,0.056
-0.282,0.01,0.118,-0.036,0.066,0.057,-0.042,-0.171,0.008,0.121
-0.122,-0.258,-0.054,0.057,0.027,0.01,0.042,-0.01,-0.045,0.077
0.112,0.046,-0.164,-0.053,0.192,-0.083,-0.031,-0.263,0.075,0.087
-0.029,-0.042,-0.071,-0.04,-0.028,-0.029,0.001,-0.051,0.198,0.114
-0.009,0.024,-0.036,-0.047,0.059,0.013,-0.049,-0.035,-0.108,0.14
0.05,-0.004,-0.026,-0.022,0.14,-0.173,-0.139,-0.062,-0.039,0.013
-0.123,0.027,-0.151,0.079,-0.013,0.0,0.017,-0.091,0.035,-0.029
-0.056,0.089,0.002,0.23,0.062,-0.018,0.198,0.139,-0.027,0.07
-0.039,0.07,-0.074,0.004,0.046,-0.035,0.06,0.179,-0.037,-0.05
-0.106,-0.179,-0.067,0.083,0.007,0.069,0.182,0.002,0.095,-0.06
0.086,0.062,0.017,0.081,0.059,-0.151,0.213,0.157,0.221,0.037
0.003,0.044,0.0,0.199,0.004,-0.013,0.002,0.004,-0.011,0.236
-0.035,-0.057,0.115,-0.024,0.098,0.09,-0.013,0.037,0.058,-0.025
0.008,0.043,0.157,0.081,-0.011,0.065,0.129,0.11,-0.012,0.067
-0.035,0.057,0.102,0.234,0.11,-0.201,-0.071,-0.025,-0.112,0.309
0.013,-0.148,0.113,0.06,0.173,0.114,0.218,0.114,0.118,0.13
-0.07,0.08,0.107,-0.001,0.09,0.134,0.037,0.139,0.155,0.127
-0.045,0.04,0.008,0.121,0.077,-0.339,0.05,0.009,0.034,0.213
-0.116,0.069,0.122,0.012,0.253,0.078,0.177,-0.135,0.044,0.148
0.116,0.095,0.242,0.191,0.091,-0.002,-0.179,0.079,0.257,0.153
0.048,0.24,0.107,-0.086,0.12,0.031,-0.029,0.076,0.244,-0.174
-0.019,0.123,0.154,0.129,-0.02,0.116,-0.06,0.105,0.005,0.096
0.201,0.024,0.088,-0.073,-0.12,0.031,0.035,0.005,0.111,0.171
-0.019,-0.069,0.051,0.153,-0.047,0.138,0.101,-0.0,0.131,-0.155
-0.033,-0.038,0.221,-0.011,0.14,0.264,0.07,-0.088,0.117,0.014
0.275,-0.21,0.297,0.003,-0.016,0.016,-0.02,0.095,-0.026,-0.124
0.016,-0.133,-0.083,0.122,0.031,0.037,0.024,0.138,-0.093,-0.128
-0.067,-0.047,0.13,0.015,0.118,-0.019,0.054,0.235,0.088,0.006
0.134,-0.169,0.084,-0.028,-0.021,0.137,-0.076,0.088,0.068,-0.081
-0.103,-0.015,0.105,0.041,0.086,-0.175,-0.118,0.084,-0.151,0.034
-0.04,-0.178,0.06,0.27,0.091,0.044,0.083,0.054,0.136,0.08
0.112,-0.012,-0.024,-0.117,-0.028,-0.114,0.012,0.109,-0.185,0.07
0.03,0.127,0.036,0.117,-0.177,-0.007,0.054,0.034,0.016,-0.098
-0.06,0.001,-0.149,-0.073,-0.007,0.066,0.075,0.083,0.153,0.14
0.088,-0.099,0.003,0.155,0.064,-0.113,0.001,0.117,0.051,-0.021
0.162,-0.112,-0.084,0.072,0.053,-0.155,-0.003,-0.232,-0.028,-0.058
-0.125,0.014,-0.158,-0.13,-0.142,-0.117,-0.11,-0.101,0.224,0.02
-0.023,0.085,0.031,0.119,0.011,-0.116,-0.081,-0.018,0.176,0.026
-0.084,-0.159,-0.237,-0.082,0.0,0.011,0.19,-0.063,0.057,0.06
0.018,-0.018,-0.175,-0.042,-0.063,-0.054,-0.003,-0.06,0.014,-0.061
-0.111,-0.02,0.054,-0.309,0.039,-0.14,-0.014,-0.064,-0.022,-0.054
-0.012,-0.128,-0.158,-0.145,0.04,-0.034,-0.06,-0.236,-0.129,-0.065
-0.112,0.098,-0.021,0.033,-0.116,-0.246,0.053,-0.166,-0.388,-0.272
-0.032,-0.036,-0.11,0.045,0.011,-0.034,-0.055,-0.149,-0.111,-0.032
-0.287,-0.004,-0.046,-0.246,-0.011,-0.08,-0.184,0.068,-0.182,-0.27
-0.152,-0.143,-0.102,0.067,-0.187,-0.145,0.011,-0.092,-0.024,-0.078
-0.078,-0.097,-0.081,0.062,-0.18,-0.161,-0.307,0.005,-0.283,0.007
-0.159,-0.149,-0.128,-0.061,0.081,-0.072,-0.103,-0.065,-0.153,-0.012
-0.17,-0.078,-0.19,-0.03,-0.088,-0.072,-0.26,0.081,-0.016,-0.101
0.178,-0.233,0.055,-0.01,0.037,0.063,-0.132,0.036,-0.104,0.036
0.01,-0.13,-0.178,-0.085,-0.016,-0.097,-0.124,-0.068,-0.078,0.158
-0.147,-0.295,-0.112,-0.122,0.006,-0.232,-0.267,-0.171,0.056,-0.095
0.087,-0.081,-0.162,0.001,-0.101,-0.222,-0.071,-0.065,-0.047,0.027
-0.049,-0.217,-0.067,0.056,-0.139,-0.137,-0.166,-0.092,0.02,-0.163
-0.112,-0.056,0.019,-0.023,-0.204,-0.264,-0.066,-0.135,-0.025,0.091
-0.003,-0.032,-0.081,-0.118,-0.177,-0.051,-0.148,-0.048,-0.051,-0.175
0.059,-0.191,-0.102,-0.22,-0.018,-0.224,-0.146,0.224,-0.06,-0.099
0.069,-0.112,-0.055,-0.175,-0.239,0.005,-0.231,-0.094,-0.006,-0.079
-0.014,-0.084,-0.061,0.136,-0.04,-0.108,-0.108,-0.168,-0.055,0.031
0.175,0.029,-0.112,-0.273,-0.174,-0.141,-0.161,-0.05,-0.201,-0.115
-0.034,-0.028,0.076,-0.152,-0.238,-0.022,-0.074,-0.008,0.01,-0.04
0.064,-0.1,-0.172,0.084,-0.122,0.099,-0.139,-0.378,-0.211,-0.064
-0.046,-0.207,-0.064,-0.038,-0.037,0.022,-0.016,0.019,-0.172,-0.048
0.061,-0.104,-0.021,0.083,-0.172,-0.107,-0.061,-0.132,-0.176,-0.11
0.035,-0.136,-0.03,0.06,-0.192,-0.03,-0.047,-0.075,0.067,-0.13
0.071,0.014,-0.08,0.021,-0.022,-0.316,-0.037,-0.012,-0.024,-0.09
-0.078,-0.129,-0.072,0.014,-0.223,-0.064,-0.069,-0.167,0.016,-0.094
-0.111,-0.124,-0.028,-0.123,-0.038,-0.0,-0.295,-0.086,0.104,-0.032
0.066,-0.026,-0.203,-0.037,-0.115,-0.271,-0.033,0.211,-0.132,-0.09
0.022,-0.134,-0.212,0.028,-0.115,-0.197,-0.053,0.078,0.016,0.04
-0.055,-0.322,-0.151,0.078,-0.274,-0.196,-0.183,-0.053,0.03,-0.125
-0.014,-0.105,-0.086,0.036,-0.267,-0.269,-0.234,0.081,-0.103,-0.05
0.046,-0.169,-0.149,0.176,-0.228,-0.096,-0.098,0.05,0.079,-0.188
0.1,-0.293,-0.144,0.036,-0.177,-0.011,-0.251,0.034,-0.034,-0.439
0.032,-0.024,-0.22,-0.165,-0.028,-0.143,-0.235,0.032,-0.23,-0.218
0.072,-0.104,-0.254,-0.192,-0.168,-0.064,-0.22,0.038,-0.057,-0.216
-0.021,-0.193,-0.178,-0.07,-0.032,-0.168,-0.173,-0.021,-0.248,-0.221
0.061,-0.054,-0.096,-0.469,-0.185,-0.15,-0.036,-0.16,-0.184,-0.225
-0.021,-0.054,-0.045,-0.363,-0.447,-0.081,-0.213,0.056,-0.221,-0.186
-0.055,-0.265,-0.21,-0.032,-0.135,-0.183,0.005,-0.402,-0.298,-0.212
-0.203,-0.194,0.02,-0.205,-0.153,-0.159,-0.041,-0.267,-0.118,-0.49
-0.196,-0.043,0.023,0.032,-0.237,-0.121,-0.285,-0.217,-0.253,-0.284
-0.177,-0.246,0.022,-0.082,-0.176,-0.044,0.076,-0.17,-0.312,-0.079
-0.337,-0.094,-0.148,-0.02,-0.052,-0.326,-0.233,-0.219,-0.224,-0.005
-0.265,-0.108,-0.227,-0.144,-0.198,-0.088,-0.044,0.113,-0.191,-0.168
-0.233,-0.11,0.059,-0.121,-0.128,0.042,-0.187,-0.133,-0.249,-0.272
-0.185,-0.072,-0.278,-0.05,0.024,-0.156,-0.109,-0.123,-0.154,-0.137
-0.23,-0.121,-0.207,0.117,-0.17,-0.074,-0.171,-0.137,-0.301,-0.121
-0.32,-0.04,0.055,-0.143,0.004,-0.019,0.011,0.05,-0.112,-0.312
-0.384,-0.193,-0.049,-0.025,-0.124,0.068,-0.113,-0.085,0.053,-0.099
-0.246,-0.245,0.011,-0.108,-0.22,0.019,-0.126,-0.036,-0.293,-0.102
-0.128,0.084,0.195,-0.244,-0.007,0.11,-0.105,-0.11,-0.15,-0.131
-0.303,-0.047,-0.067,-0.073,-0.195,0.125,0.064,-0.139,-0.055,-0.106
-0.251,-0.263,0.129,-0.059,-0.047,0.135,-0.156,-0.13,-0.256,-0.253
-0.173,-0.142,0.014,-0.12,0.042,0.061,-0.207,-0.0,-0.181,0.037
-0.259,-0.062,0.202,-0.097,-0.183,0.018,-0.122,-0.041,-0.204,-0.001
-0.268,-0.008,-0.26,0.037,0.142,0.018,-0.147,0.019,-0.172,-0.072
-0.24,0.025,-0.01,0.057,-0.127,0.26,-0.077,0.032,0.128,0.038
-0.198,-0.239,-0.199,-0.058,-0.199,-0.048,-0.125,-0.073,0.119,-0.054
-0.075,0.008,-0.057,-0.179,0.147,0.018,-0.015,-0.081,-0.144,0.101
-0.049,-0.013,-0.244,0.002,-0.002,-0.023,-0.071,0.049,0.095,0.158
-0.043,-0.044,-0.139,-0.195,-0.0,-0.174,-0.102,0.046,-0.019,0.051
-0.031,-0.03,-0.119,-0.174,-0.001,-0.094,0.015,-0.089,0.025,0.062
0.041,-0.142,-0.267,-0.137,-0.014,-0.048,0.033,-0.032,0.056,0.237
-0.105,-0.03,-0.271,-0.256,-0.052,-0.324,-0.063,-0.16,0.04,-0.056
0.035,0.004,-0.154,-0.097,-0.026,-0.02,-0.216,-0.038,0.251,0.17
0.041,-0.097,-0.173,-0.19,-0.014,-0.126,0.055,-0.119,0.089,0.174
-0.054,-0.0,-0.156,-0.29,0.017,-0.144,-0.165,-0.079,0.034,0.097
-0.012,-0.014,-0.295,-0.167,-0.129,-0.133,0.009,-0.051,0.274,0.022
-0.069,-0.061,-0.121,-0.09,-0.003,-0.191,-0.064,-0.217,0.183,-0.137
0.124,-0.186,0.055,0.063,-0.053,-0.147,0.08,-0.216,0.164,0.131
0.119,-0.138,-0.115,-0.057,0.046,0.121,-0.045,-0.034,-0.003,-0.104
0.285,0.007,-0.136,-0.168,0.007,-0.079,0.132,-0.093,0.075,-0.055
0.262,-0.186,0.112,-0.158,-0.057,0.022,-0.068,0.038,0.069,0.132
-0.099,-0.016,-0.0,-0.154,0.179,0.006,-0.086,-0.028,-0.174,0.042
0.181,0.17,-0.134,-0.267,-0.007,0.063,-0.094,-0.064,-0.02,0.109
-0.065,-0.086,-0.115,-0.068,0.099,-0.031,-0.127,-0.083,0.152,0.043
-0.197,-0.023,0.038,-0.068,0.052,0.171,0.014,-0.111,0.018,0.068
-0.089,0.016,-0.265,-0.132,0.157,-0.066,-0.102,-0.192,0.073,-0.054
0.096,0.014,-0.039,-0.132,0.047,0.027,-0.12,-0.116,0.111,0.15
-0.062,0.013,-0.113,-0.159,-0.052,0.073,-0.101,-0.205,-0.134,0.253
-0.024,0.072,-0.055,-0.276,-0.084,-0.011,-0.084,-0.083,0.129,0.104
0.077,-0.037,-0.009,-0.183,-0.02,0.103,-0.161,0.007,0.069,0.137
0.072,0.139,-0.039,-0.054,-0.265,-0.034,-0.053,0.086,0.14,0.103
-0.04,0.167,-0.058,-0.169,-0.022,0.059,0.02,0.001,0.024,0.103
0.062,0.036,0.107,-0.15,-0.312,-0.003,-0.042,-0.008,0.212,-0.119
0.058,-0.031,-0.173,-0.088,-0.222,0.24,0.024,-0.002,0.097,-0.154
0.02,0.079,-0.029,-0.184,0.062,0.043,-0.09,0.176,0.069,-0.198
0.142,-0.127,-0.09,-0.059,-0.126,-0.125,-0.071,-0.103,-0.106,-0.322
-0.102,-0.267,-0.157,-0.012,-0.084,-0.002,-0.068,0.025,-0.213,-0.085
-0.158,0.061,0.008,-0.112,-0.082,-0.12,-0.041,-0.023,-0.285,-0.025
-0.173,-0.088,-0.051,0.077,0.012,0.033,-0.127,-0.081,-0.343,-0.131
-0.102,-0.024,-0.031,-0.183,0.072,-0.193,-0.154,-0.128,-0.068,-0.027
-0.193,-0.031,0.042,-0.154,-0.174,-0.158,0.029,-0.057,-0.231,0.101
-0.293,-0.128,-0.128,-0.035,-0.026,-0.23,-0.113,0.045,-0.179,-0.213
-0.061,0.031,0.032,0.02,-0.095,-0.122,-0.024,-0.083,0.012,-0.066
-0.2,0.034,-0.101,0.001,-0.026,-0.294,0.102,0.092,-0.01,0.125
-0.115,-0.056,-0.021,-0.012,-0.002,-0.223,-0.127,0.077,-0.204,0.001
-0.237,0.017,0.149,-0.044,-0.065,-0.137,-0.116,0.045,0.04,0.108
-0.091,-0.037,-0.043,0.067,-0.171,0.015,0.139,0.082,-0.076,-0.084
-0.053,0.117,-0.103,0.052,-0.155,-0.057,0.022,-0.04,0.014,0.005
0.018,0.013,0.118,-0.015,-0.147,0.005,0.033,-0.165,-0.009,-0.099
0.069,-0.05,-0.173,-0.055,-0.157,-0.081,-0.196,0.082,0.063,-0.189
-0.066,0.032,0.058,0.045,0.046,0.061,0.034,-0.111,-0.171,-0.107
-0.015,-0.076,0.031,0.041,-0.167,-0.023,0.06,-0.102,-0.082,-0.046
-0.101,-0.152,-0.29,-0.238,-0.141,0.113,-0.114,-0.151,-0.068,0.019
-0.124,0.138,-0.023,-0.188,-0.144,-0.096,-0.015,-0.183,-0.073,-0.078
-0.169,0.061,-0.013,-0.127,-0.062,0.057,-0.076,0.034,0.128,-0.099
-0.088,-0.054,-0.127,-0.079,-0.078,-0.271,-0.085,-0.157,0.075,-0.059
-0.205,0.062,-0.114,-0.093,-0.154,-0.052,-0.081,-0.014,-0.12,-0.076
0.096,0.036,0.091,-0.044,-0.052,-0.18,0.001,-0.101,-0.135,0.061
-0.227,0.056,0.152,-0.143,0.148,-0.178,-0.031,-0.068,-0.028,-0.129
-0.058,-0.058,0.015,-0.077,0.034,-0.03,-0.021,0.024,-0.206,-0.071
0.013,-0.118,0.121,0.123,0.102,-0.039,0.098,0.193,-0.034,0.138
-0.067,0.292,-0.12,-0.081,-0.006,-0.038,0.101,-0.196,-0.16,0.072
0.043,-0.005,0.224,-0.072,0.081,-0.02,0.094,-0.025,0.179,0.01
-0.228,-0.011,0.061,0.002,0.213,0.137,0.162,-0.013,-0.034,-0.032
-0.073,0.048,0.064,0.096,0.131,0.258,0.072,0.064,-0.121,0.06
-0.192,0.05,0.24,-0.161,0.031,0.104,0.294,-0.053,-0.034,0.019
-0.249,-0.05,0.28,0.059,0.107,0.009,0.117,0.086,0.055,0.1
-0.148,-0.064,0.197,0.062,0.154,0.034,-0.06,0.063,0.005,0.136
-0.282,0.005,0.274,-0.066,0.191,0.144,-0.032,-0.107,-0.069,0.212
-0.09,0.039,0.015,0.121,-0.078,0.026,0.023,0.011,0.194,0.068
-0.02,0.089,-0.064,0.226,-0.028,0.097,-0.109,-0.044,0.182,0.059
-0.258,0.137,-0.135,0.118,-0.025,0.003,0.016,0.011,-0.035,0.172
-0.07,-0.04,-0.101,0.167,0.02,0.102,-0.095,-0.071,0.075,-0.064
0.106,-0.15,-0.191,-0.069,0.065,-0.078,0.02,0.031,-0.007,0.1
-0.135,0.07,-0.08,0.025,-0.105,0.026,0.012,-0.202,0.198,0.096
0.01,0.084,-0.049,-0.04,0.02,-0.069,0.046,-0.06,0.037,-0.039
0.16,0.008,0.008,-0.131,0.102,-0.167,-0.012,-0.023,0.166,0.094
-0.024,0.082,-0.164,0.086,-0.027,-0.022,0.025,0.052,0.02,0.077
0.158,0.118,-0.036,-0.072,-0.035,-0.242,-0.08,0.221,0.103,-0.004
0.24,0.135,-0.203,-0.069,-0.072,-0.087,0.031,-0.055,-0.035,0.061
-0.031,0.016,-0.111,-0.154,0.04,-0.032,0.042,0.045,-0.012,-0.026
0.138,-0.027,0.007,-0.197,0.101,0.016,0.191,-0.161,0.017,0.082
0.177,0.067,0.174,-0.126,0.235,-0.084,-0.012,-0.159,0.142,0.056
-0.064,0.016,-0.092,-0.195,0.182,-0.08,0.193,-0.136,-0.116,-0.081
0.066,0.148,0.114,-0.02,0.157,-0.025,0.167,-0.202,-0.015,0.218
0.141,0.155,0.081,0.052,0.037,0.095,0.192,-0.007,-0.07,0.016
0.037,0.206,0.205,-0.067,0.068,-0.049,0.242,0.035,0.184,0.161
-0.18,0.066,0.229,0.109,0.01,0.092,0.181,-0.142,0.13,0.149
0.005,0.058,0.154,0.121,0.014,0.093,0.324,0.12,-0.052,0.102
0.021,0.124,0.24,0.127,0.1,0.215,0.338,-0.036,0.045,0.023
0.11,0.084,0.169,0.241,-0.03,0.153,0.196,-0.138,0.042,0.239
-0.133,0.057,0.198,0.04,0.105,0.214,0.148,0.173,0.015,0.253
-0.069,0.235,0.14,-0.005,0.102,0.232,-0.096,-0.081,0.029,-0.002
-0.062,-0.027,0.054,0.05,0.243,0.323,0.135,-0.132,0.07,0.055
-0.007,0.244,0.149,0.068,0.23,0.13,-0.045,0.133,-0.05,0.176
-0.11,0.095,-0.023,0.087,0.033,0.142,0.077,-0.057,0.005,0.186
0.087,-0.037,0.258,0.034,0.319,-0.073,-0.021,0.026,-0.121,0.182
0.092,0.153,0.097,-0.004,0.109,-0.061,-0.055,-0.11,0.181,0.24
0.122,0.002,-0.005,0.224,0.241,0.007,0.228,0.05,0.216,0.205
0.241,0.029,0.139,0.059,0.169,0.086,0.045,0.053,0.183,0.119
0.196,0.292,0.181,0.068,0.079,0.066,-0.011,-0.029,0.152,0.066
0.173,0.145,-0.013,0.174,0.046,0.138,0.043,0.033,0.072,0.154
0.16,0.123,0.026,-0.005,0.009,-0.067,0.189,-0.14,-0.069,-0.019
0.246,0.137,0.052,0.182,-0.017,0.006,0.133,0.029,-0.178,0.24
0.176,0.011,0.145,0.04,0.06,0.058,0.036,0.101,-0.02,0.027
-0.018,0.099,0.074,-0.002,-0.079,-0.101,-0.153,-0.052,0.079,0.019
0.029,-0.088,-0.121,-0.029,-0.058,0.189,0.139,0.165,-0.178,0.045
-0.07,-0.181,-0.07,0.121,-0.004,-0.015,-0.054,-0.17,-0.01,-0.028
0.173,-0.153,-0.106,0.031,-0.152,-0.033,0.112,0.058,-0.046,-0.036
-0.004,0.014,-0.041,0.014,0.092,0.038,-0.007,0.131,0.087,-0.12
-0.001,-0.166,0.041,-0.063,-0.018,-0.132,-0.109,0.184,-0.004,-0.2
0.013,-0.198,0.081,-0.125,-0.018,0.149,0.074,0.144,-0.082,0.122
0.182,-0.0,0.034,-0.067,0.008,0.025,0.039,-0.115,0.139,0.138
-0.102,0.066,-0.04,0.054,-0.019,-0.023,0.039,0.134,0.0,-0.093
0.049,0.098,-0.014,-0.131,0.092,-0.046,0.174,-0.031,-0.029,-0.07
0.134,-0.032,-0.017,-0.15,-0.055,-0.012,0.119,-0.017,-0.006,0.14
0.0,0.139,0.133,-0.024,0.075,0.023,0.065,-0.117,0.022,0.004
0.134,0.149,0.012,-0.113,-0.039,0.23,0.251,-0.005,-0.04,-0.017
0.046,-0.049,0.017,0.139,0.031,0.119,0.216,-0.223,-0.024,0.051
0.101,0.15,0.106,-0.105,-0.06,0.08,0.049,0.011,0.042,-0.134
0.089,0.219,0.294,0.047,0.032,0.122,0.268,0.127,0.001,0.072
0.023,0.251,0.091,0.044,0.153,0.165,-0.03,-0.048,-0.096,-0.222
-0.053,0.188,0.354,0.086,-0.005,-0.031,0.163,0.013,0.01,-0.039
-0.049,0.058,0.295,0.03,0.274,0.197,0.298,-0.025,0.143,0.183
-0.022,0.229,0.207,0.202,0.085,0.047,0.139,-0.053,0.076,0.06
0.111,0.299,0.174,0.323,0.062,0.097,0.223,0.107,0.157,0.131
-0.015,0.121,0.376,0.118,0.142,0.279,0.266,0.083,0.113,0.247
0.254,0.156,0.243,0.382,0.156,0.404,0.109,0.1,0.122,-0.058
0.129,-0.012,0.199,0.29,0.243,0.341,0.285,0.295,0.064,0.247
0.047,0.129,0.253,0.215,0.126,0.224,0.191,0.213,0.138,0.119
0.142,0.215,0.194,0.207,0.31,0.338,0.068,0.291,0.353,0.118
0.16,0.034,0.138,0.192,0.214,0.338,0.326,0.086,0.469,0.171
0.205,0.164,0.063,0.313,0.146,0.156,0.127,0.19,0.152,-0.029
0.287,-0.13,0.055,0.119,-0.035,0.189,0.13,0.282,0.102,0.153
0.016,0.282,0.038,0.167,0.061,0.142,0.084,0.137,0.192,0.069
0.173,0.13,-0.039,0.127,0.064,-0.182,0.086,0.226,0.157,-0.024
-0.09,-0.032,0.107,0.028,0.145,0.033,-0.068,0.085,0.159,0.071
0.039,0.075,0.198,-0.159,-0.178,0.016,0.049,0.184,0.13,0.062
0.211,-0.052,0.097,-0.058,-0.005,-0.121,-0.059,0.099,0.182,0.019
-0.032,-0.052,0.095,0.017,0.044,0.134,0.058,-0.071,0.027,0.015
0.103,-0.216,0.04,0.109,0.077,0.063,-0.165,-0.103,0.086,0.081
0.03,0.03,0.129,-0.045,-0.154,-0.02,0.149,-0.07,-0.024,-0.048
-0.154,0.11,0.117,-0.06,-0.136,0.074,0.017,0.002,-0.221,0.082
-0.027,0.103,0.02,0.086,-0.028,0.036,0.094,-0.026,0.126,-0.099
-0.033,-0.093,0.023,0.079,-0.014,0.021,0.172,-0.162,-0.065,-0.019
-0.226,0.102,0.088,-0.122,-0.11,0.051,0.057,0.072,-0.17,-0.006
-0.113,-0.122,-0.144,-0.057,0.098,-0.071,-0.0,-0.104,0.02,0.025
-0.301,-0.077,0.102,-0.056,0.101,-0.01,0.006,0.049,0.036,-0.097
-0.103,0.025,0.167,-0.056,0.01,0.04,-0.059,0.031,0.016,-0.123
-0.069,0.003,0.077,-0.312,0.055,-0.11,-0.041,0.089,-0.019,-0.149
0.031,-0.124,0.045,0.078,0.061,0.012,-0.018,-0.162,0.037,-0.137
-0.195,0.025,-0.006,-0.044,0.103,0.049,-0.06,0.187,0.04,-0.041
-0.131,0.13,0.082,0.072,-0.003,0.049,0.021,0.025,-0.204,0.032
0.117,0.159,-0.039,0.083,0.171,-0.024,-0.139,-0.124,-0.058,-0.018
0.015,0.045,0.046,0.138,-0.014,-0.092,-0.067,0.093,0.09,-0.022
0.097,0.019,0.208,0.13,-0.089,-0.007,-0.01,0.074,-0.054,-0.072
0.059,0.03,-0.002,-0.071,-0.161,-0.004,-0.011,-0.092,0.013,-0.057
0.074,-0.052,-0.077,0.071,-0.016,0.188,-0.025,0.122,-0.03,0.019
-0.08,-0.07,0.066,0.079,0.016,0.036,-0.089,0.163,-0.006,-0.102
0.135,-0.028,-0.007,0.134,-0.027,0.04,-0.131,-0.049,0.23,-0.094
-0.002,-0.142,0.006,0.066,-0.091,0.017,0.057,0.049,-0.032,-0.03
-0.12,-0.15,-0.009,0.017,0.03,0.08,-0.116,0.013,0.003,-0.025
0.202,0.027,-0.02,0.023,-0.159,-0.026,-0.09,-0.126,0.101,0.103
0.024,-0.159,0.013,0.049,-0.061,0.01,-0.114,-0.114,-0.095,-0.086
0.035,-0.066,-0.373,-0.038,-0.135,-0.078,-0.097,-0.076,-0.126,-0.12
-0.056,-0.072,-0.032,-0.06,0.07,0.013,-0.187,0.023,-0.122,0.055
0.018,-0.084,-0.186,-0.028,-0.046,-0.038,0.047,0.093,-0.027,0.062
0.003,0.007,-0.011,-0.1,0.074,-0.046,-0.083,-0.055,0.004,0.201
-0.199,-0.031,0.053,-0.066,-0.033,-0.141,0.032,-0.076,0.088,0.058
-0.152,-0.11,0.136,-0.169,-0.033,-0.148,-0.107,0.033,0.19,0.125
0.034,-0.018,0.063,0.059,0.041,0.02,-0.044,-0.167,0.082,0.037
-0.086,-0.219,-0.209,0.045,0.076,-0.057,-0.132,-0.099,-0.032,0.231
0.099,-0.09,0.02,0.075,0.112,-0.19,-0.134,-0.035,0.0,-0.034
0.054,0.192,-0.043,-0.026,0.1,-0.09,-0.199,-0.109,-0.057,0.297
-0.008,0.002,0.083,-0.055,0.139,0.042,-0.193,-0.005,0.16,0.113
-0.057,0.253,0.057,-0.034,0.098,0.002,-0.026,-0.221,0.049,0.105
-0.129,0.087,0.085,-0.004,0.046,0.036,0.097,0.112,0.143,-0.004
0.075,-0.008,0.019,0.112,0.245,-0.032,-0.098,0.109,0.07,0.314
0.04,0.006,0.013,-0.013,-0.016,0.146,0.086,0.041,0.051,0.102
0.014,0.157,-0.026,0.044,0.187,-0.073,0.141,0.272,0.167,0.064
0.056,0.164,-0.074,-0.015,-0.17,0.168,-0.07,0.059,0.196,0.2
0.003,0.198,-0.073,0.089,-0.029,0.068,0.077,0.034,0.096,-0.028
0.07,0.133,0.053,-0.061,-0.034,-0.183,0.1,0.136,0.051,0.045
-0.026,0.08,0.117,0.103,-0.135,-0.024,0.071,0.038,0.028,-0.025
0.031,0.143,0.022,-0.017,-0.005,0.0,0.026,-0.008,-0.052,-0.024
0.053,0.022,0.058,0.006,-0.034,-0.031,0.152,-0.044,0.06,-0.121
-0.054,-0.013,0.129,0.025,-0.075,0.01,0.019,0.042,-0.121,-0.057
-0.162,0.053,0.061,-0.151,-0.007,-0.09,-0.255,-0.099,-0.056,-0.016
0.136,0.049,0.055,0.004,-0.088,0.096,0.065,0.063,-0.172,0.086
-0.165,0.224,0.096,0.154,-0.13,0.071,-0.05,-0.022,-0.219,0.033
0.04,0.085,-0.117,0.026,-0.138,-0.096,0.013,0.005,-0.022,0.007
-0.154,0.006,-0.106,0.083,-0.166,0.078,0.078,0.22,0.007,0.044
-0.206,-0.019,-0.012,0.023,-0.017,0.202,-0.021,0.198,-0.032,-0.113
0.121,0.055,0.068,-0.056,-0.108,-0.053,-0.063,0.157,0.079,0.035
0.16,0.015,-0.047,-0.108,-0.124,0.087,0.038,0.087,-0.031,-0.197
-0.117,0.038,-0.062,0.061,-0.077,-0.041,-0.131,0.229,-0.155,-0.072
0.152,-0.148,-0.086,-0.017,-0.19,0.01,-0.14,-0.04,0.063,-0.114
0.096,0.051,-0.094,0.152,-0.049,0.142,-0.061,-0.035,0.15,-0.072
-0.088,0.003,-0.002,-0.09,0.073,-0.063,-0.014,0.184,-0.019,-0.308
0.072,-0.157,-0.073,-0.009,-0.141,0.036,-0.102,-0.091,0.053,0.031
-0.118,-0.104,-0.105,-0.196,-0.101,0.091,0.179,-0.109,-0.032,-0.08
-0.182,0.148,0.001,-0.086,0.094,-0.01,0.022,0.165,-0.189,-0.136
-0.094,-0.086,0.106,-0.105,-0.044,0.082,-0.189,-0.07,-0.005,-0.036
-0.062,0.05,-0.055,-0.003,-0.002,0.079,-0.184,0.128,-0.011,0.1
0.066,0.198,-0.045,-0.015,-0.082,0.067,-0.032,-0.113,0.138,-0.059
0.077,-0.295,-0.02,0.053,-0.035,-0.104,-0.059,-0.178,0.051,-0.2
0.072,0.031,0.009,0.084,-0.18,0.109,-0.049,0.17,-0.194,0.039
0.054,-0.117,0.102,-0.051,0.031,-0.129,0.059,-0.082,-0.148,0.037
-0.002,-0.079,-0.024,-0.048,0.051,0.222,0.133,-0.07,0.076,-0.047
-0.075,-0.012,-0.026,0.185,0.015,0.082,-0.04,0.029,0.034,-0.114
0.051,-0.016,0.086,0.144,0.13,0.173,-0.007,-0.043,-0.002,-0.032
-0.234,0.062,0.103,0.096,-0.008,0.145,-0.033,0.132,-0.073,0.016
-0.151,-0.026,0.056,0.117,-0.006,0.065,-0.03,0.045,-0.08,-0.026
-0.113,0.145,-0.194,0.127,0.073,0.156,0.089,0.167,0.11,0.002
-0.088,-0.095,0.183,0.09,-0.022,0.02,-0.095,0.18,0.15,0.118
-0.075,-0.139,0.036,0.018,0.072,0.18,-0.223,0.074,0.177,-0.028
-0.019,-0.108,-0.139,-0.054,-0.051,-0.09,0.005,0.02,0.122,0.108
0.143,0.089,-0.022,0.063,0.05,0.092,0.004,0.063,0.244,-0.111
0.075,-0.049,-0.103,-0.174,-0.012,-0.16,0.015,-0.016,0.232,0.074
0.106,-0.167,0.103,0.025,0.087,-0.215,0.088,0.06,-0.001,-0.083
0.099,-0.039,-0.079,-0.198,-0.061,-0.08,0.069,-0.041,-0.013,-0.045
0.034,0.022,-0.11,-0.133,-0.036,0.072,0.154,-0.28,-0.087,0.291
0.007,0.047,0.131,-0.045,0.25,0.029,0.098,-0.03,-0.021,0.032
0.026,0.013,0.048,-0.154,0.092,0.051,0.042,0.011,-0.022,0.132
0.138,0.16,-0.004,-0.034,0.015,-0.08,0.228,-0.3,0.061,0.097
0.054,0.15,-0.001,0.038,0.164,-0.172,-0.098,0.019,0.114,0.081
-0.069,0.118,-0.089,-0.009,-0.174,-0.03,0.063,-0.085,0.132,0.124
0.053,0.075,0.249,-0.018,0.177,-0.054,0.196,-0.242,-0.037,-0.04
0.012,0.024,0.159,0.174,0.065,0.016,0.038,-0.114,0.082,0.114
-0.111,0.048,0.061,-0.033,-0.096,-0.01,-0.046,-0.17,-0.082,-0.019
-0.22,0.013,0.108,0.139,0.094,0.053,0.203,0.056,0.052,-0.017
0.01,-0.107,0.156,0.108,-0.143,0.067,-0.037,-0.016,-0.07,-0.235
0.004,0.116,0.161,0.071,-0.002,0.046,-0.16,0.186,0.001,-0.063
0.041,0.048,0.136,0.203,0.007,0.09,0.009,0.101,-0.042,-0.043
-0.034,0.142,-0.149,0.077,0.054,-0.026,0.022,0.04,-0.065,-0.025
0.075,-0.016,0.023,0.103,-0.178,0.063,-0.077,-0.097,-0.145,0.201
0.014,-0.049,0.113,0.015,0.015,0.06,0.04,0.056,0.071,-0.19
0.054,0.108,0.168,-0.021,-0.106,0.105,0.139,0.083,-0.178,0.006
-0.013,-0.025,0.056,-0.068,0.121,0.091,0.072,0.008,-0.219,-0.089
-0.258,0.106,0.176,0.086,-0.116,0.033,-0.035,-0.114,-0.257,0.102
-0.263,0.098,0.082,0.04,0.062,0.127,0.2,-0.086,-0.084,0.096
-0.292,0.11,0.255,0.016,0.008,0.134,0.063,0.014,-0.07,-0.14
-0.187,-0.166,0.098,0.175,-0.043,0.147,0.069,-0.045,0.106,0.077
-0.296,0.186,0.15,0.272,0.135,0.046,0.116,-0.06,-0.01,-0.069
-0.227,0.027,0.212,0.234,0.019,0.287,-0.063,0.076,-0.064,-0.018
0.002,-0.066,0.034,0.114,0.198,0.264,-0.074,0.154,-0.05,-0.082
-0.206,0.178,0.256,0.063,0.041,0.077,0.002,0.164,0.004,0.157
-0.077,0.143,0.101,0.051,0.14,0.269,-0.186,-0.013,0.005,0.055
-0.005,0.087,0.078,-0.007,0.063,0.029,0.052,0.117,0.01,-0.046
-0.163,-0.098,0.154,0.358,-0.03,0.071,0.053,0.27,-0.025,0.078
-0.226,-0.017,-0.073,-0.022,-0.005,-0.12,0.183,0.013,-0.061,-0.003
-0.053,0.049,0.046,0.056,0.038,-0.079,0.057,0.108,-0.106,0.017
-0.02,-0.025,0.155,-0.081,0.181,-0.007,-0.028,0.303,-0.164,-0.231
-0.088,-0.113,0.068,0.009,0.073,-0.048,0.086,0.19,0.052,-0.02
-0.234,0.109,0.138,0.187,-0.042,0.033,0.097,-0.029,-0.119,-0.002
-0.064,-0.012,0.057,-0.006,0.108,-0.052,-0.033,0.012,-0.107,-0.127
-0.109,-0.165,0.304,0.23,0.09,-0.027,-0.012,0.154,-0.055,-0.075
-0.018,0.12,0.087,-0.036,-0.004,-0.037,0.064,0.076,-0.07,-0.013
0.017,0.057,0.088,0.039,-0.031,0.075,0.04,0.064,0.053,0.056
-0.077,0.048,0.211,0.27,-0.173,0.204,-0.061,0.068,-0.033,0.029
-0.244,-0.091,0.146,-0.009,-0.07,0.15,-0.046,0.256,-0.135,0.139
-0.216,-0.055,-0.043,0.073,-0.06,0.128,0.018,-0.018,-0.017,0.13
-0.022,0.004,-0.305,0.182,-0.029,0.228,-0.193,0.085,0.047,-0.009
-0.134,-0.072,0.04,0.066,0.13,0.042,-0.152,0.205,0.002,0.056
-0.017,-0.007,-0.007,0.106,-0.161,-0.169,-0.15,0.025,-0.063,0.013
-0.034,0.021,-0.219,-0.062,0.014,0.129,0.096,-0.024,0.056,0.053
0.031,-0.028,-0.046,0.133,-0.164,0.051,0.063,0.204,0.243,0.042
0.126,-0.04,0.076,0.038,-0.091,-0.072,0.049,-0.093,-0.033,-0.02
-0.023,0.254,-0.172,0.126,0.183,-0.173,0.113,0.063,0.205,-0.04
0.015,0.086,-0.045,-0.027,-0.085,0.003,0.2,0.055,0.066,0.006
0.012,-0.015,0.137,-0.075,0.065,-0.22,0.066,0.133,0.146,-0.107
-0.118,0.065,0.036,-0.03,0.129,-0.066,0.15,0.159,0.282,-0.014
0.209,-0.035,0.08,-0.192,-0.18,-0.075,0.248,0.034,0.072,0.074
0.081,-0.111,-0.076,0.209,0.149,-0.055,0.07,-0.016,0.225,0.069
0.098,0.208,0.009,0.047,0.081,0.083,-0.003,-0.08,0.215,0.016
0.139,-0.142,-0.058,-0.024,-0.044,0.062,-0.01,0.055,0.145,0.125
0.251,-0.067,0.154,-0.021,0.072,-0.098,0.11,0.074,-0.054,0.167
0.096,0.141,0.072,0.003,-0.086,-0.147,0.089,0.112,0.172,0.097
0.064,0.046,0.019,-0.109,-0.063,-0.124,-0.008,0.094,-0.012,0.027
-0.003,0.144,-0.004,-0.165,-0.133,-0.121,0.145,-0.082,0.069,0.171
0.051,0.082,0.088,0.013,0.009,0.052,-0.0,0.168,0.166,-0.028
-0.031,0.083,-0.075,0.01,-0.025,-0.01,0.113,-0.039,-0.074,-0.089
0.048,0.067,0.151,0.023,0.066,0.197,0.191,-0.085,0.034,0.105
-0.06,0.112,0.101,-0.012,0.106,0.19,-0.071,-0.044,0.033,-0.035
0.045,0.224,0.012,-0.053,0.066,-0.023,0.111,-0.222,-0.037,0.097
-0.134,0.256,-0.078,-0.082,0.006,0.029,0.048,0.021,0.192,0.063
-0.013,0.152,0.009,0.044,-0.006,0.293,0.206,-0.11,0.099,-0.026
0.086,0.048,-0.111,-0.002,0.032,-0.071,0.057,-0.073,0.142,0.024
-0.03,0.033,0.073,0.088,-0.017,0.089,0.268,0.045,0.127,-0.216
-0.022,0.153,0.035,0.01,0.143,0.033,0.058,-0.08,-0.027,-0.134
-0.007,0.021,0.104,0.07,0.42,0.131,0.108,-0.023,0.124,0.186
0.022,0.258,0.078,0.166,0.145,0.052,0.186,0.051,0.085,0.101
-0.094,0.209,0.075,0.15,0.146,0.029,-0.05,0.007,0.1,0.131
0.213,0.2,0.123,0.025,0.003,0.012,0.126,0.008,0.096,0.117
0.175,-0.02,0.007,0.011,0.068,0.128,0.3,0.043,0.131,0.08
0.035,0.023,-0.021,0.227,0.176,0.196,0.042,0.015,0.167,-0.02
0.2,0.125,0.018,-0.011,0.101,0.257,-0.058,0.141,0.081,0.025
0.09,-0.046,0.143,0.11,0.193,0.017,0.232,0.095,0.145,-0.073
0.04,0.116,-0.0,0.331,-0.078,0.123,0.187,0.02,0.217,0.048
0.24,-0.01,-0.165,-0.009,0.023,0.11,0.057,0.208,0.112,0.01
-0.026,0.086,0.015,0.11,0.078,0.241,0.127,-0.121,0.163,0.017
0.198,0.121,-0.088,0.057,0.003,-0.04,0.183,0.322,0.056,-0.071
0.055,-0.141,-0.066,-0.068,0.205,0.079,0.068,0.083,-0.135,0.167
-0.0,-0.073,-0.094,-0.072,0.154,0.01,0.044,-0.032,0.022,0.096
0.186,0.186,-0.016,-0.144,0.256,-0.286,0.073,0.161,0.105,0.059
-0.036,-0.099,-0.077,0.012,0.142,-0.1,-0.281,0.143,0.053,0.219
-0.092,0.07,-0.076,-0.097,0.096,0.016,-0.063,0.037,0.109,0.077
0.363,0.089,0.008,0.027,-0.071,-0.134,-0.161,0.103,0.104,0.146
0.091,0.044,-0.049,0.086,-0.074,-0.26,-0.145,0.012,0.305,0.209
0.154,-0.187,-0.086,0.013,-0.017,-0.131,0.066,0.041,0.064,0.051
0.2,0.114,-0.046,0.043,0.006,-0.264,-0.107,-0.075,0.001,-0.137
0.016,0.056,0.12,-0.026,-0.126,0.034,-0.039,-0.039,0.158,0.142
0.124,0.066,-0.058,0.17,-0.084,-0.186,-0.108,-0.131,0.022,-0.011
0.021,0.054,-0.005,0.213,0.008,-0.149,0.222,0.147,0.029,-0.122
0.172,-0.079,-0.087,-0.003,0.082,0.025,0.004,-0.001,-0.08,-0.274
0.095,0.109,-0.018,-0.068,-0.137,-0.097,-0.044,-0.04,-0.023,0.048
0.117,0.224,-0.035,-0.048,0.198,0.033,0.201,0.0,-0.025,-0.119
0.034,-0.014,-0.045,-0.045,-0.1,0.097,0.183,0.066,-0.315,0.007
-0.013,0.073,-0.102,-0.063,0.19,-0.049,0.091,-0.04,-0.054,0.038
